Order ID,Order Date,Ship Date,Ship Mode,Customer ID,Customer Name,Segment,Region,Category,Sub-Category
CA-198797,2024-10-06,2025-05-01,Second Class,CUST-4170,Ruben Ramirez,Home Office,South,Technology,Copiers
CA-233440,2023-06-12,2025-05-05,First Class,CUST-1196,Jesse Ortega,Home Office,Central,Furniture,Furnishings
CA-691533,2024-04-18,2025-04-24,Standard Class,CUST-2985,Kathryn Castro,Corporate,East,Furniture,Chairs
CA-277218,2023-11-02,2025-05-07,First Class,CUST-2412,Sharon Taylor,Consumer,South,Office Supplies,Labels
CA-311967,2023-07-15,2025-04-14,First Class,CUST-3728,David Murillo,Corporate,South,Office Supplies,Binders
CA-990541,2023-09-20,2025-04-17,Same Day,CUST-6746,Gabriel Donaldson,Home Office,East,Office Supplies,Storage
CA-500069,2024-11-03,2025-05-08,Standard Class,CUST-6658,Colleen Rose,Corporate,West,Office Supplies,Storage
CA-701472,2023-08-12,2025-04-23,First Class,CUST-4421,Grant Garcia,Home Office,East,Office Supplies,Storage
CA-670780,2024-12-11,2025-04-28,Second Class,CUST-8240,Mr. Robert Le Jr.,Home Office,South,Office Supplies,Storage
CA-497042,2025-03-21,2025-04-17,Second Class,CUST-8318,Ryan Alvarez,Corporate,South,Furniture,Furnishings
CA-438588,2024-06-24,2025-05-04,Second Class,CUST-6579,Jamie Clark,Consumer,Central,Furniture,Chairs
CA-110647,2023-11-27,2025-05-06,First Class,CUST-5407,Mark Wright,Corporate,South,Office Supplies,Binders
CA-450439,2024-09-23,2025-04-12,First Class,CUST-2133,Tyler Flores,Home Office,Central,Office Supplies,Labels
CA-541703,2024-08-10,2025-04-22,First Class,CUST-4767,Ashley Harrington,Home Office,East,Office Supplies,Binders
CA-868444,2024-12-31,2025-04-26,Same Day,CUST-7568,Taylor Day,Consumer,South,Office Supplies,Paper
CA-243523,2023-11-26,2025-05-04,Standard Class,CUST-8297,Stephen Meza,Consumer,South,Furniture,Bookcases
CA-542569,2024-10-25,2025-04-18,First Class,CUST-3337,Lauren Gonzalez,Home Office,Central,Furniture,Furnishings
CA-556978,2023-12-14,2025-04-30,Standard Class,CUST-7804,Jessica Taylor,Consumer,South,Furniture,Chairs
CA-999214,2025-02-13,2025-04-22,Standard Class,CUST-6138,Frank Butler,Home Office,East,Furniture,Chairs
CA-947973,2025-01-05,2025-05-05,Standard Class,CUST-1524,Robin Martinez,Corporate,West,Office Supplies,Binders
CA-431867,2023-09-02,2025-05-07,First Class,CUST-3050,Katherine Rodriguez,Corporate,Central,Technology,Copiers
CA-673639,2024-12-08,2025-05-06,Standard Class,CUST-9800,Monica Williams,Consumer,South,Furniture,Tables
CA-129071,2024-06-15,2025-04-23,Same Day,CUST-9684,Ashley James DDS,Home Office,East,Technology,Accessories
CA-216070,2025-01-21,2025-04-12,Same Day,CUST-9869,Kathleen Allen,Corporate,East,Furniture,Furnishings
CA-758620,2024-07-10,2025-04-25,Standard Class,CUST-7646,Ashley Wilkerson,Consumer,Central,Technology,Accessories
CA-313149,2023-11-25,2025-04-24,Same Day,CUST-6363,Lori Bradford,Consumer,Central,Office Supplies,Labels
CA-893613,2025-03-27,2025-05-04,Same Day,CUST-4737,Brenda Newman,Corporate,Central,Office Supplies,Paper
CA-616111,2024-07-16,2025-04-30,Standard Class,CUST-2965,Anthony Lamb,Consumer,East,Furniture,Chairs
CA-930209,2024-11-13,2025-04-15,Same Day,CUST-2863,Mr. Brad Price,Corporate,East,Technology,Copiers
CA-522549,2024-07-21,2025-04-24,First Class,CUST-4773,Valerie Ellis,Home Office,Central,Office Supplies,Art
CA-844927,2023-05-10,2025-04-21,Same Day,CUST-5259,Taylor Jensen,Home Office,East,Office Supplies,Art
CA-419746,2025-03-14,2025-04-11,Second Class,CUST-5622,Jennifer Floyd,Consumer,West,Furniture,Furnishings
CA-651123,2024-05-04,2025-04-29,Same Day,CUST-5600,Jessica Owens,Consumer,West,Technology,Phones
CA-722089,2024-08-13,2025-04-28,Second Class,CUST-6388,Jimmy Macdonald,Corporate,South,Office Supplies,Labels
CA-583454,2024-02-11,2025-04-12,Standard Class,CUST-2342,Timothy Hayes,Corporate,West,Furniture,Chairs
CA-494199,2023-06-01,2025-05-06,Standard Class,CUST-5349,Laurie Richards DDS,Consumer,South,Office Supplies,Art
CA-191307,2023-07-10,2025-05-07,Second Class,CUST-4475,Rebecca Stewart,Corporate,Central,Technology,Accessories
CA-280002,2023-10-08,2025-04-15,Standard Class,CUST-9835,Kelli Hill,Home Office,Central,Office Supplies,Storage
CA-975721,2024-05-11,2025-04-16,First Class,CUST-2230,Terry Day,Consumer,South,Furniture,Tables
CA-506300,2023-11-22,2025-04-24,Same Day,CUST-4920,Zachary Jackson,Corporate,South,Furniture,Tables
CA-485607,2024-05-26,2025-05-07,Second Class,CUST-2209,Tanner Wood,Consumer,South,Technology,Phones
CA-143170,2024-10-07,2025-04-26,First Class,CUST-2680,Martha Hill,Home Office,East,Office Supplies,Storage
CA-939132,2023-06-21,2025-04-20,Same Day,CUST-6110,Nichole Foster,Home Office,West,Office Supplies,Art
CA-453305,2023-11-05,2025-04-19,Second Class,CUST-4301,Garrett Lewis,Home Office,West,Technology,Copiers
CA-996661,2023-10-16,2025-04-17,Standard Class,CUST-8931,Jessica Jimenez,Home Office,East,Technology,Copiers
CA-983053,2024-04-08,2025-05-06,Same Day,CUST-5866,Emily Castillo,Home Office,South,Office Supplies,Art
CA-331546,2024-01-04,2025-04-29,Same Day,CUST-2704,Susan Aguirre,Home Office,South,Furniture,Tables
CA-751157,2023-05-05,2025-04-12,Standard Class,CUST-1993,Scott Marshall,Consumer,Central,Technology,Copiers
CA-753275,2023-10-27,2025-04-15,Second Class,CUST-8240,Bryan Walker,Corporate,West,Furniture,Bookcases
CA-700307,2023-07-14,2025-04-16,Same Day,CUST-1189,Nicole Smith,Home Office,West,Furniture,Bookcases
CA-771019,2023-11-05,2025-04-09,Standard Class,CUST-5015,Spencer Gonzalez,Corporate,Central,Office Supplies,Labels
CA-920667,2025-01-28,2025-05-03,First Class,CUST-4293,Teresa Palmer,Consumer,Central,Technology,Phones
CA-692012,2024-03-15,2025-04-10,First Class,CUST-7611,David Thomas,Consumer,Central,Technology,Accessories
CA-682488,2023-07-19,2025-04-10,Same Day,CUST-9697,Edward Olson,Corporate,South,Office Supplies,Binders
CA-898310,2023-10-01,2025-05-02,Same Day,CUST-4524,Francisco Newman,Consumer,South,Office Supplies,Paper
CA-670658,2025-04-06,2025-04-23,First Class,CUST-3446,Stacey Gibson,Consumer,Central,Office Supplies,Binders
CA-499204,2024-02-07,2025-04-24,First Class,CUST-3550,David Taylor,Home Office,South,Technology,Phones
CA-517834,2025-01-06,2025-04-19,Standard Class,CUST-6927,Benjamin Francis,Corporate,East,Office Supplies,Binders
CA-170330,2023-09-21,2025-04-14,Same Day,CUST-7991,Joshua Shaffer,Corporate,East,Technology,Copiers
CA-751585,2023-05-05,2025-04-10,Second Class,CUST-5636,Ryan Barker,Consumer,Central,Technology,Computers
CA-755148,2024-07-29,2025-04-11,First Class,CUST-6986,Mr. Nathaniel Lane,Home Office,Central,Office Supplies,Art
CA-533214,2023-08-03,2025-04-19,Same Day,CUST-3508,James Miller,Consumer,West,Office Supplies,Labels
CA-955012,2024-09-23,2025-04-29,Same Day,CUST-6198,Jonathan Alexander,Corporate,Central,Office Supplies,Art
CA-636606,2023-09-09,2025-04-20,Standard Class,CUST-2732,Michael Waters,Corporate,Central,Technology,Copiers
CA-206862,2025-02-02,2025-04-15,First Class,CUST-5425,Peter Chandler,Consumer,West,Technology,Machines
CA-532183,2023-05-13,2025-04-14,Standard Class,CUST-2031,Dr. Danielle Bowman,Consumer,South,Furniture,Chairs
CA-310081,2023-07-24,2025-04-21,Second Class,CUST-2642,Brandy Nunez,Home Office,West,Office Supplies,Paper
CA-478618,2023-12-25,2025-05-05,Second Class,CUST-2565,Monica Johnson,Home Office,Central,Technology,Accessories
CA-686654,2024-01-23,2025-04-25,Same Day,CUST-4919,Julie Sanders,Home Office,West,Office Supplies,Art
CA-855292,2023-07-12,2025-04-30,Standard Class,CUST-7648,Craig Scott,Home Office,Central,Furniture,Chairs
CA-375548,2024-03-14,2025-04-23,First Class,CUST-9612,Brenda Gardner,Consumer,East,Technology,Accessories
CA-419641,2023-08-02,2025-04-26,First Class,CUST-9947,David Thompson,Home Office,West,Technology,Computers
CA-161969,2023-06-12,2025-04-18,First Class,CUST-9796,Robin Martin,Corporate,West,Technology,Machines
CA-325358,2024-12-10,2025-04-18,Second Class,CUST-5429,Nathan Alvarez,Consumer,East,Furniture,Bookcases
CA-160344,2023-06-25,2025-04-10,First Class,CUST-4747,Brian Walker,Consumer,Central,Furniture,Tables
CA-559621,2025-03-11,2025-05-04,Standard Class,CUST-4209,Jacqueline Harris,Consumer,Central,Furniture,Chairs
CA-275434,2024-09-23,2025-04-27,Same Day,CUST-1755,Franklin Villanueva,Consumer,South,Office Supplies,Storage
CA-677772,2024-12-14,2025-04-17,Standard Class,CUST-9825,Katelyn Simpson,Corporate,Central,Office Supplies,Binders
CA-721019,2024-03-12,2025-05-08,Same Day,CUST-2581,David Sparks,Consumer,South,Technology,Phones
CA-643126,2024-12-11,2025-04-14,First Class,CUST-3311,Pamela Ball,Consumer,East,Furniture,Chairs
CA-747599,2023-10-27,2025-04-30,Standard Class,CUST-8262,Ronald Brown,Corporate,Central,Office Supplies,Paper
CA-532723,2023-06-09,2025-05-01,First Class,CUST-1739,Emily Gonzalez,Consumer,Central,Furniture,Bookcases
CA-380423,2024-06-23,2025-05-07,Standard Class,CUST-8775,Katherine Delgado,Corporate,South,Office Supplies,Paper
CA-361103,2024-01-09,2025-05-03,Same Day,CUST-9281,Katrina Meyers,Corporate,Central,Furniture,Chairs
CA-785894,2023-08-24,2025-04-27,Second Class,CUST-3949,Beverly Butler,Corporate,East,Furniture,Tables
CA-247375,2024-10-30,2025-04-10,Standard Class,CUST-2832,Edward Young,Consumer,East,Office Supplies,Art
CA-852164,2023-06-30,2025-05-08,Same Day,CUST-5973,Megan Hopkins,Consumer,East,Office Supplies,Storage
CA-785588,2023-12-14,2025-04-19,Standard Class,CUST-3968,Tonya Morrison,Consumer,West,Technology,Copiers
CA-750103,2024-10-09,2025-05-05,Standard Class,CUST-3412,Michael Smith,Corporate,West,Furniture,Furnishings
CA-985413,2024-07-05,2025-05-01,First Class,CUST-5520,Danny Blair,Consumer,South,Office Supplies,Labels
CA-886754,2025-02-14,2025-05-02,First Class,CUST-8157,Francisco Saunders,Corporate,South,Office Supplies,Binders
CA-178998,2024-03-02,2025-04-27,Second Class,CUST-5776,Justin Thompson,Consumer,South,Office Supplies,Binders
CA-611227,2024-08-25,2025-04-12,First Class,CUST-8181,Mr. John Walker,Corporate,East,Furniture,Chairs
CA-501451,2023-07-16,2025-04-29,First Class,CUST-3025,Alicia Dunn,Corporate,East,Technology,Accessories
CA-292577,2024-12-12,2025-04-26,Same Day,CUST-3744,Kelly Martinez,Corporate,West,Technology,Machines
CA-291201,2023-12-12,2025-04-10,First Class,CUST-9756,Curtis Stevens,Consumer,South,Technology,Phones
CA-202956,2023-12-10,2025-04-29,Second Class,CUST-5504,Michael Sweeney,Corporate,Central,Furniture,Tables
CA-811063,2025-04-08,2025-04-26,Second Class,CUST-7490,Thomas Carpenter,Home Office,West,Furniture,Chairs
CA-859314,2024-12-25,2025-04-27,First Class,CUST-2199,Alyssa Tyler,Corporate,West,Furniture,Chairs
CA-435699,2025-02-02,2025-04-17,Same Day,CUST-2974,David Peterson,Corporate,West,Technology,Accessories
CA-882359,2024-04-12,2025-04-14,First Class,CUST-2097,Caleb Cline,Corporate,East,Technology,Copiers
CA-866167,2024-06-11,2025-05-02,First Class,CUST-9732,Wayne Bowen,Home Office,East,Office Supplies,Storage
CA-424086,2023-08-07,2025-05-08,Standard Class,CUST-1265,Scott Hopkins,Consumer,West,Office Supplies,Paper
CA-841271,2024-12-21,2025-04-12,Second Class,CUST-1917,Travis Burns,Consumer,Central,Office Supplies,Labels
CA-232183,2024-03-21,2025-05-06,Same Day,CUST-5815,Catherine Lewis,Consumer,Central,Technology,Phones
CA-505088,2023-08-23,2025-05-02,Same Day,CUST-6642,Mr. Matthew Maynard Jr.,Consumer,Central,Furniture,Furnishings
CA-660300,2024-09-29,2025-04-17,Standard Class,CUST-2011,Briana Bean,Home Office,Central,Technology,Copiers
CA-533867,2023-11-18,2025-04-22,Standard Class,CUST-1817,Dean Lewis,Consumer,South,Office Supplies,Binders
CA-418531,2023-09-09,2025-05-07,First Class,CUST-3156,Barbara Flores,Consumer,East,Office Supplies,Paper
CA-235205,2024-08-20,2025-04-24,Second Class,CUST-4675,Ronald Scott,Corporate,Central,Furniture,Tables
CA-828112,2024-01-11,2025-05-04,First Class,CUST-8014,Brandy Wright,Home Office,South,Furniture,Tables
CA-399262,2024-01-26,2025-04-15,First Class,CUST-7506,Dr. Lance Reyes MD,Consumer,East,Technology,Phones
CA-513536,2024-07-14,2025-04-10,Second Class,CUST-1226,Jack Andrade,Corporate,West,Technology,Phones
CA-223336,2023-09-02,2025-04-16,First Class,CUST-6566,Cynthia Price,Consumer,Central,Furniture,Tables
CA-854691,2024-04-23,2025-05-06,Standard Class,CUST-1770,Charles King,Consumer,South,Office Supplies,Storage
CA-183590,2024-10-24,2025-04-23,Standard Class,CUST-1982,Janet Lewis,Home Office,Central,Technology,Machines
CA-306185,2025-02-21,2025-05-08,Second Class,CUST-6377,Dawn Bond,Home Office,Central,Furniture,Chairs
CA-985714,2024-08-24,2025-04-19,Second Class,CUST-2405,Bradley Chavez,Corporate,Central,Office Supplies,Storage
CA-422665,2023-11-24,2025-04-17,Second Class,CUST-8062,Christopher Fritz,Corporate,East,Furniture,Chairs
CA-645271,2024-11-16,2025-05-06,Second Class,CUST-8397,James Ballard,Home Office,West,Technology,Machines
CA-510050,2024-12-09,2025-04-16,Standard Class,CUST-3969,Jeffrey Coleman,Home Office,East,Furniture,Chairs
CA-233748,2023-06-10,2025-04-10,First Class,CUST-5791,Kenneth Olson,Corporate,East,Furniture,Chairs
CA-964406,2023-12-25,2025-04-13,Second Class,CUST-2274,Carl Green,Corporate,South,Technology,Copiers
CA-326949,2023-10-16,2025-05-02,Standard Class,CUST-2126,Crystal Brewer,Corporate,West,Office Supplies,Art
CA-548640,2023-04-30,2025-05-04,Second Class,CUST-2638,Christine Hubbard,Consumer,Central,Technology,Copiers
CA-299643,2023-07-03,2025-04-17,Second Class,CUST-5469,Daniel Peterson,Home Office,Central,Technology,Machines
CA-674548,2023-07-12,2025-05-08,Standard Class,CUST-9867,Kimberly Aguilar,Home Office,East,Technology,Machines
CA-915933,2024-05-18,2025-05-05,First Class,CUST-6212,Thomas Carr,Corporate,South,Technology,Computers
CA-979446,2023-12-16,2025-05-04,First Class,CUST-7729,Daniel Green,Corporate,East,Furniture,Tables
CA-582916,2023-07-05,2025-04-09,Same Day,CUST-8759,Allison Hardy,Consumer,Central,Technology,Copiers
CA-355710,2023-04-09,2025-04-27,Second Class,CUST-6126,Charles Reyes,Corporate,Central,Office Supplies,Binders
CA-863454,2023-04-18,2025-04-13,Second Class,CUST-3071,Sarah Martin,Consumer,Central,Office Supplies,Labels
CA-644764,2024-07-24,2025-04-20,Second Class,CUST-2442,Angela Frey,Corporate,East,Office Supplies,Binders
CA-977240,2025-02-02,2025-05-08,Second Class,CUST-3169,Amanda Kirk,Corporate,West,Furniture,Furnishings
CA-701676,2023-07-11,2025-05-02,Same Day,CUST-1866,William Griffith,Corporate,Central,Technology,Copiers
CA-504391,2024-12-21,2025-04-11,Second Class,CUST-9140,Rhonda Collins,Consumer,Central,Furniture,Furnishings
CA-723721,2024-02-06,2025-05-08,Standard Class,CUST-4605,William Burns,Corporate,West,Technology,Copiers
CA-577661,2024-10-21,2025-04-24,Second Class,CUST-5406,Zoe Soto,Consumer,Central,Technology,Phones
CA-729267,2023-10-15,2025-04-12,First Class,CUST-4043,Victoria Patel,Corporate,Central,Office Supplies,Binders
CA-393246,2023-08-04,2025-05-07,Same Day,CUST-9126,Christian Brewer,Home Office,West,Technology,Copiers
CA-555010,2023-08-20,2025-04-28,Second Class,CUST-1244,Darren Warren,Consumer,Central,Office Supplies,Storage
CA-529318,2023-06-20,2025-04-14,Same Day,CUST-8701,Dr. Ashley Torres,Home Office,Central,Office Supplies,Labels
CA-439054,2025-01-22,2025-04-17,Standard Class,CUST-5706,William Dalton,Consumer,South,Furniture,Tables
CA-939383,2023-05-01,2025-04-25,Second Class,CUST-5502,Brian Martin,Corporate,East,Furniture,Tables
CA-298463,2025-03-28,2025-04-10,First Class,CUST-8234,Katherine Sherman,Consumer,Central,Office Supplies,Paper
CA-453968,2023-12-06,2025-04-21,Same Day,CUST-3874,Bruce Ruiz,Corporate,East,Technology,Copiers
CA-310797,2024-03-31,2025-04-19,Same Day,CUST-1993,Ivan Martinez,Corporate,Central,Technology,Copiers
CA-628465,2024-05-15,2025-04-14,Standard Class,CUST-1434,Melissa Marquez,Consumer,South,Furniture,Tables
CA-139588,2023-11-02,2025-04-26,Standard Class,CUST-4537,Pamela Roberts,Home Office,East,Furniture,Chairs
CA-908429,2023-07-11,2025-04-23,First Class,CUST-6004,Adrian Rodriguez,Corporate,West,Furniture,Furnishings
CA-376199,2024-10-09,2025-04-18,Second Class,CUST-8353,Lee Alexander,Home Office,South,Technology,Phones
CA-669208,2024-09-03,2025-05-07,First Class,CUST-1619,Sarah Baker,Corporate,West,Technology,Copiers
CA-990789,2024-10-29,2025-04-16,Standard Class,CUST-4939,James Johnson,Corporate,East,Furniture,Furnishings
CA-524549,2024-07-25,2025-04-23,First Class,CUST-4746,Stephanie Oliver,Corporate,Central,Furniture,Tables
CA-695986,2023-06-21,2025-04-17,Same Day,CUST-7478,Samantha Thompson,Home Office,East,Office Supplies,Paper
CA-908779,2025-01-11,2025-04-29,Same Day,CUST-5130,Randall Wilson,Home Office,West,Office Supplies,Storage
CA-971925,2023-10-09,2025-04-20,Standard Class,CUST-2877,Scott Bray,Home Office,East,Technology,Copiers
CA-943822,2024-10-05,2025-04-14,First Class,CUST-4640,Juan Foster,Home Office,East,Technology,Accessories
CA-681765,2024-12-09,2025-05-06,First Class,CUST-5878,James Tyler,Corporate,East,Technology,Computers
CA-394931,2024-01-05,2025-04-21,Same Day,CUST-4692,Jennifer Mitchell,Corporate,West,Technology,Phones
CA-400835,2024-05-22,2025-04-29,Same Day,CUST-8346,Richard Griffin,Corporate,South,Office Supplies,Storage
CA-254326,2024-11-17,2025-04-21,First Class,CUST-3945,Mary Marshall,Corporate,East,Furniture,Furnishings
CA-169554,2024-10-24,2025-04-23,Second Class,CUST-1770,Crystal Mckinney,Corporate,Central,Furniture,Chairs
CA-214405,2024-09-19,2025-05-01,Same Day,CUST-3264,Danielle Green,Corporate,Central,Office Supplies,Storage
CA-966771,2025-03-27,2025-05-02,First Class,CUST-2542,Gabriel West,Corporate,East,Technology,Copiers
CA-200343,2024-09-11,2025-04-23,Second Class,CUST-8416,Jessica Thomas,Corporate,East,Office Supplies,Storage
CA-629067,2024-08-17,2025-04-21,Second Class,CUST-8070,Justin Irwin,Home Office,Central,Furniture,Chairs
CA-774610,2025-03-11,2025-04-24,Second Class,CUST-3900,Dennis Black,Home Office,West,Technology,Accessories
CA-985216,2023-11-22,2025-04-21,Second Class,CUST-3439,Kevin Harrell,Home Office,East,Technology,Copiers
CA-177784,2023-11-20,2025-05-06,Standard Class,CUST-9381,Angela Salazar,Consumer,East,Technology,Accessories
CA-281277,2024-07-01,2025-04-13,Same Day,CUST-9440,Ashley Clark,Consumer,East,Office Supplies,Art
CA-285619,2023-10-29,2025-04-21,Second Class,CUST-9642,Justin Lee,Consumer,South,Furniture,Chairs
CA-811122,2024-06-30,2025-05-06,Second Class,CUST-5899,Kristen Johnson,Corporate,East,Technology,Phones
CA-695234,2024-05-04,2025-04-22,Second Class,CUST-6032,Cindy Wilson,Corporate,South,Furniture,Furnishings
CA-516590,2023-11-02,2025-04-11,Second Class,CUST-9224,Sheila Vasquez,Corporate,West,Furniture,Bookcases
CA-974228,2024-01-21,2025-04-27,Same Day,CUST-2002,Gary Long,Consumer,South,Furniture,Bookcases
CA-869650,2024-01-14,2025-04-16,Standard Class,CUST-6782,Heather Ross,Home Office,South,Office Supplies,Art
CA-915004,2024-09-10,2025-04-30,Second Class,CUST-1077,Matthew Yoder,Home Office,West,Technology,Phones
CA-160819,2023-05-21,2025-04-22,First Class,CUST-7055,Michelle Clark,Corporate,Central,Office Supplies,Art
CA-225324,2023-08-17,2025-04-16,Standard Class,CUST-5947,David Wagner,Consumer,East,Technology,Machines
CA-520555,2023-08-06,2025-04-14,Standard Class,CUST-8234,Justin Harris,Consumer,West,Technology,Machines
CA-796697,2023-04-10,2025-04-27,Second Class,CUST-6587,Darin Mcknight,Home Office,West,Office Supplies,Labels
CA-677561,2023-07-07,2025-04-28,Same Day,CUST-2130,Michael Shea,Home Office,East,Furniture,Bookcases
CA-583524,2025-03-18,2025-04-23,Same Day,CUST-3543,Stacey Matthews,Corporate,West,Technology,Machines
CA-903423,2023-08-30,2025-04-29,Standard Class,CUST-6352,Christopher Robertson,Home Office,South,Office Supplies,Storage
CA-820101,2024-03-21,2025-04-24,Second Class,CUST-2560,Robin Mullins,Home Office,East,Furniture,Bookcases
CA-902982,2023-08-04,2025-04-30,Second Class,CUST-3106,Ryan Reed,Home Office,West,Technology,Accessories
CA-644747,2023-08-31,2025-04-19,Second Class,CUST-6264,Alicia Scott,Consumer,Central,Technology,Phones
CA-939164,2024-12-22,2025-04-25,First Class,CUST-7854,Nancy Terrell,Home Office,West,Technology,Computers
CA-241122,2023-09-28,2025-04-26,Standard Class,CUST-7722,Sandra Reynolds,Corporate,South,Furniture,Chairs
CA-187081,2024-11-06,2025-05-03,Same Day,CUST-2106,Alexander Collins,Consumer,West,Technology,Machines
CA-370058,2023-07-29,2025-04-09,Second Class,CUST-5633,Robin Wood,Consumer,Central,Furniture,Furnishings
CA-119300,2023-10-21,2025-05-02,Second Class,CUST-6439,Richard Thompson,Home Office,South,Technology,Copiers
CA-813048,2024-03-03,2025-04-25,Second Class,CUST-6249,Rebekah Mitchell,Corporate,East,Office Supplies,Binders
CA-542018,2024-04-02,2025-04-15,Second Class,CUST-5735,Richard Jones,Consumer,West,Furniture,Furnishings
CA-482361,2024-04-08,2025-04-30,First Class,CUST-4174,Mark Hickman,Corporate,East,Technology,Computers
CA-736938,2024-08-27,2025-05-03,Standard Class,CUST-5108,Alexander Stafford,Home Office,South,Technology,Machines
CA-669350,2023-08-30,2025-04-15,Standard Class,CUST-3636,Gordon Franklin,Consumer,East,Technology,Copiers
CA-200780,2024-10-18,2025-04-28,Standard Class,CUST-9072,Donald Gonzales,Consumer,West,Office Supplies,Binders
CA-731262,2023-10-02,2025-05-03,Second Class,CUST-2365,Christopher Moran,Home Office,East,Office Supplies,Labels
CA-349578,2023-04-18,2025-04-30,Standard Class,CUST-3630,Lucas Riggs,Home Office,South,Technology,Accessories
CA-238141,2024-12-16,2025-04-26,Same Day,CUST-6778,Alexis Johns,Consumer,Central,Furniture,Bookcases
CA-759102,2025-01-02,2025-04-14,Second Class,CUST-5365,Andrea Nielsen,Home Office,East,Technology,Copiers
CA-652330,2023-04-17,2025-05-05,Standard Class,CUST-7528,Samantha Brown,Home Office,Central,Office Supplies,Art
CA-810484,2025-01-12,2025-04-23,First Class,CUST-6891,Katelyn Middleton,Corporate,Central,Technology,Computers
CA-700839,2024-02-06,2025-05-06,Standard Class,CUST-6442,Timothy Summers,Corporate,East,Office Supplies,Art
CA-602783,2023-06-15,2025-04-28,Same Day,CUST-7043,Charles Scott,Corporate,Central,Office Supplies,Paper
CA-663906,2024-10-23,2025-05-04,First Class,CUST-7127,Christina Davis,Home Office,Central,Office Supplies,Labels
CA-610368,2025-02-23,2025-04-27,Same Day,CUST-4076,Eric Hernandez,Corporate,East,Office Supplies,Labels
CA-466940,2024-03-21,2025-04-10,Standard Class,CUST-5430,Richard Kelley,Home Office,Central,Technology,Copiers
CA-910149,2023-08-05,2025-04-14,First Class,CUST-4036,Cathy Green,Home Office,Central,Furniture,Tables
CA-207012,2024-06-21,2025-04-14,Second Class,CUST-4888,Drew Thomas,Corporate,West,Furniture,Bookcases
CA-644426,2025-04-05,2025-04-16,Same Day,CUST-9419,Jeffrey Jackson,Corporate,Central,Office Supplies,Storage
CA-403271,2023-08-27,2025-04-26,Standard Class,CUST-1325,Christopher Dawson,Corporate,Central,Office Supplies,Labels
CA-361066,2023-08-19,2025-04-22,First Class,CUST-7060,Michael Sexton,Consumer,East,Technology,Computers
CA-780533,2024-05-26,2025-04-23,Same Day,CUST-5757,Jamie Bender,Home Office,West,Office Supplies,Binders
CA-125664,2023-11-17,2025-04-22,Second Class,CUST-6508,Mary Hamilton,Corporate,South,Furniture,Tables
CA-239293,2024-12-05,2025-05-02,Standard Class,CUST-1100,Kathleen Lambert,Consumer,South,Technology,Phones
CA-915897,2024-01-30,2025-05-08,Same Day,CUST-1139,Joseph Clark,Corporate,Central,Furniture,Bookcases
CA-702418,2023-08-11,2025-04-28,Standard Class,CUST-3280,Kevin Jenkins,Corporate,Central,Office Supplies,Paper
CA-100868,2025-01-30,2025-04-17,First Class,CUST-9943,Travis Carr,Home Office,East,Furniture,Chairs
CA-397019,2024-03-04,2025-04-12,First Class,CUST-7763,Linda Hays,Consumer,West,Technology,Computers
CA-905410,2024-04-01,2025-04-09,First Class,CUST-6493,David Rodriguez,Home Office,Central,Technology,Phones
CA-179897,2023-08-02,2025-05-02,Second Class,CUST-4396,Heather Reyes,Consumer,Central,Furniture,Bookcases
CA-383215,2024-02-08,2025-04-22,Standard Class,CUST-9054,Thomas Conley,Corporate,South,Office Supplies,Labels
CA-818456,2025-03-16,2025-05-08,Standard Class,CUST-5450,Steven Hughes DVM,Home Office,South,Office Supplies,Paper
CA-598386,2025-02-02,2025-05-08,Second Class,CUST-6954,Paul Potts,Consumer,South,Technology,Machines
CA-458039,2024-02-15,2025-04-21,Second Class,CUST-5697,Jay Cook,Corporate,Central,Office Supplies,Labels
CA-837915,2024-06-26,2025-04-19,Same Day,CUST-5589,Veronica Ray,Home Office,Central,Technology,Machines
CA-865012,2024-02-27,2025-05-05,First Class,CUST-3169,Nicole Bird,Corporate,East,Office Supplies,Labels
CA-888611,2023-07-08,2025-04-21,First Class,CUST-5963,Gary Brown,Home Office,Central,Office Supplies,Labels
CA-573428,2024-11-22,2025-04-20,Second Class,CUST-7212,Henry Day,Home Office,West,Office Supplies,Storage
CA-215475,2023-11-25,2025-04-21,Same Day,CUST-7162,Stephen Garcia,Consumer,South,Technology,Machines
CA-142845,2024-09-12,2025-04-16,Standard Class,CUST-8341,Timothy Jones,Consumer,Central,Furniture,Chairs
CA-176710,2024-08-28,2025-04-18,Standard Class,CUST-3715,Laura Cox,Consumer,South,Technology,Copiers
CA-319954,2024-08-29,2025-04-20,Second Class,CUST-8961,Samantha Wolf,Home Office,West,Technology,Computers
CA-837877,2025-03-03,2025-04-27,Same Day,CUST-8525,Samantha Roberts,Home Office,South,Technology,Phones
CA-949050,2023-10-01,2025-04-16,Standard Class,CUST-4027,Alexander Boone,Corporate,East,Furniture,Bookcases
CA-715251,2023-10-10,2025-04-16,First Class,CUST-8620,Donna Myers,Home Office,East,Furniture,Chairs
CA-664926,2024-01-04,2025-04-29,First Class,CUST-9630,Jose Lynch,Corporate,East,Technology,Phones
CA-709929,2023-04-20,2025-04-15,First Class,CUST-5661,Nicole Morris,Home Office,South,Office Supplies,Binders
CA-501428,2023-12-27,2025-04-18,Second Class,CUST-7521,Ashley Flores,Home Office,West,Furniture,Chairs
CA-426581,2024-11-21,2025-04-24,Standard Class,CUST-7214,Monica Thomas,Consumer,East,Office Supplies,Art
CA-234278,2023-07-14,2025-05-06,First Class,CUST-8330,Carol Boyd,Home Office,West,Office Supplies,Labels
CA-547910,2024-04-30,2025-04-12,Second Class,CUST-1420,David Anderson,Corporate,East,Office Supplies,Storage
CA-539051,2024-05-04,2025-04-30,Second Class,CUST-8931,Kelly Lopez,Home Office,East,Office Supplies,Binders
CA-564027,2023-09-20,2025-04-29,Second Class,CUST-2688,Thomas Lamb,Consumer,Central,Office Supplies,Labels
CA-938846,2023-07-05,2025-04-22,Standard Class,CUST-2726,Paula Garcia,Home Office,South,Office Supplies,Art
CA-121543,2024-09-02,2025-04-28,Standard Class,CUST-9838,Charles Frederick,Corporate,South,Technology,Copiers
CA-245884,2024-04-26,2025-04-24,First Class,CUST-1848,Spencer Oconnor,Home Office,South,Furniture,Furnishings
CA-180737,2024-12-22,2025-05-06,Same Day,CUST-4928,Randy Maddox,Corporate,Central,Furniture,Chairs
CA-587434,2025-03-16,2025-05-08,Same Day,CUST-2802,Natalie Brown,Home Office,East,Furniture,Furnishings
CA-451068,2023-04-30,2025-04-14,Same Day,CUST-2121,Emily Hicks,Corporate,West,Furniture,Furnishings
CA-201410,2025-01-27,2025-05-04,Same Day,CUST-3755,Amy Michael,Corporate,Central,Technology,Phones
CA-285134,2025-02-26,2025-05-05,First Class,CUST-4017,Andrew Hill,Consumer,West,Furniture,Tables
CA-407039,2025-02-11,2025-04-21,First Class,CUST-9825,Leroy Morales,Corporate,East,Office Supplies,Art
CA-985743,2025-02-06,2025-05-08,Standard Class,CUST-6564,Maria Martin,Corporate,East,Furniture,Chairs
CA-296295,2024-04-28,2025-04-21,Standard Class,CUST-3878,Steven Armstrong,Consumer,Central,Furniture,Tables
CA-465298,2024-04-08,2025-04-15,First Class,CUST-5168,Scott Gomez,Home Office,Central,Furniture,Tables
CA-552695,2024-07-04,2025-04-29,Standard Class,CUST-6727,Heather Stewart,Corporate,East,Furniture,Tables
CA-395995,2025-02-07,2025-05-07,Same Day,CUST-8428,Samantha Preston,Consumer,Central,Furniture,Tables
CA-766440,2024-04-01,2025-04-09,Same Day,CUST-1180,Lisa Lambert,Home Office,East,Furniture,Furnishings
CA-486640,2024-11-13,2025-04-17,Second Class,CUST-7255,Christopher Wade,Consumer,East,Technology,Computers
CA-110397,2023-11-30,2025-04-19,Standard Class,CUST-6495,Jason Owens,Home Office,South,Technology,Accessories
CA-676324,2023-07-22,2025-05-02,First Class,CUST-3427,Connie Brennan,Home Office,East,Technology,Copiers
CA-164288,2024-07-15,2025-04-21,First Class,CUST-8516,Courtney Haynes,Consumer,West,Technology,Copiers
CA-621459,2023-08-28,2025-04-10,Standard Class,CUST-6940,Julia Chapman,Consumer,South,Technology,Computers
CA-450625,2023-08-07,2025-04-17,Standard Class,CUST-7802,Patty Davis,Consumer,Central,Furniture,Furnishings
CA-836541,2023-12-23,2025-04-26,Same Day,CUST-9790,Angela Mckinney,Corporate,Central,Furniture,Bookcases
CA-172612,2023-04-09,2025-05-04,Second Class,CUST-8915,Dana Campbell,Home Office,Central,Technology,Machines
CA-408694,2023-07-28,2025-05-01,Second Class,CUST-5963,Nicole Griffith,Corporate,South,Office Supplies,Paper
CA-485088,2024-05-18,2025-05-03,Same Day,CUST-9946,Manuel Brooks,Consumer,West,Office Supplies,Art
CA-665567,2023-11-26,2025-05-01,First Class,CUST-3251,Andrew Perry,Home Office,Central,Office Supplies,Paper
CA-736669,2024-09-22,2025-05-07,Second Class,CUST-8484,Erin Foster,Consumer,West,Furniture,Tables
CA-139024,2025-01-07,2025-04-19,First Class,CUST-8733,Joy Moore,Corporate,Central,Office Supplies,Binders
CA-225125,2023-07-23,2025-04-23,Second Class,CUST-1249,Ryan Snyder,Consumer,East,Office Supplies,Paper
CA-892885,2024-03-30,2025-05-03,Same Day,CUST-6463,Sheila Farmer,Home Office,East,Technology,Machines
CA-925231,2023-08-09,2025-04-24,Second Class,CUST-6613,Charles Hudson,Corporate,West,Office Supplies,Labels
CA-179661,2024-08-14,2025-04-30,First Class,CUST-3237,Stacey Smith,Corporate,South,Furniture,Chairs
CA-880299,2025-04-05,2025-04-27,First Class,CUST-8218,Casey Wilson,Home Office,West,Office Supplies,Labels
CA-858036,2025-03-24,2025-04-29,Same Day,CUST-2555,Benjamin Noble,Home Office,West,Office Supplies,Paper
CA-888091,2024-03-27,2025-05-01,Second Class,CUST-7887,Marie Cruz,Corporate,South,Technology,Phones
CA-542283,2025-03-11,2025-04-17,Same Day,CUST-3041,Emily Wilson,Home Office,Central,Office Supplies,Art
CA-523124,2023-05-16,2025-04-18,Same Day,CUST-8076,Summer Wilkerson,Home Office,South,Office Supplies,Binders
CA-526104,2024-03-16,2025-04-21,Same Day,CUST-8721,Maria Shepard MD,Corporate,Central,Technology,Copiers
CA-761579,2025-02-21,2025-04-10,First Class,CUST-7846,Jennifer Roberts,Home Office,Central,Technology,Accessories
CA-155212,2025-03-16,2025-05-05,Standard Class,CUST-1981,Sherry Raymond,Corporate,Central,Technology,Computers
CA-453342,2023-04-27,2025-05-02,Same Day,CUST-7424,Anne Gonzalez,Corporate,South,Technology,Accessories
CA-774136,2024-02-06,2025-04-12,First Class,CUST-4412,Charles Schmidt,Consumer,South,Furniture,Chairs
CA-244584,2024-02-24,2025-04-16,First Class,CUST-1831,Christina Reed,Home Office,Central,Office Supplies,Binders
CA-388409,2023-08-31,2025-04-26,Same Day,CUST-1531,Melissa Mahoney,Corporate,West,Furniture,Bookcases
CA-644831,2023-11-20,2025-04-15,First Class,CUST-6559,Laura Foster,Home Office,Central,Furniture,Furnishings
CA-204225,2023-04-19,2025-05-07,Second Class,CUST-1560,Diane Powers,Corporate,West,Technology,Accessories
CA-939708,2024-07-26,2025-05-07,Second Class,CUST-2294,Dana Smith,Home Office,Central,Office Supplies,Binders
CA-617956,2023-09-22,2025-05-05,Standard Class,CUST-5076,Nicholas Smith,Home Office,East,Office Supplies,Labels
CA-591049,2024-11-12,2025-05-02,Standard Class,CUST-6380,Jim Green,Home Office,South,Office Supplies,Labels
CA-103318,2025-02-09,2025-04-26,First Class,CUST-5204,Mr. Brian Foster DDS,Home Office,Central,Technology,Copiers
CA-174017,2024-03-12,2025-04-30,First Class,CUST-9818,Colin Smith,Consumer,West,Office Supplies,Storage
CA-265648,2023-11-15,2025-04-30,Second Class,CUST-5166,Kathleen Roy,Home Office,South,Office Supplies,Paper
CA-945105,2025-01-04,2025-05-05,Standard Class,CUST-6463,Emily Stephenson,Consumer,South,Furniture,Furnishings
CA-599806,2025-03-17,2025-05-06,Second Class,CUST-5291,Stephen Huff,Consumer,South,Office Supplies,Labels
CA-791163,2023-08-29,2025-04-20,Same Day,CUST-3723,Travis Walter,Corporate,West,Office Supplies,Binders
CA-529641,2023-05-31,2025-04-29,First Class,CUST-1552,Brett Walker,Consumer,Central,Furniture,Tables
CA-576459,2024-09-13,2025-04-30,Second Class,CUST-3951,Amanda Acevedo,Home Office,West,Technology,Copiers
CA-495702,2024-01-05,2025-04-18,Same Day,CUST-6686,Chris Clark,Corporate,South,Office Supplies,Storage
CA-216710,2024-03-31,2025-05-04,Same Day,CUST-9300,Kenneth Rodriguez,Consumer,Central,Technology,Accessories
CA-231230,2025-03-22,2025-04-29,Standard Class,CUST-9114,Bailey Mcguire,Home Office,West,Office Supplies,Paper
CA-661149,2023-08-19,2025-05-07,Standard Class,CUST-1878,Brian Hunter,Corporate,East,Furniture,Tables
CA-639490,2024-02-14,2025-04-27,Same Day,CUST-7902,Allison Dominguez,Home Office,Central,Furniture,Bookcases
CA-352930,2024-11-04,2025-04-20,First Class,CUST-1662,Christina Fox,Consumer,East,Office Supplies,Binders
CA-720939,2024-04-21,2025-04-26,First Class,CUST-8743,Sarah Hughes,Home Office,Central,Office Supplies,Paper
CA-367986,2025-03-28,2025-04-17,Standard Class,CUST-8103,Laurie Ross,Corporate,Central,Office Supplies,Binders
CA-495392,2023-09-12,2025-04-16,Standard Class,CUST-8219,Donna Davis,Home Office,Central,Furniture,Tables
CA-433342,2023-09-28,2025-04-10,Second Class,CUST-4189,Jennifer Phillips,Home Office,South,Technology,Accessories
CA-361619,2024-03-30,2025-04-26,Same Day,CUST-6027,Paul Duncan,Home Office,Central,Office Supplies,Storage
CA-311977,2024-01-17,2025-04-26,Standard Class,CUST-7803,Melvin Soto,Consumer,Central,Office Supplies,Binders
CA-526261,2024-09-11,2025-04-13,Same Day,CUST-4394,Kim Lynch,Consumer,Central,Furniture,Tables
CA-297764,2025-03-28,2025-04-10,First Class,CUST-2225,Thomas Zuniga,Corporate,East,Technology,Phones
CA-806905,2023-09-13,2025-04-29,First Class,CUST-6331,Gail Ortiz,Corporate,Central,Office Supplies,Storage
CA-885685,2024-03-31,2025-04-11,Standard Class,CUST-6761,Jack Lowe,Consumer,West,Technology,Accessories
CA-343101,2024-07-03,2025-04-27,Second Class,CUST-6270,David Burke,Home Office,South,Furniture,Tables
CA-278816,2023-12-28,2025-04-21,Standard Class,CUST-7221,Danielle Hobbs,Consumer,East,Furniture,Furnishings
CA-286355,2023-09-01,2025-04-16,First Class,CUST-7377,Christopher Mason,Home Office,South,Office Supplies,Art
CA-736951,2023-12-05,2025-04-27,Standard Class,CUST-6982,Jessica Rodriguez,Corporate,East,Office Supplies,Paper
CA-408476,2023-05-28,2025-04-16,Same Day,CUST-9777,Renee Wilson,Home Office,Central,Furniture,Furnishings
CA-510540,2024-01-14,2025-04-27,Second Class,CUST-9643,Brian Hansen,Consumer,South,Furniture,Tables
CA-702121,2023-07-31,2025-04-19,Same Day,CUST-6160,Victoria Ali,Home Office,South,Furniture,Chairs
CA-939948,2024-08-13,2025-04-17,Second Class,CUST-2593,Gina Summers,Corporate,West,Furniture,Chairs
CA-123518,2024-06-27,2025-04-24,Same Day,CUST-7299,Sarah Cardenas,Corporate,West,Office Supplies,Labels
CA-283089,2024-08-17,2025-04-21,Second Class,CUST-3521,Dillon Sims,Home Office,Central,Furniture,Bookcases
CA-104245,2023-08-11,2025-04-10,First Class,CUST-1780,George Miranda,Corporate,East,Furniture,Chairs
CA-366107,2023-12-28,2025-04-16,Standard Class,CUST-1403,Hunter Walker,Home Office,South,Technology,Phones
CA-729684,2023-09-14,2025-04-17,Same Day,CUST-4128,Bruce Johnson,Corporate,South,Office Supplies,Paper
CA-932592,2023-10-12,2025-04-27,Same Day,CUST-6129,Gary Gomez,Corporate,Central,Technology,Computers
CA-336324,2023-05-28,2025-04-19,First Class,CUST-4494,Robert Phillips,Home Office,East,Technology,Accessories
CA-871620,2023-06-07,2025-04-15,Same Day,CUST-3933,Jamie Anderson,Home Office,West,Technology,Computers
CA-250675,2023-08-07,2025-05-08,Second Class,CUST-4552,Charles Mendoza,Home Office,West,Office Supplies,Binders
CA-996392,2024-12-17,2025-04-27,Second Class,CUST-1490,Joseph Ayala,Home Office,East,Furniture,Furnishings
CA-366669,2025-01-21,2025-05-06,First Class,CUST-6284,Allison Fernandez,Corporate,South,Office Supplies,Storage
CA-964567,2023-06-24,2025-05-06,Same Day,CUST-1832,Ryan Jackson,Consumer,West,Furniture,Chairs
CA-311144,2024-05-29,2025-05-02,Same Day,CUST-1552,Kelly Smith,Corporate,South,Furniture,Chairs
CA-979469,2024-03-29,2025-04-22,Standard Class,CUST-4355,Susan Welch,Home Office,East,Furniture,Chairs
CA-849135,2024-04-13,2025-04-25,Same Day,CUST-8928,Tyler Harris,Home Office,South,Furniture,Furnishings
CA-325262,2023-09-30,2025-04-16,Standard Class,CUST-6061,Michelle Brady,Consumer,Central,Office Supplies,Labels
CA-854973,2023-08-28,2025-04-25,First Class,CUST-1831,Lindsey Foster,Corporate,Central,Technology,Machines
CA-114965,2024-02-02,2025-04-13,First Class,CUST-5118,Edwin Walker,Consumer,West,Technology,Phones
CA-857492,2024-02-24,2025-05-07,Second Class,CUST-6328,Maureen Thomas,Home Office,West,Office Supplies,Binders
CA-984650,2024-03-06,2025-04-27,Same Day,CUST-6489,Christina Price,Home Office,Central,Office Supplies,Storage
CA-281559,2023-06-24,2025-04-17,Same Day,CUST-9344,Taylor Schmidt,Home Office,South,Technology,Copiers
CA-180179,2024-01-01,2025-04-26,Same Day,CUST-7549,Mary Patterson,Home Office,West,Office Supplies,Storage
CA-567244,2023-06-21,2025-04-19,First Class,CUST-2773,Benjamin Mcdaniel,Home Office,West,Furniture,Furnishings
CA-778040,2025-03-15,2025-04-26,First Class,CUST-7758,Cody Mitchell,Consumer,East,Technology,Machines
CA-370195,2023-05-03,2025-04-30,Same Day,CUST-5541,Kyle Brown,Consumer,Central,Technology,Machines
CA-269452,2023-06-21,2025-04-15,Standard Class,CUST-8229,Kimberly Johns,Consumer,Central,Office Supplies,Labels
CA-246440,2025-01-25,2025-04-25,First Class,CUST-4518,Gregory Stewart,Consumer,Central,Furniture,Bookcases
CA-762037,2025-04-08,2025-04-23,Second Class,CUST-3071,Sean Williams,Corporate,West,Technology,Computers
CA-132305,2024-09-06,2025-04-18,Second Class,CUST-2803,Brian Campbell,Consumer,East,Office Supplies,Paper
CA-324206,2024-11-04,2025-04-26,Second Class,CUST-3902,Austin Deleon,Corporate,West,Office Supplies,Binders
CA-579245,2025-03-19,2025-04-20,Second Class,CUST-1441,Jonathan Oliver,Consumer,East,Furniture,Chairs
CA-674838,2025-01-02,2025-04-15,Second Class,CUST-4805,Terry Hogan,Corporate,East,Technology,Copiers
CA-727675,2024-04-02,2025-04-10,First Class,CUST-7261,Stephanie Hernandez,Consumer,East,Furniture,Tables
CA-565819,2023-11-12,2025-04-09,Standard Class,CUST-4351,Taylor Fischer,Consumer,East,Technology,Machines
CA-216829,2024-02-26,2025-04-28,Second Class,CUST-7751,Nathan Johnson,Home Office,Central,Furniture,Bookcases
CA-593339,2024-11-08,2025-04-27,Standard Class,CUST-3172,Natalie Wheeler,Home Office,West,Office Supplies,Binders
CA-689612,2025-02-02,2025-04-12,Same Day,CUST-5459,Stephanie Acosta,Consumer,Central,Office Supplies,Binders
CA-571510,2024-10-23,2025-05-08,Same Day,CUST-5419,Thomas Johnson,Corporate,West,Technology,Copiers
CA-302690,2023-07-11,2025-04-25,Same Day,CUST-7465,Heather Reyes,Consumer,Central,Technology,Machines
CA-278515,2024-05-14,2025-04-16,Second Class,CUST-6025,Fred English,Corporate,East,Furniture,Bookcases
CA-739812,2024-06-20,2025-04-19,Second Class,CUST-7254,Daniel Ortega,Corporate,Central,Technology,Copiers
CA-792220,2024-06-01,2025-05-08,Standard Class,CUST-2903,Jeff Myers,Consumer,West,Technology,Phones
CA-782700,2024-07-02,2025-04-30,Standard Class,CUST-3008,Tonya Rivera,Corporate,West,Office Supplies,Art
CA-988301,2023-12-12,2025-04-23,Second Class,CUST-3575,Emily White,Home Office,South,Furniture,Furnishings
CA-155320,2024-02-13,2025-04-09,Same Day,CUST-1468,Katherine Chambers,Home Office,Central,Furniture,Chairs
CA-691184,2024-11-01,2025-04-26,Second Class,CUST-1513,Patricia Curtis,Home Office,South,Office Supplies,Binders
CA-932436,2023-06-24,2025-05-07,Standard Class,CUST-2581,Denise Kim,Corporate,South,Technology,Phones
CA-108148,2023-10-10,2025-04-17,Standard Class,CUST-2975,Brian Johnson,Consumer,Central,Office Supplies,Labels
CA-295358,2024-06-09,2025-04-19,Same Day,CUST-6400,Michael Gilmore,Consumer,South,Furniture,Furnishings
CA-289105,2024-05-12,2025-04-19,Same Day,CUST-3839,Brandi Watson,Home Office,West,Office Supplies,Labels
CA-973576,2024-02-14,2025-04-09,Second Class,CUST-3164,Jennifer Poole,Corporate,West,Furniture,Chairs
CA-653095,2023-04-11,2025-04-26,First Class,CUST-4209,Mike Bowman,Home Office,West,Technology,Accessories
CA-621061,2024-07-06,2025-04-13,Second Class,CUST-5918,Robert Medina,Corporate,East,Technology,Computers
CA-173707,2025-02-12,2025-04-11,Standard Class,CUST-8922,Alexander Henry,Home Office,Central,Office Supplies,Labels
CA-571278,2024-01-14,2025-04-20,Standard Class,CUST-5500,Sarah Lee,Consumer,South,Technology,Copiers
CA-730986,2023-10-29,2025-05-05,First Class,CUST-9172,Joshua Williamson,Corporate,West,Office Supplies,Binders
CA-987339,2024-06-24,2025-04-10,Second Class,CUST-6026,Christopher Jackson,Corporate,South,Furniture,Furnishings
CA-323963,2023-05-06,2025-04-23,First Class,CUST-9625,Jermaine Taylor,Consumer,Central,Office Supplies,Labels
CA-654040,2024-03-11,2025-05-07,First Class,CUST-8631,Thomas Mccall,Consumer,East,Technology,Phones
CA-570147,2025-02-11,2025-05-03,First Class,CUST-9871,Brian Benitez,Corporate,West,Technology,Copiers
CA-437312,2023-04-23,2025-05-03,Second Class,CUST-6843,Amy Walls,Corporate,Central,Furniture,Furnishings
CA-641835,2023-08-02,2025-05-03,Same Day,CUST-4350,Richard Wood,Consumer,Central,Office Supplies,Paper
CA-979237,2024-08-18,2025-05-05,First Class,CUST-8486,Meagan Jones,Home Office,Central,Technology,Copiers
CA-349939,2024-11-18,2025-04-16,Same Day,CUST-3329,Jennifer Thomas,Consumer,East,Technology,Computers
CA-464319,2024-09-17,2025-05-03,Standard Class,CUST-5892,Terry Knox,Consumer,South,Furniture,Bookcases
CA-955910,2023-06-23,2025-04-22,Same Day,CUST-8188,Timothy Hernandez,Corporate,South,Furniture,Furnishings
CA-789066,2023-06-14,2025-04-28,First Class,CUST-2012,Anna Boyle DDS,Home Office,West,Furniture,Furnishings
CA-215362,2024-01-20,2025-04-17,First Class,CUST-2599,Marie Johnson,Corporate,South,Furniture,Tables
CA-370546,2024-09-01,2025-05-07,Standard Class,CUST-4546,Linda Branch DDS,Consumer,West,Furniture,Chairs
CA-329623,2024-05-18,2025-04-23,First Class,CUST-6152,James Good,Consumer,East,Technology,Accessories
CA-717199,2023-11-07,2025-04-23,First Class,CUST-6179,Blake Livingston,Corporate,Central,Office Supplies,Labels
CA-171210,2023-05-08,2025-04-25,Standard Class,CUST-5440,Ruth Jones,Home Office,South,Furniture,Chairs
CA-158140,2025-02-04,2025-04-27,Second Class,CUST-2121,Michael Phillips,Consumer,West,Furniture,Bookcases
CA-386483,2024-12-17,2025-04-26,Same Day,CUST-2825,Melissa Butler,Corporate,West,Technology,Accessories
CA-359073,2023-04-12,2025-05-04,Standard Class,CUST-9628,Diamond Shea,Corporate,South,Office Supplies,Labels
CA-359980,2023-05-06,2025-04-10,Standard Class,CUST-2433,Steven Arellano,Consumer,South,Office Supplies,Art
CA-298315,2024-07-22,2025-04-27,First Class,CUST-2375,Jason Hernandez,Corporate,East,Furniture,Bookcases
CA-666503,2024-08-10,2025-05-07,Same Day,CUST-1507,Mrs. Jaime Thomas,Home Office,East,Office Supplies,Paper
CA-156681,2023-12-30,2025-04-24,Second Class,CUST-7443,Raymond Davidson,Home Office,West,Office Supplies,Labels
CA-163475,2024-10-05,2025-04-19,Same Day,CUST-8958,Angela Smith,Consumer,South,Furniture,Chairs
CA-944703,2024-08-09,2025-05-01,Second Class,CUST-8105,Eric Manning,Consumer,South,Technology,Computers
CA-541329,2023-04-22,2025-04-25,Second Class,CUST-7815,Nicholas Jones,Consumer,Central,Office Supplies,Paper
CA-403738,2024-07-14,2025-05-03,Standard Class,CUST-8116,Emily Williams,Home Office,West,Technology,Accessories
CA-118189,2024-10-26,2025-04-13,Same Day,CUST-9331,Antonio Armstrong,Corporate,South,Office Supplies,Binders
CA-102007,2024-02-20,2025-05-01,Second Class,CUST-4707,Matthew Hill,Consumer,East,Office Supplies,Storage
CA-657321,2023-04-15,2025-04-13,Second Class,CUST-8688,Patricia Byrd,Home Office,West,Office Supplies,Binders
CA-614802,2024-07-30,2025-04-26,Same Day,CUST-3140,Mr. Andrew Delgado,Corporate,Central,Technology,Computers
CA-400126,2025-01-20,2025-04-25,Standard Class,CUST-6209,Megan Wheeler,Home Office,West,Office Supplies,Paper
CA-279848,2023-12-24,2025-04-12,Second Class,CUST-9628,Marcus Howard,Home Office,South,Technology,Copiers
CA-663232,2024-05-21,2025-04-30,First Class,CUST-9425,Jennifer Davis,Home Office,Central,Furniture,Chairs
CA-673234,2023-08-09,2025-04-16,Second Class,CUST-3013,Erica Johnson,Consumer,South,Furniture,Chairs
CA-768672,2025-04-05,2025-04-26,First Class,CUST-1875,Travis Stanley,Consumer,West,Office Supplies,Labels
CA-614787,2024-06-23,2025-04-26,Standard Class,CUST-3762,Barry Mejia,Corporate,Central,Furniture,Tables
CA-944268,2023-04-16,2025-04-14,First Class,CUST-9017,Christina Smith,Home Office,Central,Technology,Accessories
CA-212602,2023-05-17,2025-05-08,Standard Class,CUST-3250,Margaret Edwards,Home Office,West,Office Supplies,Art
CA-517940,2024-04-27,2025-05-06,Standard Class,CUST-8487,Jessica Chase,Consumer,Central,Furniture,Tables
CA-405367,2023-06-10,2025-04-23,Standard Class,CUST-9286,Tyler Alvarez,Consumer,Central,Furniture,Chairs
CA-680038,2023-06-12,2025-04-23,First Class,CUST-9660,Todd Holmes,Corporate,East,Furniture,Chairs
CA-587293,2023-10-05,2025-04-16,First Class,CUST-3325,Lindsay Conway,Corporate,South,Furniture,Tables
CA-591109,2023-08-24,2025-04-19,First Class,CUST-4225,Patrick Adams,Home Office,Central,Furniture,Bookcases
CA-979122,2024-09-25,2025-05-01,Same Day,CUST-5677,Mrs. Alexis Dunlap,Corporate,West,Technology,Phones
CA-522907,2023-12-01,2025-04-14,First Class,CUST-4668,Dr. Veronica Johnson MD,Corporate,South,Furniture,Chairs
CA-208860,2024-10-25,2025-04-12,Same Day,CUST-4253,Michele Phillips,Consumer,West,Technology,Phones
CA-643956,2023-11-23,2025-04-17,Standard Class,CUST-5409,Erica Gomez,Home Office,West,Technology,Copiers
CA-383362,2024-07-26,2025-04-21,Same Day,CUST-2943,Kelly Chen,Home Office,West,Office Supplies,Labels
CA-472768,2023-08-19,2025-04-17,Second Class,CUST-1602,Patrick Davis,Home Office,East,Technology,Accessories
CA-134460,2024-03-17,2025-04-15,First Class,CUST-9055,Dominic Saunders,Consumer,South,Technology,Copiers
CA-605331,2024-04-06,2025-04-15,Same Day,CUST-1139,Brandon Moss,Consumer,West,Office Supplies,Binders
CA-966559,2023-07-16,2025-04-12,Standard Class,CUST-3571,Michael Todd,Home Office,Central,Technology,Copiers
CA-802208,2024-06-02,2025-04-29,Same Day,CUST-4180,Angela Rose,Corporate,Central,Technology,Computers
CA-689879,2024-05-13,2025-05-07,First Class,CUST-4979,Mathew Lyons,Consumer,East,Technology,Phones
CA-807139,2024-12-25,2025-04-25,Second Class,CUST-9135,Rhonda Dixon,Consumer,West,Furniture,Furnishings
CA-587359,2024-05-12,2025-05-02,Second Class,CUST-4514,Bryan Houston,Corporate,East,Technology,Computers
CA-594942,2023-07-05,2025-04-23,Same Day,CUST-4411,Megan Owen,Consumer,South,Technology,Copiers
CA-276985,2023-11-08,2025-05-04,First Class,CUST-7554,Daniel Ball,Home Office,Central,Furniture,Furnishings
CA-843467,2025-04-05,2025-05-06,Same Day,CUST-2628,Daniel Evans,Corporate,South,Furniture,Chairs
CA-931762,2024-07-21,2025-04-26,Same Day,CUST-3413,Andrea Sloan,Corporate,West,Furniture,Furnishings
CA-896041,2024-09-12,2025-04-27,Standard Class,CUST-1268,James Whitney,Home Office,East,Technology,Computers
CA-652965,2025-01-23,2025-05-04,Same Day,CUST-2294,William Rodriguez,Corporate,East,Office Supplies,Paper
CA-777082,2023-09-17,2025-04-10,Standard Class,CUST-3928,Jill Ramirez,Home Office,Central,Furniture,Bookcases
CA-597854,2024-03-17,2025-05-05,Second Class,CUST-4665,Christopher Doyle,Consumer,South,Office Supplies,Binders
CA-676035,2025-01-13,2025-05-01,Second Class,CUST-1548,Amy Peters,Corporate,Central,Furniture,Chairs
CA-812904,2023-08-30,2025-04-15,Standard Class,CUST-4221,Amber Patrick,Consumer,Central,Furniture,Furnishings
CA-320625,2024-10-07,2025-04-09,Second Class,CUST-3838,Laura Ochoa,Consumer,South,Technology,Phones
CA-688786,2025-02-10,2025-04-14,Standard Class,CUST-7234,Francisco Carter MD,Home Office,Central,Technology,Copiers
CA-677274,2023-08-26,2025-04-11,Same Day,CUST-3833,Lindsay Alvarez,Consumer,West,Office Supplies,Binders
CA-873720,2023-04-22,2025-05-01,Second Class,CUST-4241,Tammy Hester,Home Office,South,Furniture,Bookcases
CA-926302,2025-02-10,2025-05-05,Second Class,CUST-4120,Clinton Rangel,Consumer,West,Furniture,Bookcases
CA-807621,2025-02-22,2025-04-13,Same Day,CUST-6802,Joanna Kelly,Consumer,Central,Furniture,Chairs
CA-474233,2024-11-06,2025-04-28,First Class,CUST-9584,Kathryn Robinson,Corporate,West,Technology,Copiers
CA-573992,2024-11-22,2025-04-21,First Class,CUST-3249,Brenda Dawson,Home Office,East,Office Supplies,Art
CA-901131,2024-02-16,2025-04-12,Second Class,CUST-1573,Carrie Sanchez,Consumer,Central,Technology,Computers
CA-418670,2023-07-22,2025-04-12,Standard Class,CUST-1052,Randy Miller,Home Office,Central,Technology,Accessories
CA-164820,2024-05-12,2025-04-25,First Class,CUST-2486,Shelia Carroll,Consumer,South,Furniture,Furnishings
CA-464202,2023-08-19,2025-04-25,Same Day,CUST-8604,Daniel Allen,Home Office,Central,Office Supplies,Labels
CA-576346,2025-03-27,2025-05-05,First Class,CUST-4292,William Adams,Corporate,South,Furniture,Furnishings
CA-761516,2024-04-23,2025-05-03,Second Class,CUST-6403,Matthew Peterson,Corporate,East,Office Supplies,Labels
CA-116187,2024-09-01,2025-04-14,Second Class,CUST-9081,Natalie Thompson,Home Office,Central,Furniture,Furnishings
CA-349149,2023-07-24,2025-05-08,Same Day,CUST-2714,John Bailey,Corporate,East,Furniture,Chairs
CA-817566,2025-03-29,2025-04-29,Second Class,CUST-4661,Kevin Martinez,Consumer,East,Technology,Phones
CA-823694,2023-11-30,2025-04-10,First Class,CUST-3800,Ryan Richmond,Corporate,Central,Furniture,Tables
CA-116126,2023-05-27,2025-04-24,Standard Class,CUST-6638,Margaret Smith,Home Office,West,Office Supplies,Paper
CA-135543,2024-12-12,2025-04-15,Standard Class,CUST-6407,Caroline Thompson,Corporate,Central,Office Supplies,Art
CA-676059,2023-08-25,2025-04-14,First Class,CUST-4370,Cody Miller,Corporate,East,Office Supplies,Paper
CA-989733,2024-07-09,2025-04-11,Same Day,CUST-4459,William Wheeler,Home Office,South,Technology,Copiers
CA-198378,2023-06-23,2025-05-02,Standard Class,CUST-5703,Shane Gonzales,Home Office,Central,Technology,Copiers
CA-754528,2025-03-11,2025-05-01,First Class,CUST-5731,Brandon Tyler,Consumer,West,Office Supplies,Art
CA-403280,2024-04-30,2025-05-06,Second Class,CUST-8509,Brittany Wells,Corporate,Central,Office Supplies,Labels
CA-427617,2024-09-25,2025-05-08,Same Day,CUST-5352,Charles Park,Home Office,East,Technology,Phones
CA-331430,2023-10-07,2025-04-25,First Class,CUST-4928,Antonio Kelley,Consumer,South,Technology,Copiers
CA-576800,2024-05-30,2025-04-12,First Class,CUST-6325,Kara Alexander,Corporate,East,Technology,Computers
CA-514021,2025-01-25,2025-04-20,Same Day,CUST-5261,Gina Hale,Corporate,South,Technology,Computers
CA-298790,2023-09-17,2025-04-20,Second Class,CUST-7177,Laura Rodriguez,Consumer,South,Office Supplies,Labels
CA-452699,2024-06-05,2025-04-17,First Class,CUST-9717,Tina Dominguez,Corporate,Central,Office Supplies,Storage
CA-742481,2023-10-21,2025-04-21,Second Class,CUST-4674,Rebecca Simmons,Corporate,East,Technology,Accessories
CA-283097,2025-03-29,2025-04-16,Same Day,CUST-4348,Matthew Gentry,Consumer,Central,Office Supplies,Art
CA-525480,2024-11-14,2025-04-25,Same Day,CUST-1857,Troy Conner,Home Office,East,Office Supplies,Storage
CA-731435,2024-12-05,2025-05-02,First Class,CUST-9504,Elizabeth Curtis,Home Office,South,Furniture,Furnishings
CA-186949,2024-03-18,2025-04-13,First Class,CUST-3219,Barbara Holt,Home Office,East,Office Supplies,Storage
CA-605738,2023-07-07,2025-04-23,Same Day,CUST-4596,Angela Davis,Consumer,East,Furniture,Tables
CA-330289,2024-05-13,2025-04-29,First Class,CUST-1737,Casey Medina,Consumer,West,Furniture,Furnishings
CA-243812,2025-01-08,2025-04-29,Same Day,CUST-1672,Michael Pearson,Consumer,South,Furniture,Furnishings
CA-130527,2023-10-25,2025-04-30,First Class,CUST-1059,Jon Simpson,Corporate,Central,Office Supplies,Binders
CA-653430,2024-07-24,2025-04-11,Standard Class,CUST-1965,Laura Gomez,Consumer,Central,Technology,Copiers
CA-242505,2024-08-22,2025-05-07,Standard Class,CUST-4533,Jonathan Alvarez,Consumer,East,Office Supplies,Labels
CA-886349,2025-01-17,2025-05-01,Second Class,CUST-2150,Jennifer Newman,Home Office,West,Technology,Computers
CA-327622,2025-02-20,2025-04-15,Second Class,CUST-5577,Kristin Wolfe,Home Office,Central,Furniture,Chairs
CA-537662,2024-08-23,2025-04-20,Second Class,CUST-5977,Louis Nelson,Consumer,Central,Technology,Phones
CA-587795,2024-09-14,2025-04-25,Second Class,CUST-6089,Katrina Montoya MD,Home Office,Central,Technology,Accessories
CA-613469,2024-05-24,2025-04-15,Standard Class,CUST-6966,Kim Garcia,Home Office,East,Technology,Copiers
CA-381242,2024-10-07,2025-04-29,Same Day,CUST-8102,Alyssa Rodriguez,Home Office,East,Technology,Accessories
CA-245336,2023-10-26,2025-04-15,Same Day,CUST-5144,Lauren Cook,Home Office,East,Technology,Copiers
CA-862407,2023-07-24,2025-04-12,First Class,CUST-3227,Michael Smith,Corporate,Central,Office Supplies,Labels
CA-481948,2025-01-10,2025-04-15,Standard Class,CUST-4252,Marcus Barber,Home Office,East,Office Supplies,Labels
CA-286801,2024-06-21,2025-04-21,Same Day,CUST-9290,Rhonda Anderson,Corporate,Central,Office Supplies,Art
CA-873491,2024-03-28,2025-05-02,Same Day,CUST-6266,Douglas Mcknight,Corporate,West,Office Supplies,Paper
CA-230076,2023-04-21,2025-04-13,First Class,CUST-7956,Christine Mccoy,Corporate,West,Technology,Computers
CA-548464,2024-07-21,2025-05-05,Same Day,CUST-6234,Christopher Ellis,Home Office,Central,Technology,Accessories
CA-897901,2024-02-15,2025-04-15,Standard Class,CUST-1611,Matthew Webb,Consumer,South,Office Supplies,Art
CA-549899,2024-11-15,2025-05-01,Same Day,CUST-3083,Steven Torres,Corporate,East,Technology,Accessories
CA-154727,2024-06-27,2025-04-28,Same Day,CUST-5095,Julia Gonzalez,Home Office,West,Furniture,Furnishings
CA-445014,2023-12-04,2025-04-17,Second Class,CUST-4756,Kyle Haney,Corporate,West,Furniture,Chairs
CA-795558,2023-11-10,2025-04-28,Second Class,CUST-1345,Jody Mcintosh,Corporate,West,Technology,Phones
CA-152434,2023-06-02,2025-05-05,Same Day,CUST-5542,Clarence Byrd,Home Office,West,Office Supplies,Storage
CA-824064,2023-04-13,2025-05-08,First Class,CUST-8267,Krystal Maxwell,Consumer,Central,Office Supplies,Art
CA-237674,2024-01-04,2025-04-17,Same Day,CUST-4323,Larry Shelton,Home Office,South,Office Supplies,Paper
CA-990388,2024-07-27,2025-04-27,Standard Class,CUST-4142,Elizabeth Branch,Corporate,East,Technology,Accessories
CA-414420,2023-06-19,2025-05-04,Second Class,CUST-4120,Jennifer Jackson,Corporate,Central,Technology,Accessories
CA-857464,2023-05-18,2025-04-20,First Class,CUST-2159,Jill Morgan,Corporate,Central,Furniture,Bookcases
CA-297995,2023-04-12,2025-05-04,First Class,CUST-9342,Nathan Joseph,Consumer,West,Technology,Machines
CA-819038,2024-11-24,2025-04-18,Same Day,CUST-1647,Michael Matthews,Corporate,South,Office Supplies,Art
CA-121426,2023-04-22,2025-05-01,Same Day,CUST-7288,Mike Norris,Consumer,West,Office Supplies,Paper
CA-291961,2023-12-21,2025-04-29,Same Day,CUST-9489,James Rivers,Consumer,Central,Technology,Accessories
CA-823314,2025-02-15,2025-04-28,Second Class,CUST-3020,Connie Zimmerman,Home Office,South,Furniture,Chairs
CA-913855,2024-11-25,2025-04-24,Same Day,CUST-6034,Gary Bennett,Consumer,East,Furniture,Furnishings
CA-155889,2025-01-17,2025-04-14,First Class,CUST-3114,Jane Wright,Home Office,East,Technology,Machines
CA-306763,2024-11-23,2025-04-09,Second Class,CUST-1191,Kevin Ryan,Consumer,Central,Furniture,Furnishings
CA-791406,2023-04-20,2025-05-07,First Class,CUST-1252,Glenn Smith,Corporate,Central,Office Supplies,Storage
CA-684171,2023-05-03,2025-04-25,First Class,CUST-3619,Lori Kelly,Corporate,West,Technology,Machines
CA-714522,2024-01-03,2025-04-22,First Class,CUST-6237,Daniel Jacobs,Corporate,South,Furniture,Furnishings
CA-379138,2024-11-21,2025-05-07,Same Day,CUST-5569,Phillip Lozano,Home Office,West,Technology,Phones
CA-155622,2024-12-15,2025-05-08,Same Day,CUST-3115,Thomas Case,Corporate,South,Technology,Accessories
CA-220409,2024-09-03,2025-04-15,Same Day,CUST-6101,Kimberly Williams,Home Office,West,Office Supplies,Binders
CA-790242,2024-01-11,2025-05-02,Second Class,CUST-2009,Erica Luna,Consumer,Central,Furniture,Chairs
CA-137710,2024-01-07,2025-04-28,Same Day,CUST-2830,Angela Pittman,Consumer,South,Office Supplies,Art
CA-123781,2023-06-09,2025-04-19,Second Class,CUST-8021,Brian Petersen,Home Office,South,Technology,Accessories
CA-563069,2025-04-08,2025-05-01,Standard Class,CUST-3192,Ellen Carter,Home Office,East,Technology,Accessories
CA-216136,2024-03-24,2025-04-11,Same Day,CUST-5445,Holly Lewis,Corporate,South,Furniture,Bookcases
CA-635247,2024-08-25,2025-04-12,Second Class,CUST-8705,Jane Maynard,Corporate,Central,Technology,Accessories
CA-482936,2025-01-18,2025-04-15,Standard Class,CUST-7233,Denise Gibbs,Home Office,West,Technology,Phones
CA-345661,2024-02-11,2025-04-21,Same Day,CUST-1304,Kevin Gill,Corporate,East,Office Supplies,Paper
CA-569861,2024-08-07,2025-04-29,Same Day,CUST-7470,Morgan Ferguson,Consumer,West,Technology,Copiers
CA-486623,2024-04-02,2025-04-27,Same Day,CUST-3504,Jacqueline Green,Corporate,South,Furniture,Furnishings
CA-719615,2023-10-05,2025-04-18,Second Class,CUST-5030,Mr. Scott Maddox,Consumer,South,Technology,Computers
CA-569335,2024-03-08,2025-04-10,Standard Class,CUST-6753,Kelsey Moore,Corporate,Central,Technology,Phones
CA-469030,2023-06-29,2025-04-26,First Class,CUST-1724,Heather Martin,Corporate,Central,Office Supplies,Binders
CA-155159,2024-10-01,2025-04-13,First Class,CUST-9685,Mary Carrillo,Consumer,West,Technology,Accessories
CA-194713,2024-05-11,2025-04-12,Second Class,CUST-4983,Linda Wright,Home Office,West,Technology,Accessories
CA-820325,2024-03-29,2025-04-27,Second Class,CUST-2455,Natasha Golden,Home Office,Central,Furniture,Chairs
CA-610596,2025-02-02,2025-04-15,First Class,CUST-5352,Crystal Marquez,Home Office,South,Office Supplies,Binders
CA-149430,2024-06-16,2025-05-08,Standard Class,CUST-3737,Shane Arnold,Corporate,South,Technology,Accessories
CA-171458,2023-06-15,2025-04-28,Same Day,CUST-8425,Christopher Parker,Home Office,East,Office Supplies,Binders
CA-292040,2023-06-04,2025-04-21,First Class,CUST-5337,Robert Miller,Home Office,South,Technology,Phones
CA-896234,2024-10-22,2025-04-10,Standard Class,CUST-3762,David Woods,Corporate,Central,Technology,Copiers
CA-362594,2024-05-29,2025-05-03,Same Day,CUST-6332,James Wall,Corporate,Central,Furniture,Tables
CA-963605,2024-07-09,2025-04-19,Standard Class,CUST-9292,Frank Williams,Consumer,South,Technology,Accessories
CA-203412,2023-08-12,2025-05-05,First Class,CUST-2500,Laura Jones,Corporate,Central,Furniture,Furnishings
CA-153274,2024-10-03,2025-04-19,Second Class,CUST-8964,Jessica Salazar,Home Office,East,Technology,Phones
CA-644099,2023-11-13,2025-04-27,Standard Class,CUST-1655,Seth Davis,Home Office,West,Technology,Machines
CA-249934,2025-03-28,2025-05-02,Standard Class,CUST-8117,Joseph Dean,Consumer,West,Furniture,Bookcases
CA-365418,2024-05-04,2025-05-08,Standard Class,CUST-6663,Erica Pacheco,Corporate,South,Technology,Phones
CA-485822,2024-09-14,2025-04-30,Standard Class,CUST-5127,Brooke Martinez,Home Office,South,Furniture,Furnishings
CA-365077,2025-01-31,2025-05-07,Same Day,CUST-1134,Rebecca Velasquez,Home Office,South,Technology,Machines
CA-836464,2024-01-16,2025-04-11,Second Class,CUST-5896,Adrian Thornton,Home Office,South,Furniture,Bookcases
CA-699074,2023-10-28,2025-04-20,Standard Class,CUST-7330,Diane Kirby,Corporate,East,Technology,Computers
CA-977097,2024-10-10,2025-05-04,Second Class,CUST-9200,Susan Wilson,Corporate,West,Office Supplies,Art
CA-710259,2024-07-05,2025-04-30,Same Day,CUST-1718,Anita Wilson,Corporate,South,Furniture,Tables
CA-280970,2024-08-18,2025-04-29,Standard Class,CUST-6334,Rick Cervantes,Corporate,East,Furniture,Bookcases
CA-507308,2024-06-20,2025-04-17,Standard Class,CUST-9349,Lori Davis,Corporate,West,Furniture,Chairs
CA-969075,2024-04-18,2025-05-08,First Class,CUST-4907,Anna Duke,Consumer,East,Technology,Computers
CA-569637,2023-08-11,2025-04-20,Second Class,CUST-6243,Daniel King,Home Office,Central,Furniture,Tables
CA-300877,2024-04-08,2025-04-10,Same Day,CUST-7730,Andrea Brock,Corporate,South,Technology,Computers
CA-884973,2023-07-19,2025-04-21,Standard Class,CUST-9480,Crystal Moreno,Consumer,East,Office Supplies,Paper
CA-577316,2023-11-30,2025-04-24,Standard Class,CUST-2894,Allison Patel,Consumer,West,Technology,Phones
CA-429221,2025-01-10,2025-05-02,Standard Class,CUST-8870,Daniel Holland,Home Office,West,Office Supplies,Art
CA-387918,2024-06-27,2025-05-04,Standard Class,CUST-6011,Jennifer Ramos,Corporate,Central,Technology,Phones
CA-602457,2024-09-01,2025-04-16,Same Day,CUST-8353,Stephanie Smith,Corporate,East,Furniture,Tables
CA-238400,2024-08-05,2025-04-21,First Class,CUST-8721,Eric Parrish,Home Office,Central,Furniture,Furnishings
CA-142479,2025-03-05,2025-05-04,Standard Class,CUST-3931,Joan Brown,Home Office,Central,Office Supplies,Paper
CA-611535,2024-06-24,2025-04-13,Standard Class,CUST-5359,Jennifer Sanchez,Home Office,South,Office Supplies,Storage
CA-392341,2024-10-07,2025-04-25,Same Day,CUST-5225,Johnny Gordon,Home Office,West,Office Supplies,Art
CA-745237,2023-07-30,2025-05-05,Same Day,CUST-2805,Michael Lucas,Consumer,Central,Office Supplies,Art
CA-904806,2024-01-15,2025-04-16,First Class,CUST-8562,Robert David,Corporate,West,Office Supplies,Art
CA-101064,2024-09-09,2025-04-25,Standard Class,CUST-4410,Rebecca Peters,Consumer,East,Office Supplies,Storage
CA-253274,2025-03-22,2025-05-01,Same Day,CUST-5882,Darrell Rios,Consumer,West,Office Supplies,Labels
CA-795045,2023-09-11,2025-04-16,First Class,CUST-2972,Erin White,Home Office,Central,Furniture,Tables
CA-908520,2023-05-02,2025-04-11,First Class,CUST-1421,Michael Kennedy,Home Office,West,Office Supplies,Storage
CA-987140,2024-08-02,2025-04-30,First Class,CUST-3962,Kevin Morgan,Corporate,South,Office Supplies,Art
CA-463619,2024-12-18,2025-04-26,Second Class,CUST-2274,Crystal David,Home Office,East,Technology,Machines
CA-674249,2024-07-20,2025-04-15,First Class,CUST-5305,Katie Solomon,Consumer,East,Technology,Accessories
CA-330240,2024-12-21,2025-04-13,Second Class,CUST-1866,Heather Mccall,Home Office,Central,Technology,Accessories
CA-372731,2025-01-18,2025-04-23,Second Class,CUST-9096,Jonathan Velez,Consumer,South,Furniture,Bookcases
CA-950168,2023-10-04,2025-04-21,Same Day,CUST-5598,Michael Elliott,Consumer,Central,Office Supplies,Paper
CA-847144,2023-12-06,2025-05-06,Second Class,CUST-4258,David Schwartz,Home Office,South,Office Supplies,Labels
CA-847621,2024-01-10,2025-05-02,Second Class,CUST-4064,Deborah Rios,Home Office,East,Office Supplies,Labels
CA-673930,2023-07-16,2025-04-17,First Class,CUST-7687,Paige Murphy,Corporate,West,Furniture,Furnishings
CA-584459,2023-09-11,2025-04-13,First Class,CUST-4073,Samantha Chen,Consumer,West,Technology,Machines
CA-825398,2023-07-22,2025-04-13,Standard Class,CUST-7331,Lauren Snyder,Home Office,Central,Office Supplies,Art
CA-692540,2024-05-21,2025-05-08,First Class,CUST-6512,Caitlin Cook DDS,Corporate,West,Furniture,Chairs
CA-801895,2024-06-11,2025-05-02,First Class,CUST-7193,Jessica Anderson,Consumer,South,Technology,Computers
CA-534508,2024-05-21,2025-04-30,Standard Class,CUST-8319,Kenneth Harvey,Corporate,West,Office Supplies,Storage
CA-802532,2024-04-01,2025-05-04,Standard Class,CUST-6945,Michael Davis,Corporate,East,Furniture,Bookcases
CA-225137,2024-09-21,2025-04-11,Same Day,CUST-9407,Todd Campos,Consumer,Central,Technology,Phones
CA-899917,2024-08-06,2025-04-30,Same Day,CUST-9244,Kimberly Norman,Home Office,South,Technology,Machines
CA-519903,2023-07-24,2025-04-23,Same Day,CUST-2070,Kayla Johnson,Consumer,East,Furniture,Furnishings
CA-626985,2023-05-29,2025-04-27,Second Class,CUST-3911,Linda Turner,Consumer,Central,Technology,Phones
CA-769131,2023-06-30,2025-04-19,Standard Class,CUST-7844,Dr. Deanna Thornton,Consumer,South,Technology,Computers
CA-311800,2023-05-04,2025-04-22,Same Day,CUST-7596,Wendy Cline,Consumer,East,Office Supplies,Storage
CA-246297,2024-02-04,2025-04-17,First Class,CUST-2225,Lauren Woods,Home Office,East,Technology,Machines
CA-476949,2024-06-16,2025-04-29,Standard Class,CUST-2295,Jesse Wallace,Consumer,West,Furniture,Tables
CA-696210,2025-04-02,2025-04-27,Same Day,CUST-7697,Michele Thornton,Corporate,South,Furniture,Bookcases
CA-356541,2023-11-23,2025-04-21,First Class,CUST-5876,Donald Phelps,Corporate,East,Technology,Computers
CA-422001,2024-09-06,2025-04-18,Second Class,CUST-1176,Michael Padilla,Corporate,East,Furniture,Tables
CA-620660,2023-11-10,2025-04-22,Same Day,CUST-7000,Travis Howard,Corporate,South,Technology,Accessories
CA-710153,2024-09-20,2025-04-10,First Class,CUST-8206,Susan Jackson,Home Office,South,Technology,Computers
CA-930419,2024-09-28,2025-04-25,Standard Class,CUST-8264,George Williams,Consumer,Central,Furniture,Furnishings
CA-154963,2024-11-21,2025-04-26,First Class,CUST-3523,Bruce Brooks,Consumer,South,Technology,Computers
CA-491883,2023-10-04,2025-05-01,First Class,CUST-1799,Kevin Johnson,Corporate,Central,Office Supplies,Binders
CA-366173,2024-07-20,2025-05-05,Second Class,CUST-4018,Joseph Norris,Corporate,Central,Office Supplies,Paper
CA-433562,2023-10-15,2025-04-23,Standard Class,CUST-3938,Joseph Michael,Corporate,East,Office Supplies,Storage
CA-560869,2023-08-11,2025-04-25,Standard Class,CUST-7242,Shelley Johnson,Consumer,West,Technology,Copiers
CA-539137,2024-11-09,2025-04-14,First Class,CUST-8057,Amber Bowen,Home Office,West,Furniture,Furnishings
CA-431976,2024-11-11,2025-04-29,Standard Class,CUST-1414,John Martin,Consumer,South,Furniture,Chairs
CA-709906,2024-01-19,2025-04-19,Second Class,CUST-1133,Christopher Carlson,Corporate,South,Furniture,Chairs
CA-530881,2024-05-28,2025-04-10,Same Day,CUST-1575,Maurice Baldwin,Corporate,Central,Office Supplies,Paper
CA-688784,2023-09-30,2025-05-01,First Class,CUST-3955,George Wang,Corporate,East,Technology,Accessories
CA-739096,2024-05-01,2025-04-15,First Class,CUST-2747,Ruben Johnson,Corporate,East,Furniture,Tables
CA-270652,2023-12-15,2025-04-21,Second Class,CUST-8655,Amy Rowland,Consumer,Central,Office Supplies,Storage
CA-430622,2024-11-08,2025-04-11,Standard Class,CUST-9855,Laura Murillo,Home Office,West,Furniture,Tables
CA-295403,2024-11-08,2025-04-23,Standard Class,CUST-3535,Kim Thompson,Corporate,West,Furniture,Tables
CA-846680,2023-12-17,2025-04-30,First Class,CUST-4889,Jordan Ruiz,Corporate,Central,Office Supplies,Binders
CA-469486,2023-04-29,2025-05-07,Standard Class,CUST-6668,Scott Shelton DDS,Consumer,South,Technology,Copiers
CA-948429,2025-03-29,2025-04-20,Second Class,CUST-1146,Paul Johnson,Home Office,East,Technology,Machines
CA-144569,2024-04-11,2025-04-10,Same Day,CUST-9568,Ashley Moore,Home Office,West,Furniture,Furnishings
CA-668808,2023-10-23,2025-04-29,Standard Class,CUST-9053,Carlos Chung,Consumer,East,Technology,Accessories
CA-554050,2023-09-17,2025-04-13,Standard Class,CUST-1800,Nicholas Sanchez,Corporate,East,Technology,Machines
CA-333703,2025-03-02,2025-04-24,Standard Class,CUST-2749,Destiny Rodriguez,Corporate,South,Office Supplies,Binders
CA-121989,2023-08-14,2025-04-14,Standard Class,CUST-4810,Katherine Young,Consumer,East,Furniture,Bookcases
CA-315118,2024-02-27,2025-04-12,First Class,CUST-2940,Patricia Young,Consumer,Central,Office Supplies,Labels
CA-880296,2024-05-03,2025-04-23,Standard Class,CUST-8741,Bradley Johnson,Home Office,Central,Office Supplies,Art
CA-845111,2024-03-05,2025-04-20,Same Day,CUST-7692,David Mccall,Home Office,West,Technology,Computers
CA-641608,2024-04-19,2025-04-17,Second Class,CUST-2754,Scott Turner,Consumer,Central,Office Supplies,Storage
CA-325239,2024-02-15,2025-04-09,Standard Class,CUST-4097,Jeffrey Gutierrez DDS,Consumer,South,Technology,Phones
CA-924442,2024-05-26,2025-04-23,Second Class,CUST-3315,Daniel Hunter,Consumer,West,Furniture,Bookcases
CA-743445,2023-07-21,2025-05-07,Standard Class,CUST-8383,Jonathan Perry,Home Office,Central,Technology,Machines
CA-880656,2024-02-04,2025-04-22,First Class,CUST-2006,Shannon Rubio,Home Office,West,Technology,Accessories
CA-179450,2024-12-14,2025-04-17,Same Day,CUST-4323,Johnny Price,Home Office,West,Office Supplies,Binders
CA-655351,2023-12-22,2025-05-03,Standard Class,CUST-3418,Trevor Carr,Consumer,South,Technology,Accessories
CA-205974,2024-12-13,2025-04-16,Standard Class,CUST-1499,Ryan Mueller,Corporate,Central,Technology,Phones
CA-599891,2024-09-02,2025-04-12,First Class,CUST-8693,Benjamin Edwards,Home Office,South,Technology,Computers
CA-851766,2023-04-10,2025-04-12,Same Day,CUST-8958,Tiffany Carpenter,Home Office,East,Furniture,Furnishings
CA-864971,2023-04-22,2025-04-24,Same Day,CUST-5051,Amy Michael,Consumer,Central,Technology,Copiers
CA-231449,2024-05-12,2025-05-03,First Class,CUST-2197,Alexander Davis,Home Office,East,Furniture,Chairs
CA-323980,2024-09-24,2025-05-08,Second Class,CUST-4850,Eugene Woods,Home Office,Central,Office Supplies,Storage
CA-140079,2024-10-19,2025-04-30,Second Class,CUST-5633,Jacqueline Maxwell,Consumer,West,Office Supplies,Storage
CA-368106,2024-04-11,2025-05-08,First Class,CUST-6237,Jeremy Davis MD,Consumer,Central,Office Supplies,Storage
CA-579665,2024-12-16,2025-04-22,Second Class,CUST-8603,Rachel Holmes,Consumer,West,Office Supplies,Binders
CA-399040,2023-04-15,2025-04-18,First Class,CUST-2655,James Hickman,Consumer,South,Furniture,Tables
CA-661180,2024-02-18,2025-04-19,Standard Class,CUST-2285,Nicole Brooks,Corporate,West,Office Supplies,Binders
CA-555403,2023-07-16,2025-04-11,Second Class,CUST-3098,Bridget Ramirez,Corporate,Central,Furniture,Chairs
CA-546210,2023-05-05,2025-05-02,Same Day,CUST-7995,Leslie Powell,Home Office,West,Technology,Phones
CA-943583,2023-11-05,2025-04-30,Standard Class,CUST-2595,Albert Jones,Corporate,West,Technology,Phones
CA-462887,2023-06-27,2025-04-28,First Class,CUST-2662,Christopher Cain,Consumer,East,Furniture,Furnishings
CA-861583,2024-04-04,2025-05-02,Second Class,CUST-8213,Susan Tucker,Home Office,Central,Office Supplies,Paper
CA-430016,2023-07-25,2025-04-28,Standard Class,CUST-3742,Pamela Barber,Corporate,West,Office Supplies,Paper
CA-178896,2024-03-30,2025-05-03,Second Class,CUST-9746,Kristie Jordan,Corporate,South,Office Supplies,Art
CA-920568,2023-08-03,2025-04-17,Standard Class,CUST-9364,Andrew Malone,Corporate,South,Office Supplies,Binders
CA-255852,2024-05-01,2025-04-12,Standard Class,CUST-6132,Melissa Leach,Home Office,South,Furniture,Bookcases
CA-995448,2023-04-10,2025-04-09,Second Class,CUST-3209,William Wilson,Consumer,Central,Technology,Phones
CA-802682,2025-03-27,2025-04-27,Second Class,CUST-1484,Christopher Thompson,Home Office,South,Office Supplies,Storage
CA-470901,2023-04-13,2025-04-11,Same Day,CUST-5971,Jeffrey Anderson,Corporate,West,Office Supplies,Storage
CA-505193,2023-08-13,2025-04-27,Same Day,CUST-9703,Michael Lynn,Home Office,West,Technology,Computers
CA-410465,2024-01-30,2025-04-10,Standard Class,CUST-6947,Matthew Kirk,Corporate,East,Office Supplies,Binders
CA-399476,2024-07-10,2025-04-16,Second Class,CUST-8762,Paul Holloway,Home Office,Central,Furniture,Chairs
CA-778260,2024-02-13,2025-05-04,Standard Class,CUST-3409,David Gomez,Consumer,South,Furniture,Chairs
CA-468645,2024-04-28,2025-05-07,Second Class,CUST-5835,Marie Davila,Corporate,East,Furniture,Furnishings
CA-367451,2024-02-09,2025-04-28,Standard Class,CUST-5530,Jill Sanders,Corporate,East,Furniture,Bookcases
CA-833478,2023-08-30,2025-04-18,First Class,CUST-4806,William Hale,Consumer,Central,Office Supplies,Labels
CA-455921,2024-05-04,2025-04-18,Same Day,CUST-5220,Katherine Peters,Consumer,East,Office Supplies,Storage
CA-558924,2023-10-03,2025-05-08,Second Class,CUST-2779,Andre Campbell,Corporate,Central,Technology,Machines
CA-161847,2024-11-17,2025-04-16,Second Class,CUST-2402,Kayla Pennington,Corporate,South,Technology,Accessories
CA-968810,2023-11-27,2025-05-05,Standard Class,CUST-9546,Jay Smith,Home Office,East,Technology,Copiers
CA-555835,2023-08-10,2025-05-03,Same Day,CUST-1225,Helen Thompson,Corporate,West,Office Supplies,Art
CA-954718,2024-08-18,2025-05-02,First Class,CUST-2593,Ricky Simon,Corporate,West,Office Supplies,Storage
CA-592147,2023-08-05,2025-04-25,Same Day,CUST-4046,Julia Knight,Home Office,South,Furniture,Furnishings
CA-420145,2023-08-31,2025-04-10,Second Class,CUST-1125,Luis Boyle,Consumer,West,Technology,Phones
CA-787945,2024-10-24,2025-05-03,Standard Class,CUST-9036,Brandon Rodriguez,Home Office,West,Furniture,Furnishings
CA-156130,2024-02-18,2025-04-27,Standard Class,CUST-4839,David Cochran,Home Office,East,Office Supplies,Art
CA-274958,2023-07-03,2025-04-12,First Class,CUST-6282,Erica Thomas,Home Office,East,Office Supplies,Art
CA-506212,2024-02-01,2025-04-28,First Class,CUST-4209,Susan Farley,Corporate,East,Technology,Computers
CA-698878,2024-03-10,2025-04-17,Second Class,CUST-2347,Kayla Young,Consumer,West,Furniture,Chairs
CA-942007,2024-12-23,2025-04-12,First Class,CUST-9201,Amy Rodriguez,Home Office,East,Furniture,Chairs
CA-237191,2024-07-11,2025-05-06,First Class,CUST-8996,Gregory Gregory,Consumer,Central,Furniture,Bookcases
CA-211969,2023-04-22,2025-04-19,First Class,CUST-8450,Mckenzie Long,Home Office,South,Technology,Phones
CA-319704,2025-02-25,2025-04-17,First Class,CUST-8670,Cynthia Brandt,Consumer,West,Technology,Copiers
CA-519296,2023-11-20,2025-04-16,Same Day,CUST-9366,Barbara Higgins,Corporate,Central,Furniture,Tables
CA-683235,2024-03-28,2025-04-15,Same Day,CUST-1654,Alexander Franklin,Corporate,South,Technology,Phones
CA-925568,2023-11-21,2025-05-03,First Class,CUST-9645,April King,Consumer,Central,Office Supplies,Binders
CA-753128,2025-01-19,2025-04-15,First Class,CUST-2460,Amy Hill,Home Office,South,Technology,Computers
CA-872952,2024-11-12,2025-04-18,Standard Class,CUST-2669,Evelyn Chang,Consumer,South,Technology,Accessories
CA-485510,2025-04-03,2025-04-27,Second Class,CUST-5195,Robert Crawford,Home Office,East,Technology,Computers
CA-871799,2024-06-24,2025-04-19,Second Class,CUST-8260,Patrick Harris,Consumer,Central,Office Supplies,Art
CA-824863,2024-12-08,2025-04-28,Second Class,CUST-5332,Kathleen Everett,Home Office,Central,Furniture,Furnishings
CA-287990,2024-08-06,2025-04-14,First Class,CUST-6932,James Bond,Consumer,West,Technology,Accessories
CA-983698,2023-10-28,2025-04-14,Standard Class,CUST-7212,Scott Lewis,Corporate,East,Office Supplies,Binders
CA-897182,2025-03-08,2025-04-18,Same Day,CUST-7842,Thomas Nelson,Home Office,East,Technology,Machines
CA-349139,2025-01-07,2025-04-11,Second Class,CUST-5249,Kathleen Osborn,Corporate,South,Technology,Copiers
CA-395029,2024-01-19,2025-04-12,Second Class,CUST-2438,Allen Brewer,Corporate,West,Technology,Phones
CA-275329,2025-01-15,2025-04-10,First Class,CUST-1338,Adam Butler,Home Office,South,Technology,Copiers
CA-679513,2023-06-26,2025-04-16,Same Day,CUST-6928,Edwin Harris,Corporate,South,Office Supplies,Paper
CA-391941,2024-08-01,2025-04-18,Same Day,CUST-7252,Hannah Murphy,Corporate,South,Furniture,Tables
CA-298080,2023-11-13,2025-04-10,Second Class,CUST-7659,Angela Smith,Home Office,East,Office Supplies,Binders
CA-311182,2025-01-20,2025-04-27,Second Class,CUST-1424,Diane Park,Home Office,Central,Office Supplies,Labels
CA-323216,2024-12-13,2025-04-27,Second Class,CUST-4811,Heather Lawrence,Consumer,East,Technology,Computers
CA-636494,2023-11-11,2025-04-27,Same Day,CUST-5900,Dean Adams,Corporate,Central,Technology,Phones
CA-910089,2023-10-31,2025-04-21,First Class,CUST-4515,Stephanie Williams,Consumer,Central,Technology,Copiers
CA-154014,2023-05-16,2025-04-17,Same Day,CUST-5140,Christopher Bowen,Home Office,South,Furniture,Bookcases
CA-734909,2023-11-15,2025-05-01,Same Day,CUST-4650,Michael Taylor,Corporate,South,Office Supplies,Labels
CA-183772,2023-11-20,2025-04-23,Same Day,CUST-9037,Thomas Baker,Home Office,West,Technology,Phones
CA-552592,2025-04-01,2025-04-12,Standard Class,CUST-3971,Brian Brown,Corporate,East,Furniture,Tables
CA-379297,2023-07-03,2025-04-13,Standard Class,CUST-7918,Marcus Johnson,Corporate,East,Furniture,Chairs
CA-553303,2024-10-08,2025-04-13,Second Class,CUST-1504,Courtney Smith,Corporate,South,Technology,Computers
CA-816158,2025-01-05,2025-04-27,Second Class,CUST-3134,Tracy Lowe,Corporate,South,Furniture,Tables
CA-262454,2025-02-10,2025-04-14,Second Class,CUST-9833,Kevin Perkins,Corporate,South,Technology,Machines
CA-528931,2024-12-29,2025-05-06,Same Day,CUST-5900,Alexandra Young,Consumer,South,Office Supplies,Art
CA-199801,2023-05-19,2025-04-20,Same Day,CUST-9904,Michael Mercer,Corporate,South,Furniture,Chairs
CA-915269,2023-11-08,2025-04-23,Standard Class,CUST-6691,Cynthia Patterson,Corporate,South,Office Supplies,Labels
CA-993787,2023-09-11,2025-04-13,Same Day,CUST-6459,Kayla Harrison,Corporate,South,Office Supplies,Paper
CA-142984,2025-02-25,2025-04-21,Second Class,CUST-8252,Traci Bush,Consumer,South,Furniture,Chairs
CA-208807,2023-09-19,2025-04-23,First Class,CUST-6139,Shawn Williams,Consumer,West,Furniture,Chairs
CA-824855,2024-02-08,2025-04-26,Standard Class,CUST-1544,Terry Todd,Home Office,South,Technology,Copiers
CA-287860,2024-08-16,2025-04-19,Second Class,CUST-8989,Sherry James,Corporate,Central,Furniture,Furnishings
CA-282523,2024-06-21,2025-04-19,Second Class,CUST-2811,Lori Stafford,Consumer,West,Office Supplies,Paper
CA-585290,2024-05-11,2025-04-18,Standard Class,CUST-1535,Ellen Singleton,Consumer,East,Furniture,Chairs
CA-836553,2023-10-10,2025-04-24,Second Class,CUST-9214,William West,Corporate,South,Technology,Machines
CA-720921,2024-05-23,2025-05-03,Same Day,CUST-3072,Jeanne Davis,Corporate,South,Furniture,Chairs
CA-473025,2024-03-08,2025-05-06,Standard Class,CUST-9227,Anita Lewis,Corporate,Central,Office Supplies,Labels
CA-428658,2024-03-08,2025-05-06,Second Class,CUST-1959,Taylor Frederick,Home Office,East,Office Supplies,Storage
CA-749938,2024-06-29,2025-04-17,First Class,CUST-8769,Thomas Harris,Consumer,South,Office Supplies,Storage
CA-742760,2023-07-08,2025-04-19,First Class,CUST-3369,Wesley Huang,Corporate,East,Furniture,Tables
CA-805626,2024-09-26,2025-04-27,Standard Class,CUST-5013,Jennifer Smith,Corporate,West,Furniture,Bookcases
CA-499852,2025-03-21,2025-04-11,Same Day,CUST-6429,Julie Perez,Corporate,West,Technology,Copiers
CA-140237,2024-04-22,2025-04-12,Standard Class,CUST-7282,Elizabeth Liu,Corporate,Central,Furniture,Tables
CA-574439,2024-07-09,2025-04-28,First Class,CUST-5429,Tracy Knight,Consumer,Central,Office Supplies,Storage
CA-340694,2023-12-29,2025-04-22,Second Class,CUST-3816,Aaron Cross,Home Office,Central,Office Supplies,Labels
CA-670101,2023-06-22,2025-04-28,Same Day,CUST-6054,Kenneth Hampton,Consumer,South,Office Supplies,Paper
CA-459836,2025-01-06,2025-05-02,Same Day,CUST-6183,Johnathan Velasquez,Home Office,Central,Furniture,Tables
CA-262081,2023-12-31,2025-04-27,Standard Class,CUST-3049,Amber Bradshaw,Consumer,East,Furniture,Bookcases
CA-471822,2023-09-09,2025-04-21,Standard Class,CUST-5896,Jill Cruz,Consumer,South,Furniture,Tables
CA-642092,2025-04-07,2025-04-30,Second Class,CUST-5850,Mark Boyer,Consumer,West,Technology,Computers
CA-918027,2024-09-27,2025-04-30,First Class,CUST-4101,Shane Cruz,Corporate,Central,Office Supplies,Labels
CA-942524,2023-10-17,2025-04-17,Standard Class,CUST-2537,Erica Cruz,Home Office,Central,Furniture,Tables
CA-479164,2024-11-04,2025-04-21,Same Day,CUST-2122,Timothy Mccoy,Home Office,East,Furniture,Chairs
CA-868616,2023-07-06,2025-05-03,Second Class,CUST-5808,Ruben Moore,Corporate,Central,Technology,Computers
CA-830667,2024-08-11,2025-04-24,Standard Class,CUST-2978,Marcus Clark,Corporate,East,Furniture,Chairs
CA-589292,2025-01-04,2025-04-14,First Class,CUST-8004,Timothy Leon,Consumer,South,Office Supplies,Art
CA-605455,2023-11-20,2025-04-25,Same Day,CUST-6171,Samuel Young,Home Office,South,Office Supplies,Art
CA-551253,2024-06-24,2025-04-09,Same Day,CUST-6759,Lisa Cooper,Home Office,South,Furniture,Tables
CA-295164,2023-11-10,2025-04-29,Same Day,CUST-6372,Rachel Holmes,Consumer,East,Office Supplies,Storage
CA-592364,2025-02-12,2025-05-03,First Class,CUST-6946,Jamie Mccann,Consumer,West,Technology,Accessories
CA-900996,2025-04-07,2025-04-12,Second Class,CUST-1122,Diana Dodson,Corporate,West,Office Supplies,Paper
CA-646279,2023-11-22,2025-04-21,Standard Class,CUST-8874,Michael Ochoa,Corporate,South,Technology,Machines
CA-987807,2023-12-13,2025-05-05,First Class,CUST-6494,Amber Wright,Home Office,Central,Technology,Phones
CA-755591,2023-07-01,2025-04-13,Same Day,CUST-8962,Lori Hill,Home Office,East,Technology,Computers
CA-548994,2024-06-11,2025-04-16,First Class,CUST-5657,Randy Peterson,Home Office,South,Technology,Machines
CA-628965,2024-03-10,2025-05-06,Standard Class,CUST-8404,John Ramirez,Corporate,South,Technology,Computers
CA-466941,2024-05-17,2025-05-06,Second Class,CUST-7596,Helen Petersen,Corporate,South,Office Supplies,Binders
CA-536686,2024-01-27,2025-04-18,Second Class,CUST-4655,Dillon Horn,Home Office,West,Office Supplies,Labels
CA-848727,2023-07-31,2025-04-25,First Class,CUST-3157,Joseph Peterson,Consumer,East,Furniture,Bookcases
CA-549002,2023-10-02,2025-05-07,Second Class,CUST-5559,Susan Mann,Corporate,West,Furniture,Bookcases
CA-105566,2024-07-30,2025-04-28,Standard Class,CUST-9268,Joseph Johnson,Consumer,Central,Office Supplies,Binders
CA-745871,2024-01-30,2025-04-14,Second Class,CUST-8076,Shannon Mitchell,Corporate,Central,Office Supplies,Labels
CA-186951,2024-02-29,2025-05-01,Same Day,CUST-1440,Frank Oconnor,Corporate,Central,Office Supplies,Paper
CA-860052,2023-10-06,2025-04-29,Same Day,CUST-6986,Mark Estrada,Corporate,West,Office Supplies,Labels
CA-889460,2023-10-30,2025-05-07,First Class,CUST-4034,Paige Gutierrez,Home Office,East,Technology,Accessories
CA-802059,2023-12-30,2025-04-28,Standard Class,CUST-6706,Shawn Guzman,Home Office,East,Furniture,Bookcases
CA-763701,2023-10-06,2025-04-10,First Class,CUST-4470,Timothy Cummings,Corporate,East,Technology,Copiers
CA-346195,2025-02-09,2025-04-28,Same Day,CUST-7500,Amanda Banks,Consumer,Central,Furniture,Tables
CA-641304,2023-12-03,2025-04-23,Same Day,CUST-7667,Jeffery Gray,Home Office,Central,Office Supplies,Labels
CA-256930,2024-10-16,2025-04-20,Standard Class,CUST-7851,Mr. Benjamin Rice,Corporate,West,Office Supplies,Binders
CA-386402,2025-02-24,2025-04-19,Standard Class,CUST-7951,Jesse Lee,Consumer,East,Furniture,Bookcases
CA-751718,2024-10-16,2025-04-28,First Class,CUST-8366,James Howell,Corporate,West,Furniture,Bookcases
CA-801256,2024-06-18,2025-05-07,Standard Class,CUST-9391,Joshua Green,Home Office,East,Office Supplies,Labels
CA-754619,2025-03-31,2025-05-05,First Class,CUST-5311,Matthew Thompson,Home Office,West,Technology,Machines
CA-252600,2024-12-26,2025-04-18,Same Day,CUST-5408,Alex Reynolds,Corporate,South,Furniture,Furnishings
CA-559959,2023-05-13,2025-04-20,Second Class,CUST-8905,Melinda Church,Home Office,South,Technology,Machines
CA-549246,2023-09-16,2025-05-04,First Class,CUST-6192,William Lopez,Consumer,South,Office Supplies,Binders
CA-559230,2023-09-26,2025-04-12,First Class,CUST-4103,Maria Rogers,Consumer,Central,Furniture,Bookcases
CA-804339,2024-04-06,2025-05-03,Standard Class,CUST-2941,Matthew Harrell,Corporate,South,Technology,Copiers
CA-773024,2023-09-11,2025-04-17,First Class,CUST-2246,Terry Morris,Home Office,Central,Technology,Machines
CA-708642,2023-11-21,2025-05-03,Second Class,CUST-2524,Christopher White,Consumer,Central,Furniture,Tables
CA-647795,2023-12-01,2025-04-30,Standard Class,CUST-4213,Kendra Wallace,Corporate,South,Furniture,Furnishings
CA-988524,2024-09-20,2025-04-29,Standard Class,CUST-2005,Austin Schwartz,Corporate,West,Technology,Phones
CA-409833,2023-11-20,2025-04-20,First Class,CUST-2111,Nicole Cisneros,Consumer,East,Technology,Computers
CA-881531,2023-08-01,2025-04-30,Standard Class,CUST-4635,Robert Edwards,Corporate,South,Furniture,Bookcases
CA-877419,2024-08-31,2025-04-11,Second Class,CUST-2537,Jacqueline Johnson,Corporate,Central,Office Supplies,Binders
CA-183744,2023-06-23,2025-04-18,First Class,CUST-1570,Jack Wright,Consumer,South,Furniture,Chairs
CA-793108,2023-10-06,2025-05-01,Standard Class,CUST-6173,Maria Beard,Consumer,East,Furniture,Bookcases
CA-498589,2025-01-21,2025-04-20,Standard Class,CUST-6336,Lisa Lewis,Consumer,East,Furniture,Bookcases
CA-345414,2023-09-18,2025-04-11,Standard Class,CUST-2309,Joann Edwards,Consumer,South,Technology,Machines
CA-506534,2024-03-06,2025-04-25,Same Day,CUST-8163,Teresa Romero,Corporate,Central,Furniture,Furnishings
CA-874563,2024-05-23,2025-04-11,Same Day,CUST-2541,Alex Gonzalez,Corporate,South,Furniture,Chairs
CA-374952,2025-03-30,2025-04-10,Second Class,CUST-6660,Hannah Ray,Home Office,West,Technology,Phones
CA-605923,2024-04-20,2025-04-16,Second Class,CUST-6165,Michael Ramirez,Consumer,South,Furniture,Bookcases
CA-990315,2023-08-24,2025-04-21,Standard Class,CUST-7640,Stacy Taylor,Corporate,South,Furniture,Furnishings
CA-747469,2024-02-21,2025-04-23,Same Day,CUST-9627,Stephanie Miller,Home Office,West,Furniture,Bookcases
CA-327952,2025-03-25,2025-04-13,Standard Class,CUST-3120,Dr. Anthony Parker,Corporate,Central,Office Supplies,Storage
CA-657306,2023-11-29,2025-04-17,Second Class,CUST-8100,William Bowman,Home Office,East,Office Supplies,Art
CA-376509,2024-11-08,2025-05-02,Same Day,CUST-9079,Joshua Randall,Consumer,West,Furniture,Bookcases
CA-816553,2024-04-14,2025-04-25,Second Class,CUST-7274,Brian Peters,Corporate,Central,Furniture,Chairs
CA-972231,2025-02-19,2025-04-10,Second Class,CUST-3942,Jennifer Mata,Corporate,West,Furniture,Bookcases
CA-745742,2024-06-01,2025-04-27,Same Day,CUST-8657,Tracy Sandoval,Corporate,West,Technology,Phones
CA-914316,2023-06-28,2025-04-27,Standard Class,CUST-3248,Caitlyn Robinson,Consumer,South,Office Supplies,Art
CA-789904,2024-04-05,2025-04-26,Same Day,CUST-1121,Mr. Charles Robertson,Corporate,Central,Furniture,Furnishings
CA-427129,2024-06-07,2025-05-04,First Class,CUST-5998,Duane Fitzgerald,Corporate,South,Office Supplies,Labels
CA-553191,2024-03-08,2025-04-17,Second Class,CUST-4714,Laura Hernandez,Home Office,Central,Furniture,Tables
CA-315680,2023-07-19,2025-05-01,Second Class,CUST-4491,Curtis Ferguson,Corporate,West,Office Supplies,Labels
CA-508403,2025-01-06,2025-05-01,Second Class,CUST-2339,Derek Davenport,Corporate,West,Technology,Phones
CA-488794,2024-07-24,2025-04-12,Standard Class,CUST-6929,Virginia Powell,Home Office,East,Office Supplies,Binders
CA-969692,2024-09-01,2025-05-04,Second Class,CUST-4531,Laura Williams,Home Office,East,Technology,Machines
CA-400954,2024-06-19,2025-05-01,First Class,CUST-8002,Lauren Reilly,Corporate,South,Office Supplies,Paper
CA-239447,2024-11-10,2025-04-13,Standard Class,CUST-5082,Sarah Rogers,Corporate,South,Office Supplies,Paper
CA-504061,2024-09-14,2025-05-01,Standard Class,CUST-3204,Sandra Henderson,Corporate,Central,Furniture,Chairs
CA-412971,2024-08-05,2025-04-21,First Class,CUST-6520,Lisa Goodman,Home Office,West,Technology,Phones
CA-806490,2024-01-04,2025-05-05,Second Class,CUST-4591,Debbie Munoz,Corporate,Central,Furniture,Furnishings
CA-692351,2024-05-30,2025-04-30,Same Day,CUST-9526,Michael Wu,Home Office,West,Office Supplies,Art
CA-954830,2024-11-30,2025-04-15,Standard Class,CUST-7345,Patrick Taylor,Consumer,South,Technology,Machines
CA-448137,2023-08-15,2025-04-09,Second Class,CUST-9572,Steven Lewis,Corporate,South,Technology,Accessories
CA-979832,2023-05-04,2025-04-24,Standard Class,CUST-7413,Karen Mcdowell,Consumer,West,Furniture,Bookcases
CA-456004,2024-10-14,2025-04-22,Same Day,CUST-7237,Jordan Fernandez,Consumer,East,Technology,Computers
CA-484454,2024-10-07,2025-04-24,Second Class,CUST-6476,Stephanie Rollins,Consumer,South,Office Supplies,Binders
CA-852945,2024-09-05,2025-05-05,Second Class,CUST-2232,Victor White,Corporate,South,Office Supplies,Labels
CA-665925,2023-05-22,2025-05-07,Standard Class,CUST-2436,Jessica Lloyd,Consumer,East,Office Supplies,Labels
CA-561445,2023-07-02,2025-04-23,Standard Class,CUST-3328,Erik Robinson,Consumer,Central,Technology,Accessories
CA-414170,2024-04-09,2025-04-29,Standard Class,CUST-3631,Brian Sellers,Corporate,West,Furniture,Furnishings
CA-755986,2024-08-26,2025-04-11,Second Class,CUST-4441,Rachael Lewis,Home Office,West,Technology,Copiers
CA-999617,2023-09-05,2025-04-20,Same Day,CUST-2187,Scott Brown,Consumer,Central,Technology,Machines
CA-720853,2023-09-28,2025-04-21,Same Day,CUST-3398,Gregory Jimenez,Corporate,East,Furniture,Furnishings
CA-285421,2024-06-01,2025-04-19,First Class,CUST-7245,Matthew Hughes,Corporate,West,Furniture,Chairs
CA-157317,2024-12-24,2025-04-20,Same Day,CUST-4914,Chad Sims,Home Office,West,Office Supplies,Paper
CA-496446,2023-04-21,2025-04-14,First Class,CUST-6929,Yesenia Hayes,Corporate,East,Furniture,Bookcases
CA-232223,2025-02-16,2025-04-28,Second Class,CUST-5371,Angela Finley,Consumer,East,Technology,Phones
CA-360575,2023-10-15,2025-05-07,Standard Class,CUST-4973,Kimberly Cannon,Home Office,Central,Office Supplies,Binders
CA-887932,2024-07-02,2025-04-17,Standard Class,CUST-2962,Linda Pitts,Corporate,South,Office Supplies,Paper
CA-472966,2023-08-12,2025-04-17,Second Class,CUST-9836,Jeremy White,Corporate,East,Furniture,Furnishings
CA-294189,2023-09-12,2025-05-04,Second Class,CUST-4038,Jacob Morgan,Home Office,East,Office Supplies,Binders
CA-728194,2025-01-05,2025-05-01,Second Class,CUST-1140,Sean Pope,Home Office,South,Furniture,Chairs
CA-602845,2023-12-11,2025-04-13,First Class,CUST-2182,Paul Murphy,Corporate,West,Furniture,Bookcases
CA-679354,2024-04-30,2025-05-05,First Class,CUST-7373,Charles Thompson,Home Office,Central,Furniture,Bookcases
CA-859761,2023-05-28,2025-05-07,Standard Class,CUST-7921,Justin Taylor,Corporate,South,Office Supplies,Binders
CA-815157,2025-03-11,2025-05-04,Same Day,CUST-7911,Priscilla Brown,Corporate,Central,Technology,Copiers
CA-117510,2023-11-19,2025-04-29,Second Class,CUST-5433,Michael Russell,Home Office,South,Office Supplies,Storage
CA-269206,2023-11-09,2025-05-03,First Class,CUST-2314,Tyler Miles,Home Office,West,Office Supplies,Labels
CA-163319,2023-06-27,2025-05-06,First Class,CUST-5363,Bridget Harris,Home Office,West,Office Supplies,Art
CA-339391,2025-02-07,2025-04-20,Same Day,CUST-6590,Christine Jimenez,Corporate,South,Office Supplies,Binders
CA-221104,2024-07-28,2025-04-15,Standard Class,CUST-8136,Kevin Castillo,Consumer,South,Office Supplies,Paper
CA-695475,2023-05-18,2025-04-18,Standard Class,CUST-2494,Amy Cobb,Home Office,East,Furniture,Tables
CA-332857,2023-05-05,2025-05-06,Second Class,CUST-9613,Tina Moore,Home Office,South,Technology,Computers
CA-549288,2023-06-29,2025-04-28,First Class,CUST-8869,Steven Davis,Consumer,South,Furniture,Chairs
CA-372778,2023-09-16,2025-05-03,Standard Class,CUST-2023,Rachel Brock,Home Office,East,Office Supplies,Art
CA-514804,2024-03-20,2025-05-07,Same Day,CUST-9684,Sandra Williams,Consumer,South,Office Supplies,Labels
CA-358465,2024-04-02,2025-04-22,Standard Class,CUST-9238,Joseph Bullock,Corporate,Central,Office Supplies,Binders
CA-570269,2023-12-26,2025-04-18,Standard Class,CUST-6359,Mike Flynn,Corporate,East,Furniture,Chairs
CA-249678,2023-08-25,2025-04-14,First Class,CUST-5605,Travis Stewart,Consumer,South,Office Supplies,Binders
CA-751785,2024-08-05,2025-04-12,Second Class,CUST-9304,Jason Jackson,Consumer,South,Office Supplies,Paper
CA-385413,2024-08-15,2025-04-29,Second Class,CUST-2624,Mark Johnson,Corporate,South,Office Supplies,Art
CA-309114,2024-08-20,2025-05-01,Standard Class,CUST-5534,Keith Burke,Home Office,Central,Furniture,Furnishings
CA-846513,2024-08-27,2025-04-19,Same Day,CUST-8927,Judy Gonzalez,Consumer,West,Furniture,Bookcases
CA-204204,2024-12-20,2025-04-25,Same Day,CUST-9216,Tim Frank DDS,Corporate,West,Office Supplies,Paper
CA-328426,2023-12-14,2025-04-27,First Class,CUST-5939,Nancy Smith,Consumer,South,Office Supplies,Art
CA-178572,2023-12-21,2025-04-25,Same Day,CUST-6512,Lori Taylor,Home Office,West,Furniture,Bookcases
CA-956947,2025-02-28,2025-05-02,Same Day,CUST-3478,Bailey Burch,Corporate,Central,Office Supplies,Labels
CA-104780,2023-10-04,2025-04-30,Same Day,CUST-9475,Destiny Morales,Corporate,Central,Technology,Phones
CA-746204,2023-09-07,2025-04-17,Same Day,CUST-3029,Shane Hawkins,Home Office,West,Office Supplies,Storage
CA-251478,2025-02-17,2025-04-29,First Class,CUST-7038,Jason Brown,Home Office,West,Furniture,Chairs
CA-834455,2023-12-14,2025-05-07,First Class,CUST-1105,Don Morgan,Consumer,Central,Furniture,Chairs
CA-563704,2025-01-11,2025-04-17,Same Day,CUST-1992,Cheryl Guerrero,Consumer,West,Office Supplies,Art
CA-106166,2023-10-19,2025-04-17,Standard Class,CUST-5079,Kimberly Salas,Corporate,Central,Office Supplies,Storage
CA-984930,2023-04-16,2025-05-08,Standard Class,CUST-9116,Whitney Thomas,Corporate,East,Technology,Copiers
CA-387244,2025-01-19,2025-04-29,First Class,CUST-2250,Randall Cook,Consumer,East,Furniture,Furnishings
CA-612190,2024-08-20,2025-04-27,Second Class,CUST-8165,Andrew Walsh,Corporate,East,Furniture,Furnishings
CA-766427,2024-09-18,2025-05-03,Same Day,CUST-9730,Kelly Clayton,Home Office,East,Office Supplies,Binders
CA-629041,2023-08-13,2025-05-03,Same Day,CUST-5498,Rebecca Reynolds,Corporate,Central,Office Supplies,Storage
CA-314044,2023-11-28,2025-05-01,Same Day,CUST-5823,Kenneth Roy,Home Office,West,Technology,Machines
CA-766544,2024-07-04,2025-04-10,Standard Class,CUST-9680,Karen Warner,Consumer,Central,Technology,Phones
CA-880834,2023-05-02,2025-04-24,Standard Class,CUST-4730,Tami Freeman,Corporate,Central,Furniture,Furnishings
CA-928373,2025-02-24,2025-04-17,Same Day,CUST-6956,Richard Harris,Consumer,West,Office Supplies,Binders
CA-223196,2024-01-20,2025-04-19,Standard Class,CUST-5366,Megan Miller,Consumer,Central,Furniture,Bookcases
CA-909320,2024-02-20,2025-05-03,Same Day,CUST-7751,Tyler Huff,Home Office,Central,Office Supplies,Paper
CA-143522,2024-03-18,2025-05-08,First Class,CUST-3362,Morgan Newton,Consumer,South,Furniture,Furnishings
CA-330051,2024-01-27,2025-04-29,Second Class,CUST-1882,Joshua Foster,Home Office,South,Office Supplies,Binders
CA-261378,2024-01-08,2025-05-03,Same Day,CUST-7464,Christian Smith,Home Office,South,Office Supplies,Art
CA-737692,2024-07-23,2025-04-25,Second Class,CUST-5652,Melissa Hall,Consumer,West,Furniture,Tables
CA-237146,2023-10-11,2025-04-19,First Class,CUST-6401,Thomas Jones,Consumer,Central,Furniture,Chairs
CA-314170,2023-07-23,2025-04-19,First Class,CUST-7279,Nathan Wolfe,Home Office,East,Furniture,Tables
CA-827327,2024-03-31,2025-04-13,Standard Class,CUST-6531,Jennifer Smith,Home Office,East,Technology,Phones
CA-292567,2023-05-19,2025-04-12,Standard Class,CUST-1581,Cynthia Hansen,Consumer,East,Technology,Machines
CA-256071,2024-06-08,2025-04-29,Second Class,CUST-2448,Virginia Mcdonald,Corporate,South,Furniture,Furnishings
CA-231709,2024-10-22,2025-04-15,Same Day,CUST-6552,Evan Smith,Home Office,South,Technology,Computers
CA-176690,2025-03-28,2025-05-05,Same Day,CUST-9781,Elizabeth Watson,Home Office,South,Office Supplies,Binders
CA-523470,2024-11-16,2025-05-08,Second Class,CUST-2031,Casey Jones,Corporate,East,Office Supplies,Binders
CA-906457,2025-03-27,2025-04-21,Standard Class,CUST-2594,Christopher Logan,Corporate,South,Technology,Phones
CA-697277,2024-05-16,2025-04-17,Same Day,CUST-4375,Brittney Jenkins,Consumer,South,Furniture,Tables
CA-184012,2023-12-18,2025-04-20,Same Day,CUST-8913,Cody Smith,Corporate,Central,Furniture,Bookcases
CA-541963,2023-04-27,2025-05-07,First Class,CUST-3719,Michelle Armstrong,Consumer,Central,Technology,Accessories
CA-212283,2024-11-21,2025-05-03,Same Day,CUST-7059,Jessica Walker,Home Office,East,Technology,Machines
CA-371446,2024-06-21,2025-04-20,Same Day,CUST-7405,Kenneth Hernandez,Corporate,East,Furniture,Furnishings
CA-153233,2024-08-29,2025-05-03,Second Class,CUST-1276,Christopher Nolan,Corporate,South,Technology,Accessories
CA-731522,2024-08-30,2025-05-07,First Class,CUST-5283,Taylor Brown,Corporate,Central,Office Supplies,Storage
CA-290685,2023-09-04,2025-04-27,First Class,CUST-3748,Amy Hayes,Consumer,West,Furniture,Furnishings
CA-161150,2023-10-06,2025-04-16,Same Day,CUST-3238,Collin Collins,Corporate,Central,Office Supplies,Art
CA-901581,2023-11-12,2025-05-07,First Class,CUST-7400,Alexander Harrington,Corporate,South,Office Supplies,Paper
CA-100391,2025-03-18,2025-04-27,Standard Class,CUST-5768,Mark Brown,Consumer,East,Furniture,Tables
CA-237517,2024-05-01,2025-05-07,Standard Class,CUST-5956,Lisa Estes,Home Office,South,Technology,Phones
CA-992812,2023-11-25,2025-05-05,Same Day,CUST-5619,Jenna Brown,Consumer,West,Office Supplies,Labels
CA-642466,2024-11-14,2025-04-18,Second Class,CUST-4212,Justin Johnson,Home Office,East,Technology,Machines
CA-692137,2024-12-08,2025-04-14,Second Class,CUST-1545,Jorge Smith,Corporate,Central,Office Supplies,Art
CA-528025,2024-06-05,2025-04-26,Second Class,CUST-1381,Robert Reyes,Consumer,South,Furniture,Furnishings
CA-883906,2024-02-07,2025-05-08,First Class,CUST-2243,Daniel Buchanan,Consumer,West,Office Supplies,Labels
CA-598514,2025-03-22,2025-04-17,Second Class,CUST-3522,Rachel Richardson,Corporate,West,Office Supplies,Art
CA-205081,2024-11-04,2025-04-12,Second Class,CUST-5263,Amy Hill,Home Office,Central,Technology,Copiers
CA-324382,2023-12-01,2025-05-01,Second Class,CUST-9912,Andrea Terry,Home Office,East,Office Supplies,Labels
CA-673988,2024-09-21,2025-04-25,Standard Class,CUST-8652,Donald Smith,Home Office,South,Furniture,Furnishings
CA-798647,2025-03-05,2025-05-05,Second Class,CUST-3664,Lisa Aguirre MD,Corporate,South,Technology,Computers
CA-440084,2024-10-15,2025-04-09,Standard Class,CUST-7627,Paul Huffman,Home Office,West,Furniture,Chairs
CA-840165,2024-02-19,2025-04-12,Second Class,CUST-6599,Jonathan Reed,Corporate,Central,Office Supplies,Paper
CA-976467,2024-12-23,2025-04-19,Second Class,CUST-5433,Kimberly Wilson,Corporate,East,Office Supplies,Labels
CA-957147,2023-05-01,2025-05-01,Second Class,CUST-4206,Jose Harrison,Consumer,South,Furniture,Tables
CA-100962,2024-10-24,2025-05-02,Second Class,CUST-6010,Andrew Bradley,Consumer,South,Office Supplies,Paper
CA-336154,2023-06-06,2025-04-30,Second Class,CUST-3334,Mr. Jeff Adams,Corporate,Central,Furniture,Tables
CA-357432,2023-08-08,2025-04-19,Same Day,CUST-4770,Stacey Douglas,Home Office,Central,Technology,Accessories
CA-976098,2023-07-29,2025-04-27,Same Day,CUST-1572,Kimberly Brown,Corporate,Central,Technology,Phones
CA-632712,2024-09-17,2025-05-02,Standard Class,CUST-9280,Rachel Chase,Consumer,West,Office Supplies,Paper
CA-285466,2023-12-10,2025-04-14,Second Class,CUST-8669,Crystal Mckinney,Corporate,East,Furniture,Bookcases
CA-675457,2023-09-21,2025-04-20,First Class,CUST-2817,Alexa Martin,Corporate,East,Furniture,Tables
CA-209802,2023-04-22,2025-04-18,Same Day,CUST-7850,Shelia Mendez,Consumer,Central,Furniture,Chairs
CA-942062,2025-03-08,2025-05-01,Standard Class,CUST-5089,Shawn Ruiz,Corporate,South,Technology,Phones
CA-606449,2024-08-21,2025-05-04,Second Class,CUST-4138,Andrew Contreras,Corporate,East,Furniture,Furnishings
CA-716030,2024-04-22,2025-05-02,Standard Class,CUST-1239,Scott Gomez,Home Office,Central,Technology,Phones
CA-730390,2023-07-18,2025-05-03,Same Day,CUST-5527,Dr. Sean Smith,Consumer,West,Technology,Computers
CA-655059,2023-10-11,2025-04-14,First Class,CUST-6686,Christina Black,Home Office,West,Office Supplies,Art
CA-939108,2025-03-15,2025-04-19,Same Day,CUST-8695,Samantha Garrett,Home Office,West,Furniture,Chairs
CA-552797,2024-01-22,2025-04-18,Standard Class,CUST-9907,Teresa Brown,Home Office,East,Technology,Accessories
CA-654817,2024-01-26,2025-04-26,Standard Class,CUST-7412,Cheryl Boyd,Corporate,West,Furniture,Bookcases
CA-285547,2023-12-17,2025-04-24,First Class,CUST-4459,Juan Williams,Corporate,East,Furniture,Bookcases
CA-863522,2025-01-28,2025-04-15,Second Class,CUST-6538,Connie Young,Home Office,South,Office Supplies,Art
CA-749397,2025-01-14,2025-04-19,Standard Class,CUST-3700,Mrs. Alexandria Smith DVM,Corporate,Central,Technology,Copiers
CA-856558,2024-09-30,2025-04-29,Second Class,CUST-2562,Chad Maddox,Consumer,West,Technology,Machines
CA-369058,2025-03-23,2025-04-13,First Class,CUST-4180,Brenda Becker,Corporate,Central,Furniture,Chairs
CA-229424,2024-04-02,2025-04-27,Standard Class,CUST-9320,Todd Wagner,Corporate,West,Furniture,Bookcases
CA-136628,2025-03-23,2025-05-06,Second Class,CUST-9391,Marie Henderson,Home Office,Central,Office Supplies,Storage
CA-811669,2024-12-17,2025-05-03,Standard Class,CUST-4906,Brandi Bautista,Consumer,West,Office Supplies,Art
CA-570814,2024-08-28,2025-04-10,Second Class,CUST-3164,Kurt Leach,Consumer,West,Furniture,Bookcases
CA-764747,2023-04-13,2025-04-26,Same Day,CUST-7396,Sarah Price,Corporate,South,Furniture,Bookcases
CA-907080,2025-03-04,2025-04-13,Second Class,CUST-6817,Tammie Lang,Consumer,West,Office Supplies,Storage
CA-420319,2023-12-22,2025-05-02,First Class,CUST-5918,Mrs. Terri Cordova,Consumer,East,Furniture,Tables
CA-212615,2024-05-14,2025-05-06,First Class,CUST-9719,Michael Hart,Corporate,Central,Furniture,Bookcases
CA-938523,2023-10-10,2025-04-30,First Class,CUST-1680,Michael Benson,Corporate,Central,Office Supplies,Binders
CA-906813,2025-02-21,2025-05-02,Same Day,CUST-5014,Sharon Li,Consumer,West,Office Supplies,Labels
CA-270422,2024-05-19,2025-04-22,Standard Class,CUST-5020,Michael Simpson,Corporate,East,Office Supplies,Art
CA-295626,2024-03-22,2025-04-17,Standard Class,CUST-7129,Brittany Carroll,Corporate,South,Office Supplies,Labels
CA-726286,2024-04-02,2025-04-28,First Class,CUST-1213,Michelle Edwards,Consumer,Central,Technology,Computers
CA-971514,2024-03-03,2025-05-08,Standard Class,CUST-1417,Cynthia Anderson,Corporate,East,Furniture,Bookcases
CA-495672,2024-09-10,2025-04-22,Second Class,CUST-6958,Scott Simon,Home Office,West,Technology,Machines
CA-290830,2025-03-19,2025-04-21,Second Class,CUST-6597,Jennifer Adams,Home Office,West,Office Supplies,Art
CA-768839,2024-04-16,2025-04-09,Standard Class,CUST-7314,Jessica Armstrong,Home Office,South,Furniture,Chairs
CA-538770,2025-04-01,2025-04-25,First Class,CUST-5001,John Mcdonald,Consumer,East,Office Supplies,Binders
CA-865939,2024-05-11,2025-04-29,Standard Class,CUST-1847,George Hamilton,Home Office,West,Office Supplies,Paper
CA-428396,2024-02-01,2025-04-25,First Class,CUST-2912,Melissa Duncan,Consumer,West,Office Supplies,Labels
CA-984416,2024-04-24,2025-04-15,Standard Class,CUST-7509,Kimberly Knight,Home Office,East,Office Supplies,Labels
CA-518325,2024-11-26,2025-04-11,First Class,CUST-4983,Michelle Anderson,Consumer,South,Furniture,Bookcases
CA-337724,2024-04-03,2025-04-26,Same Day,CUST-6006,Amber Gutierrez,Consumer,Central,Furniture,Furnishings
CA-499092,2023-04-20,2025-04-15,Same Day,CUST-5442,Mrs. Crystal Li MD,Corporate,West,Technology,Machines
CA-379640,2023-05-02,2025-05-02,Second Class,CUST-1364,Richard Zimmerman,Corporate,South,Furniture,Chairs
CA-328416,2024-09-06,2025-04-09,Same Day,CUST-1053,Sara Carey,Home Office,West,Office Supplies,Labels
CA-287979,2024-02-29,2025-04-24,Second Class,CUST-4153,Derrick Fox,Home Office,Central,Office Supplies,Storage
CA-106050,2023-09-23,2025-04-18,First Class,CUST-8738,Brian Wyatt,Corporate,West,Technology,Copiers
CA-307763,2023-06-22,2025-04-24,Second Class,CUST-3132,Jack Johnston,Home Office,South,Office Supplies,Art
CA-854513,2024-05-23,2025-04-25,Standard Class,CUST-1060,Katie Snow,Corporate,South,Technology,Copiers
CA-428536,2025-03-20,2025-05-03,Same Day,CUST-5885,Michael Boyd,Consumer,East,Technology,Machines
CA-628599,2023-06-27,2025-04-13,Second Class,CUST-2387,Thomas Henry,Home Office,East,Furniture,Chairs
CA-847064,2023-05-16,2025-05-06,Same Day,CUST-6219,Eric Pena,Corporate,Central,Office Supplies,Paper
CA-429297,2024-06-11,2025-04-27,First Class,CUST-8364,Aaron Wilson,Corporate,Central,Furniture,Tables
CA-225572,2024-07-02,2025-04-17,Second Class,CUST-8072,Randy Warren,Consumer,East,Technology,Machines
CA-131648,2025-03-28,2025-04-23,Second Class,CUST-7189,John Vance,Corporate,South,Furniture,Chairs
CA-733651,2023-08-30,2025-04-25,First Class,CUST-4613,Christopher Dudley,Corporate,West,Furniture,Tables
CA-368703,2025-03-21,2025-04-16,Second Class,CUST-6960,Douglas Perez,Corporate,Central,Office Supplies,Paper
CA-299100,2024-03-17,2025-05-08,Same Day,CUST-4129,Steven Mendez,Home Office,Central,Office Supplies,Storage
CA-226558,2024-07-31,2025-05-04,Standard Class,CUST-9186,Jacob Mann,Home Office,South,Technology,Phones
CA-632607,2024-03-15,2025-04-15,Same Day,CUST-6863,Diana Weaver,Consumer,West,Technology,Copiers
CA-475697,2024-05-15,2025-04-16,Standard Class,CUST-6895,Diane Bailey,Consumer,West,Technology,Accessories
CA-969517,2024-02-17,2025-04-13,First Class,CUST-5153,Mrs. Brenda Flynn,Home Office,South,Furniture,Chairs
CA-501969,2024-12-29,2025-04-30,Standard Class,CUST-6089,Alan Gray II,Corporate,East,Technology,Phones
CA-245879,2024-06-17,2025-04-28,Standard Class,CUST-8928,Travis Williams,Corporate,South,Office Supplies,Labels
CA-502874,2024-02-01,2025-04-29,Standard Class,CUST-8782,Randy Little,Consumer,South,Office Supplies,Paper
CA-723560,2024-01-16,2025-04-19,Same Day,CUST-8980,Justin Gates,Corporate,South,Office Supplies,Binders
CA-459681,2023-09-23,2025-05-07,Same Day,CUST-2464,Christopher Molina,Home Office,Central,Furniture,Bookcases
CA-184304,2023-05-02,2025-05-07,Second Class,CUST-2114,Robert Wilson,Corporate,East,Office Supplies,Paper
CA-889288,2023-09-16,2025-05-05,Standard Class,CUST-7625,Shawn English,Consumer,Central,Office Supplies,Binders
CA-866671,2024-06-20,2025-04-13,Second Class,CUST-6283,Emily Neal,Corporate,Central,Furniture,Furnishings
CA-720372,2023-08-15,2025-04-25,First Class,CUST-8767,Sherry Schmitt,Corporate,South,Furniture,Bookcases
CA-599835,2023-06-03,2025-04-20,Standard Class,CUST-6136,Scott Lara,Consumer,South,Office Supplies,Labels
CA-659006,2023-11-06,2025-04-25,First Class,CUST-5355,Jessica Delgado,Corporate,East,Technology,Accessories
CA-624937,2024-05-05,2025-05-07,Same Day,CUST-1651,Ryan Williams,Consumer,South,Furniture,Furnishings
CA-939710,2024-05-06,2025-04-10,Standard Class,CUST-7847,Valerie Cook,Consumer,South,Technology,Machines
CA-998528,2024-04-19,2025-05-08,Standard Class,CUST-7115,Tyler Hobbs,Home Office,East,Office Supplies,Binders
CA-715160,2024-06-05,2025-04-16,First Class,CUST-4093,Sandra Smith,Home Office,South,Office Supplies,Labels
CA-298990,2023-09-22,2025-05-04,First Class,CUST-5622,Alexis Kerr,Home Office,East,Office Supplies,Storage
CA-628112,2023-05-22,2025-04-30,First Class,CUST-6556,Nicholas Stewart,Consumer,East,Furniture,Furnishings
CA-445975,2024-12-04,2025-05-04,Same Day,CUST-1001,Susan Bell,Home Office,Central,Technology,Computers
CA-674547,2024-05-19,2025-05-07,Same Day,CUST-9976,Sarah Jordan,Home Office,West,Office Supplies,Paper
CA-327191,2024-11-05,2025-04-11,First Class,CUST-5884,Jessica Peterson,Consumer,East,Furniture,Tables
CA-292531,2025-03-02,2025-05-02,Second Class,CUST-6619,Henry Nelson,Corporate,Central,Technology,Computers
CA-171049,2024-10-19,2025-05-08,First Class,CUST-4562,Carol Ryan,Home Office,South,Office Supplies,Art
CA-790211,2024-08-24,2025-04-12,First Class,CUST-1052,Belinda Kelly,Consumer,Central,Technology,Accessories
CA-530770,2024-06-21,2025-05-03,Second Class,CUST-1102,Jennifer Young,Consumer,South,Furniture,Furnishings
CA-531748,2024-01-31,2025-05-07,Standard Class,CUST-9388,Jeffrey Scott,Home Office,East,Office Supplies,Binders
CA-595364,2024-12-17,2025-04-24,Standard Class,CUST-5548,Robert Grimes,Home Office,West,Furniture,Furnishings
CA-255982,2023-10-18,2025-05-08,Second Class,CUST-1385,Jillian Abbott,Corporate,West,Office Supplies,Labels
CA-797276,2023-04-14,2025-04-16,Standard Class,CUST-3683,Kelli Forbes,Home Office,West,Furniture,Tables
CA-247388,2024-01-10,2025-04-16,Standard Class,CUST-3756,Andrew Patel,Consumer,East,Office Supplies,Binders
CA-260029,2023-12-18,2025-04-28,Same Day,CUST-5822,Kristen Farmer,Corporate,East,Furniture,Chairs
CA-156225,2024-03-31,2025-04-20,Standard Class,CUST-1791,Jared Martinez,Home Office,Central,Office Supplies,Art
CA-437165,2025-02-20,2025-04-14,Same Day,CUST-9710,Mark George,Consumer,West,Furniture,Bookcases
CA-256019,2024-02-16,2025-04-09,First Class,CUST-7878,Derrick Ward,Home Office,Central,Technology,Machines
CA-579963,2025-02-09,2025-04-30,First Class,CUST-1239,Cassandra Peters,Home Office,East,Technology,Computers
CA-904857,2024-08-02,2025-04-23,First Class,CUST-4242,Cody Morales,Home Office,West,Furniture,Chairs
CA-894731,2024-07-28,2025-04-09,Standard Class,CUST-9872,David Vaughan MD,Home Office,South,Office Supplies,Art
CA-975322,2024-02-19,2025-05-06,Second Class,CUST-2884,Peter Morgan,Consumer,South,Office Supplies,Labels
CA-235808,2024-10-12,2025-05-02,Same Day,CUST-1622,Miguel Castro,Consumer,Central,Office Supplies,Binders
CA-842696,2023-05-28,2025-04-17,First Class,CUST-7161,Jeffery Alvarez,Consumer,West,Technology,Copiers
CA-451613,2024-12-19,2025-04-24,Second Class,CUST-5988,Robert Vang,Consumer,East,Furniture,Bookcases
CA-817517,2023-04-30,2025-05-06,Same Day,CUST-9073,Evan Mckee,Consumer,East,Technology,Copiers
CA-204388,2024-12-31,2025-05-02,Second Class,CUST-6481,Edward Allen,Home Office,East,Furniture,Furnishings
CA-615090,2023-09-14,2025-04-09,Same Day,CUST-4681,George Mcgrath,Consumer,West,Office Supplies,Labels
CA-313473,2023-11-07,2025-05-02,First Class,CUST-6777,Lauren Hernandez,Corporate,East,Furniture,Tables
CA-911814,2024-07-28,2025-04-29,Standard Class,CUST-7421,Alice Barber,Corporate,Central,Technology,Accessories
CA-780124,2023-10-02,2025-04-23,Same Day,CUST-8712,Gregory Martin,Consumer,Central,Office Supplies,Binders
CA-822588,2024-01-11,2025-05-01,Second Class,CUST-1232,Thomas Fernandez,Home Office,West,Technology,Phones
CA-998868,2024-08-04,2025-05-02,Second Class,CUST-2531,Maria Conway,Home Office,Central,Office Supplies,Paper
CA-388935,2023-10-02,2025-04-18,Second Class,CUST-2437,Jeffrey Jackson,Consumer,East,Technology,Computers
CA-411231,2024-12-20,2025-05-02,Second Class,CUST-9847,Kristen Johnson,Home Office,East,Office Supplies,Binders
CA-397842,2025-01-27,2025-04-25,Standard Class,CUST-7584,Adam Wall,Consumer,Central,Furniture,Bookcases
CA-830043,2023-06-12,2025-05-04,First Class,CUST-5282,Robert Anderson,Corporate,South,Office Supplies,Paper
CA-446895,2024-11-07,2025-05-03,Standard Class,CUST-8760,Crystal Johnson,Consumer,Central,Technology,Computers
CA-811384,2023-04-29,2025-04-15,Same Day,CUST-2305,Scott Vance,Consumer,East,Office Supplies,Storage
CA-738040,2025-03-01,2025-04-17,Standard Class,CUST-6205,John Jones,Home Office,West,Furniture,Furnishings
CA-412755,2023-11-17,2025-04-24,Second Class,CUST-3948,Hannah Jefferson,Consumer,Central,Furniture,Bookcases
CA-994859,2023-07-07,2025-05-02,Second Class,CUST-1446,Paula Dunn,Consumer,East,Office Supplies,Binders
CA-114389,2024-07-23,2025-04-27,Same Day,CUST-3307,Christopher Curtis,Home Office,Central,Furniture,Furnishings
CA-624429,2025-01-24,2025-04-15,Standard Class,CUST-5589,Tracy Brown,Home Office,East,Furniture,Bookcases
CA-700095,2024-12-31,2025-05-04,Standard Class,CUST-2791,Joshua Mcneil,Consumer,Central,Technology,Copiers
CA-988909,2024-03-14,2025-04-26,Same Day,CUST-2612,Daniel Salazar,Home Office,Central,Technology,Computers
CA-356507,2023-04-25,2025-04-22,Second Class,CUST-1490,Katherine Zamora,Home Office,East,Office Supplies,Paper
CA-863768,2024-01-25,2025-04-20,Second Class,CUST-6297,Kirsten Holloway,Consumer,West,Office Supplies,Binders
CA-326287,2023-09-21,2025-04-27,Second Class,CUST-8866,Jeanne Brown,Corporate,East,Office Supplies,Binders
CA-246273,2024-12-30,2025-04-20,Standard Class,CUST-5817,Annette Long,Corporate,East,Technology,Accessories
CA-412796,2024-11-17,2025-04-24,Same Day,CUST-4047,Ann Orr,Home Office,South,Office Supplies,Labels
CA-285706,2025-03-07,2025-04-30,Same Day,CUST-4801,Christina Luna,Consumer,South,Office Supplies,Storage
CA-958619,2023-05-22,2025-04-17,Second Class,CUST-3288,Brooke Foley,Consumer,East,Technology,Copiers
CA-997992,2025-02-05,2025-04-24,First Class,CUST-6817,Thomas George,Consumer,East,Furniture,Chairs
CA-157539,2025-03-28,2025-04-15,Second Class,CUST-1593,Johnny Wilson,Consumer,Central,Furniture,Chairs
CA-266391,2025-02-24,2025-04-12,First Class,CUST-1142,Christina Smith,Corporate,South,Furniture,Bookcases
CA-133593,2024-11-07,2025-04-30,Standard Class,CUST-6823,Jessica Chapman,Corporate,South,Office Supplies,Paper
CA-427589,2024-03-15,2025-05-06,Same Day,CUST-9047,Jeffrey Holden,Home Office,Central,Furniture,Furnishings
CA-217631,2025-01-24,2025-05-06,Standard Class,CUST-3662,Douglas Williamson,Corporate,South,Technology,Copiers
CA-640898,2024-07-24,2025-04-20,Standard Class,CUST-4709,Pamela Berry,Home Office,East,Furniture,Bookcases
CA-576358,2024-08-26,2025-05-02,First Class,CUST-5191,Anthony Harris,Corporate,Central,Technology,Phones
CA-816231,2023-06-23,2025-04-22,Same Day,CUST-9021,William Lambert,Home Office,South,Furniture,Furnishings
CA-862327,2024-02-22,2025-04-22,Same Day,CUST-8184,Donna Green,Home Office,South,Office Supplies,Storage
CA-200470,2023-06-21,2025-04-16,Second Class,CUST-9658,Adam Warren,Consumer,East,Furniture,Tables
CA-157260,2023-10-10,2025-04-21,Standard Class,CUST-5157,Scott Davis,Home Office,West,Technology,Machines
CA-835924,2023-05-09,2025-05-08,Standard Class,CUST-4013,Mary Rodriguez,Corporate,South,Office Supplies,Paper
CA-950152,2023-06-14,2025-04-30,Standard Class,CUST-4115,Gabriel Brown,Home Office,South,Office Supplies,Paper
CA-599494,2024-07-08,2025-04-21,First Class,CUST-3478,Timothy Gutierrez,Consumer,West,Office Supplies,Binders
CA-395387,2024-09-07,2025-04-22,First Class,CUST-1042,Brianna King,Corporate,South,Furniture,Furnishings
CA-343921,2025-03-20,2025-04-10,Second Class,CUST-9595,Jesse Levine,Corporate,Central,Office Supplies,Storage
CA-276198,2023-09-24,2025-04-20,Second Class,CUST-2740,Lindsay Hernandez,Home Office,South,Office Supplies,Paper
CA-715823,2023-08-07,2025-05-03,First Class,CUST-8477,Katherine Murphy,Home Office,Central,Office Supplies,Paper
CA-246234,2024-07-27,2025-04-27,Second Class,CUST-6373,Katherine Gregory,Home Office,South,Technology,Copiers
CA-554660,2024-04-23,2025-04-16,Second Class,CUST-8204,Juan Walker,Home Office,East,Technology,Copiers
CA-582436,2025-02-04,2025-04-25,Second Class,CUST-3599,Amanda Rodriguez,Consumer,East,Furniture,Chairs
CA-771024,2023-11-24,2025-05-07,Same Day,CUST-4610,Michelle Perez,Corporate,East,Technology,Copiers
CA-395123,2023-06-27,2025-04-30,Standard Class,CUST-3937,Keith Burns,Home Office,East,Furniture,Tables
CA-300767,2024-09-11,2025-04-26,Standard Class,CUST-8456,Leslie Huynh,Consumer,South,Technology,Accessories
CA-621351,2024-04-29,2025-04-19,Same Day,CUST-5080,Gabrielle Jackson,Consumer,Central,Office Supplies,Binders
CA-934061,2024-01-03,2025-04-28,First Class,CUST-8633,Amy Torres,Home Office,South,Technology,Phones
CA-836136,2025-03-31,2025-04-12,Same Day,CUST-7885,Molly Cross,Consumer,East,Furniture,Chairs
CA-528477,2024-11-16,2025-04-09,Second Class,CUST-9306,Amanda Boyd,Corporate,East,Technology,Machines
CA-197613,2024-03-30,2025-05-07,First Class,CUST-6919,Edward Robinson,Corporate,West,Furniture,Chairs
CA-702829,2025-04-03,2025-04-24,Standard Class,CUST-5278,Brian Perez,Home Office,Central,Office Supplies,Art
CA-294175,2024-08-17,2025-05-08,Second Class,CUST-8849,Michael Collins,Consumer,East,Furniture,Furnishings
CA-297976,2024-08-14,2025-04-25,First Class,CUST-6648,Michael Hernandez,Corporate,Central,Office Supplies,Labels
CA-815905,2024-11-13,2025-05-08,Second Class,CUST-5691,James Rose,Corporate,Central,Furniture,Chairs
CA-556837,2023-05-03,2025-04-17,Same Day,CUST-7710,Shannon Lowe PhD,Home Office,South,Furniture,Chairs
CA-876516,2024-07-19,2025-04-13,Same Day,CUST-7918,Gerald Daniels,Consumer,West,Office Supplies,Labels
CA-553230,2024-10-24,2025-04-25,Standard Class,CUST-4883,James Ray,Home Office,Central,Technology,Computers
CA-556417,2024-09-23,2025-04-10,Second Class,CUST-3810,Amanda Webster,Corporate,East,Technology,Copiers
CA-682851,2023-08-19,2025-04-22,First Class,CUST-2712,Robin Johnson,Consumer,South,Technology,Computers
CA-126210,2024-08-03,2025-04-12,Same Day,CUST-7649,Jason Graves,Corporate,West,Office Supplies,Art
CA-967471,2024-04-03,2025-04-26,First Class,CUST-1628,Andrew Garcia,Corporate,Central,Technology,Copiers
CA-182438,2024-05-21,2025-05-02,Standard Class,CUST-6858,Kelly Barron,Corporate,West,Office Supplies,Binders
CA-729713,2023-05-26,2025-04-13,Second Class,CUST-4545,Misty Murillo,Home Office,West,Furniture,Bookcases
CA-118576,2024-05-29,2025-05-02,Standard Class,CUST-9202,Natasha Khan,Home Office,East,Furniture,Chairs
CA-118201,2023-06-27,2025-05-07,Second Class,CUST-6893,Jacqueline Gordon,Corporate,Central,Office Supplies,Storage
CA-113417,2024-08-06,2025-05-05,First Class,CUST-3171,Kathleen Anderson,Consumer,South,Furniture,Chairs
CA-823230,2024-04-23,2025-04-27,Second Class,CUST-1564,Jonathan Roberts,Corporate,Central,Technology,Computers
CA-421012,2024-11-18,2025-04-24,First Class,CUST-3932,Peter Morris,Consumer,South,Technology,Machines
CA-709860,2023-05-22,2025-04-16,Same Day,CUST-7503,Maria Mayo,Home Office,Central,Office Supplies,Storage
CA-235347,2025-01-10,2025-05-05,Second Class,CUST-7929,Colleen Conner,Corporate,Central,Office Supplies,Binders
CA-166148,2024-09-04,2025-04-29,Second Class,CUST-7349,Ann Thornton,Corporate,East,Office Supplies,Binders
CA-642915,2025-02-17,2025-05-01,Standard Class,CUST-5766,Henry Gonzalez,Consumer,South,Furniture,Chairs
CA-400098,2024-10-23,2025-04-13,Same Day,CUST-9779,Whitney Moore,Home Office,Central,Furniture,Furnishings
CA-829173,2025-02-22,2025-04-17,First Class,CUST-4845,Janet Torres,Home Office,East,Furniture,Bookcases
CA-132719,2024-10-26,2025-04-29,Same Day,CUST-3637,Ricardo Foster,Consumer,East,Office Supplies,Art
CA-177223,2023-12-11,2025-04-15,First Class,CUST-4505,Bradley Robinson,Consumer,Central,Technology,Phones
CA-300308,2024-01-02,2025-04-09,Same Day,CUST-8486,Jamie Harrington,Corporate,Central,Technology,Phones
CA-544176,2024-04-30,2025-05-04,Same Day,CUST-5125,Jeffrey Stout,Consumer,Central,Office Supplies,Art
CA-245132,2024-11-13,2025-04-11,Standard Class,CUST-5259,Jeff Johnson,Home Office,Central,Furniture,Tables
CA-120850,2024-09-08,2025-04-22,First Class,CUST-8287,Kaitlyn Wallace,Consumer,Central,Office Supplies,Paper
CA-306328,2024-09-28,2025-04-22,First Class,CUST-3305,Amanda Montgomery,Consumer,South,Technology,Copiers
CA-691013,2024-12-30,2025-04-30,Same Day,CUST-8175,Louis Mills,Corporate,Central,Office Supplies,Binders
CA-300008,2024-10-29,2025-04-19,Standard Class,CUST-7918,Jennifer Davis,Consumer,East,Technology,Accessories
CA-910026,2024-05-29,2025-04-27,Standard Class,CUST-3163,Joshua Turner,Home Office,Central,Technology,Accessories
CA-133362,2023-08-31,2025-04-23,Same Day,CUST-5800,Scott Bentley,Corporate,Central,Technology,Phones
CA-928228,2023-11-20,2025-05-05,Same Day,CUST-6627,David Shields,Consumer,Central,Furniture,Furnishings
CA-974360,2023-07-30,2025-04-28,Same Day,CUST-7213,Jason Klein,Home Office,West,Office Supplies,Paper
CA-899934,2024-05-11,2025-04-26,Standard Class,CUST-1295,John Sims,Consumer,East,Technology,Phones
CA-651474,2025-04-01,2025-05-05,Second Class,CUST-4166,Danielle Stephenson,Home Office,East,Office Supplies,Storage
CA-722808,2024-04-24,2025-05-03,First Class,CUST-4766,John Harrington,Home Office,Central,Technology,Machines
CA-281584,2024-10-10,2025-04-15,Second Class,CUST-8228,Anthony Jones,Consumer,South,Office Supplies,Binders
CA-386453,2024-02-25,2025-05-03,Same Day,CUST-6353,Samantha Harris,Corporate,South,Furniture,Tables
CA-908435,2023-09-30,2025-04-15,First Class,CUST-4948,Kayla Bray,Consumer,Central,Technology,Phones
CA-691539,2024-05-28,2025-04-22,Same Day,CUST-7648,Kristi Skinner,Home Office,South,Office Supplies,Binders
CA-465735,2023-11-08,2025-04-20,Same Day,CUST-4064,Anna Blankenship,Consumer,West,Furniture,Furnishings
CA-189883,2023-10-11,2025-04-29,Standard Class,CUST-4768,Jeffrey Benjamin,Corporate,West,Furniture,Chairs
CA-525900,2025-02-21,2025-04-11,First Class,CUST-3883,Katherine Ruiz,Consumer,West,Office Supplies,Art
CA-424760,2025-01-30,2025-04-29,Second Class,CUST-1145,Nicholas Sampson,Consumer,West,Office Supplies,Labels
CA-897449,2024-05-13,2025-04-29,Same Day,CUST-5754,Andrew Rich,Consumer,Central,Furniture,Tables
CA-245735,2023-06-15,2025-05-08,Second Class,CUST-6517,Andrew Williams,Home Office,West,Technology,Machines
CA-282587,2025-02-12,2025-04-30,Standard Class,CUST-6063,Whitney Flores,Consumer,East,Office Supplies,Storage
CA-687288,2024-02-03,2025-04-24,Standard Class,CUST-1503,Jackson Pugh,Home Office,West,Technology,Computers
CA-346441,2025-02-12,2025-04-12,Same Day,CUST-3592,David Lambert,Consumer,West,Technology,Copiers
CA-666012,2023-05-23,2025-04-28,First Class,CUST-4743,Katelyn Kaufman,Consumer,East,Office Supplies,Labels
CA-547306,2023-09-19,2025-05-03,First Class,CUST-5831,Jennifer Francis,Corporate,West,Technology,Accessories
CA-624240,2023-10-09,2025-05-01,Same Day,CUST-2553,Brian Sanders,Home Office,South,Furniture,Chairs
CA-978174,2025-01-22,2025-05-04,Second Class,CUST-2928,Ronald Myers,Corporate,West,Technology,Phones
CA-489514,2023-05-23,2025-04-21,Second Class,CUST-8771,Nicole Martin,Home Office,East,Furniture,Bookcases
CA-386519,2024-01-14,2025-04-19,Standard Class,CUST-7780,John Clark,Corporate,South,Technology,Computers
CA-146202,2023-12-08,2025-04-16,Same Day,CUST-8737,Dr. Matthew Williams,Corporate,East,Furniture,Furnishings
CA-820140,2023-08-02,2025-04-25,First Class,CUST-6253,Jennifer Romero,Corporate,South,Furniture,Bookcases
CA-443276,2023-06-29,2025-04-10,First Class,CUST-5522,Joanne Lozano,Consumer,West,Technology,Computers
CA-812569,2023-05-19,2025-04-18,Second Class,CUST-3246,Jennifer Vaughn,Consumer,West,Technology,Phones
CA-150303,2025-03-11,2025-04-25,Same Day,CUST-4636,Michael Robinson,Home Office,East,Technology,Accessories
CA-106504,2024-09-26,2025-04-18,Standard Class,CUST-9780,David Miller,Corporate,East,Furniture,Chairs
CA-841669,2025-01-10,2025-05-05,Same Day,CUST-2098,Andrew Faulkner,Consumer,West,Furniture,Tables
CA-498425,2023-10-27,2025-04-13,Same Day,CUST-5825,April Owen,Corporate,South,Technology,Copiers
CA-427429,2024-11-15,2025-05-07,Standard Class,CUST-7881,Vincent Watson,Corporate,Central,Furniture,Bookcases
CA-565543,2023-04-13,2025-04-20,Second Class,CUST-3597,Dr. Rhonda Stewart,Home Office,Central,Furniture,Bookcases
CA-228334,2024-06-24,2025-04-18,Same Day,CUST-8474,Yolanda Parker,Consumer,South,Office Supplies,Labels
CA-600315,2024-07-13,2025-04-24,Second Class,CUST-5997,Dr. Mark Mccoy,Home Office,Central,Technology,Copiers
CA-913739,2024-04-21,2025-04-28,Second Class,CUST-7775,Misty Heath,Consumer,West,Technology,Phones
CA-489988,2024-12-05,2025-05-01,Same Day,CUST-8878,Monica Smith,Corporate,Central,Office Supplies,Paper
CA-203951,2023-09-05,2025-05-05,Standard Class,CUST-2628,Donna Blackburn,Corporate,South,Office Supplies,Art
CA-622386,2024-02-05,2025-04-23,Second Class,CUST-2344,Laura Powell,Home Office,East,Technology,Copiers
CA-112040,2024-12-01,2025-05-08,First Class,CUST-4914,Ricky Wallace,Corporate,East,Technology,Phones
CA-499121,2025-02-08,2025-04-19,Second Class,CUST-5628,Jose Peterson,Corporate,Central,Furniture,Tables
CA-126262,2023-10-09,2025-04-25,Second Class,CUST-5941,Dustin Aguilar,Home Office,East,Office Supplies,Art
CA-708195,2023-08-10,2025-05-06,First Class,CUST-4064,Ronald Kim,Corporate,Central,Technology,Copiers
CA-961738,2024-04-16,2025-04-16,Second Class,CUST-3674,Maria Jones,Consumer,West,Furniture,Tables
CA-380629,2024-10-27,2025-04-10,Second Class,CUST-7446,Ms. Marie Davis,Home Office,South,Technology,Phones
CA-530476,2025-01-03,2025-04-18,Same Day,CUST-8076,Stephanie Watson,Corporate,South,Furniture,Furnishings
CA-835279,2024-01-30,2025-04-15,Same Day,CUST-3169,Peter Taylor,Corporate,South,Furniture,Furnishings
CA-695548,2023-09-16,2025-04-24,Same Day,CUST-2807,Travis Jordan,Home Office,East,Office Supplies,Paper
CA-740775,2025-03-18,2025-04-09,First Class,CUST-4685,Joseph Jackson,Consumer,Central,Furniture,Furnishings
CA-195661,2025-01-07,2025-05-04,Standard Class,CUST-3811,Pamela Jones,Corporate,East,Office Supplies,Paper
CA-695315,2024-09-09,2025-05-08,First Class,CUST-9508,Carol Mathews,Home Office,Central,Technology,Phones
CA-769210,2024-11-07,2025-05-04,Same Day,CUST-1795,Joseph Love,Home Office,Central,Office Supplies,Paper
CA-609871,2023-07-19,2025-05-02,Second Class,CUST-1221,Debra Morgan,Corporate,West,Office Supplies,Binders
CA-739991,2024-01-19,2025-04-18,First Class,CUST-4690,Vanessa Oliver,Home Office,South,Technology,Machines
CA-635206,2023-04-24,2025-05-08,Same Day,CUST-5169,Scott Thomas,Home Office,East,Office Supplies,Labels
CA-215660,2024-03-08,2025-04-16,Standard Class,CUST-3816,Kathleen Moore,Corporate,East,Furniture,Bookcases
CA-918765,2024-02-06,2025-04-28,Second Class,CUST-6913,Kenneth Wright,Home Office,West,Office Supplies,Binders
CA-682102,2024-05-31,2025-04-28,First Class,CUST-3983,Linda Johnson,Home Office,Central,Furniture,Tables
CA-310086,2025-03-15,2025-04-17,Same Day,CUST-5707,Jodi Hall,Home Office,Central,Furniture,Furnishings
CA-577936,2024-10-13,2025-04-28,First Class,CUST-3703,Lisa Bradley,Home Office,West,Office Supplies,Labels
CA-120837,2025-01-07,2025-04-24,Second Class,CUST-9254,Brian Cunningham,Consumer,East,Office Supplies,Labels
CA-653942,2024-06-08,2025-05-07,Same Day,CUST-6189,Jason Mahoney,Home Office,West,Office Supplies,Binders
CA-743452,2023-04-20,2025-04-11,Second Class,CUST-7687,Brian Hayes,Home Office,Central,Office Supplies,Storage
CA-779948,2024-05-12,2025-04-28,Standard Class,CUST-2371,Joseph Mcgee,Corporate,West,Furniture,Furnishings
CA-773111,2024-05-20,2025-04-25,Standard Class,CUST-1761,Tina Moore,Corporate,East,Office Supplies,Art
CA-776486,2023-04-22,2025-04-27,Second Class,CUST-6969,Amanda Payne,Corporate,South,Office Supplies,Labels
CA-534149,2023-06-07,2025-04-10,Standard Class,CUST-9093,Debbie Wyatt,Consumer,Central,Technology,Accessories
CA-253580,2023-08-27,2025-04-18,Second Class,CUST-1577,Susan Mccullough,Corporate,East,Office Supplies,Art
CA-137434,2023-10-22,2025-04-12,Same Day,CUST-3853,Tracy Thomas,Home Office,Central,Office Supplies,Labels
CA-537104,2023-12-06,2025-04-21,Standard Class,CUST-5556,Cindy Mendez,Home Office,Central,Furniture,Chairs
CA-853469,2024-05-06,2025-04-14,Second Class,CUST-5269,Andrea Robinson,Corporate,East,Furniture,Furnishings
CA-762222,2024-04-01,2025-04-21,Second Class,CUST-7538,Thomas Young,Home Office,Central,Furniture,Chairs
CA-909587,2024-07-09,2025-04-24,Standard Class,CUST-5163,Tanya Galvan,Corporate,Central,Office Supplies,Binders
CA-560883,2023-04-24,2025-04-12,First Class,CUST-7387,Erica Guerrero,Corporate,West,Technology,Computers
CA-867463,2024-06-11,2025-04-26,Standard Class,CUST-1765,Julie Wilson,Consumer,South,Office Supplies,Labels
CA-281859,2024-06-29,2025-05-03,Second Class,CUST-4830,Elizabeth Griffith,Consumer,South,Technology,Accessories
CA-462078,2023-08-13,2025-04-28,Second Class,CUST-1728,Crystal Davis,Corporate,West,Technology,Accessories
CA-887642,2025-02-19,2025-04-14,First Class,CUST-6890,Ryan Hernandez,Home Office,Central,Technology,Accessories
CA-747776,2023-11-14,2025-04-09,First Class,CUST-1650,Amanda Williams,Home Office,South,Office Supplies,Paper
CA-522330,2023-06-23,2025-05-02,Standard Class,CUST-3583,Joanna Chang,Consumer,South,Technology,Phones
CA-630297,2024-08-18,2025-04-19,Standard Class,CUST-2271,Michael Williams,Home Office,East,Furniture,Tables
CA-791127,2025-03-14,2025-04-20,Second Class,CUST-8961,Nancy Bennett,Home Office,Central,Technology,Computers
CA-608256,2024-11-13,2025-05-06,First Class,CUST-4529,Catherine Mendez,Home Office,East,Furniture,Bookcases
CA-162982,2024-05-23,2025-04-24,Same Day,CUST-8766,Amy Martinez,Home Office,West,Furniture,Bookcases
CA-892439,2025-01-25,2025-05-05,Second Class,CUST-8681,Nathaniel Lang,Home Office,South,Technology,Computers
CA-752651,2023-11-28,2025-04-30,Same Day,CUST-8668,Timothy Garcia,Consumer,East,Office Supplies,Art
CA-957840,2024-05-08,2025-04-13,First Class,CUST-3011,Michaela Rojas,Home Office,West,Furniture,Chairs
CA-277412,2023-07-24,2025-04-12,First Class,CUST-5411,Jonathan Reed,Home Office,East,Office Supplies,Art
CA-786725,2025-02-04,2025-04-09,Second Class,CUST-5826,Miss Tammy Taylor,Consumer,Central,Office Supplies,Labels
CA-357845,2025-02-13,2025-04-26,Second Class,CUST-7775,Amy Jones,Corporate,East,Technology,Computers
CA-589670,2023-12-08,2025-04-30,Second Class,CUST-8288,Theresa Lopez,Consumer,East,Technology,Machines
CA-428607,2024-05-23,2025-04-29,Same Day,CUST-3134,Hannah Anderson,Consumer,Central,Furniture,Bookcases
CA-471920,2023-11-06,2025-04-28,Second Class,CUST-9362,Cassandra Drake,Consumer,East,Technology,Machines
CA-948136,2024-02-26,2025-04-14,Second Class,CUST-8124,Tiffany Cole,Home Office,East,Office Supplies,Binders
CA-975637,2024-04-22,2025-04-25,First Class,CUST-5759,Cheryl Hill,Corporate,East,Office Supplies,Paper
CA-724762,2023-07-02,2025-04-20,Second Class,CUST-8651,Megan Stout,Home Office,South,Technology,Copiers
CA-559211,2024-02-17,2025-05-01,Standard Class,CUST-1964,Alicia Duran,Home Office,Central,Office Supplies,Labels
CA-983090,2023-06-13,2025-04-14,Second Class,CUST-2201,Cameron Morgan,Corporate,Central,Technology,Computers
CA-715353,2024-01-31,2025-04-14,Same Day,CUST-3409,Ashley Jackson,Home Office,Central,Technology,Computers
CA-375737,2024-11-07,2025-04-24,First Class,CUST-3415,Charles Mayer,Consumer,East,Furniture,Chairs
CA-197875,2024-08-30,2025-04-23,Standard Class,CUST-8835,Laura French,Corporate,West,Furniture,Chairs
CA-669106,2023-12-17,2025-04-10,First Class,CUST-9765,Victoria Turner,Corporate,West,Technology,Computers
CA-177980,2024-06-07,2025-04-27,First Class,CUST-3411,Larry Joseph,Home Office,West,Furniture,Furnishings
CA-686462,2023-12-01,2025-05-03,Second Class,CUST-6932,Hannah Miller,Home Office,West,Office Supplies,Labels
CA-600198,2023-05-05,2025-04-09,First Class,CUST-2982,Jared Long,Consumer,East,Furniture,Bookcases
CA-903705,2023-09-18,2025-04-10,First Class,CUST-5625,Lisa Jones,Home Office,South,Office Supplies,Paper
CA-471562,2023-08-15,2025-04-29,Second Class,CUST-7346,Kimberly Smith,Corporate,Central,Technology,Phones
CA-912522,2023-07-10,2025-04-13,Same Day,CUST-2673,Richard Peterson,Home Office,Central,Furniture,Chairs
CA-533399,2024-02-15,2025-05-07,Second Class,CUST-5561,Sarah Sullivan,Home Office,West,Furniture,Tables
CA-375347,2023-10-07,2025-05-04,Second Class,CUST-4800,Don Mccarthy,Corporate,South,Technology,Machines
CA-784417,2024-01-01,2025-04-28,Second Class,CUST-2940,Matthew Whitaker,Home Office,South,Office Supplies,Storage
CA-663300,2024-08-27,2025-04-30,First Class,CUST-3507,Karen Hart,Corporate,West,Technology,Machines
CA-248789,2025-03-02,2025-04-27,Same Day,CUST-3893,Sarah George,Corporate,West,Furniture,Furnishings
CA-415369,2023-09-07,2025-04-13,Same Day,CUST-9260,Jennifer Morris,Corporate,East,Technology,Phones
CA-992873,2023-04-22,2025-05-07,Same Day,CUST-1516,Lindsey Schultz,Corporate,East,Office Supplies,Paper
CA-186051,2023-10-23,2025-04-16,Same Day,CUST-7327,Sarah Henry,Consumer,West,Office Supplies,Binders
CA-132176,2023-08-24,2025-04-16,Standard Class,CUST-1864,Mark Thomas,Home Office,West,Furniture,Furnishings
CA-885891,2025-02-25,2025-04-24,First Class,CUST-4120,Leslie Bishop,Consumer,Central,Furniture,Furnishings
CA-713393,2023-11-19,2025-04-11,Second Class,CUST-5587,Kimberly White,Home Office,East,Furniture,Furnishings
CA-549429,2024-03-03,2025-04-10,Standard Class,CUST-4385,Theresa Rivera,Home Office,East,Office Supplies,Art
CA-698340,2024-03-24,2025-04-22,Standard Class,CUST-7552,Jennifer Dodson,Corporate,West,Technology,Phones
CA-544875,2024-10-21,2025-04-25,First Class,CUST-2989,Hayden Hamilton,Consumer,East,Office Supplies,Labels
CA-303301,2024-01-03,2025-04-23,Same Day,CUST-9859,Jeremiah Williams,Home Office,East,Technology,Phones
CA-462214,2024-05-24,2025-04-24,Same Day,CUST-8379,Kyle Tucker,Consumer,South,Furniture,Chairs
CA-670565,2023-09-13,2025-04-26,First Class,CUST-9224,Sarah Ramos,Consumer,East,Technology,Phones
CA-346094,2024-04-22,2025-04-14,Standard Class,CUST-2412,Jacob White,Home Office,West,Furniture,Tables
CA-411938,2024-06-27,2025-04-20,First Class,CUST-2232,Terrance Kennedy,Corporate,Central,Technology,Accessories
CA-182470,2024-12-04,2025-04-17,Standard Class,CUST-3386,Brian White,Consumer,West,Office Supplies,Binders
CA-603949,2024-04-19,2025-04-15,Second Class,CUST-3820,Douglas Davis,Home Office,South,Office Supplies,Paper
CA-546724,2024-08-20,2025-04-30,Standard Class,CUST-2071,Patrick Love,Consumer,Central,Technology,Machines
CA-262444,2024-10-09,2025-04-12,Standard Class,CUST-7183,Sarah Yang,Home Office,South,Furniture,Bookcases
CA-474189,2023-10-12,2025-05-07,First Class,CUST-8548,Jacob Webster,Home Office,West,Office Supplies,Labels
CA-772493,2024-04-23,2025-04-28,Second Class,CUST-3965,Casey Raymond,Home Office,East,Office Supplies,Art
CA-434178,2023-08-31,2025-04-29,Second Class,CUST-9785,Allison Strickland,Corporate,West,Office Supplies,Binders
CA-274706,2024-04-02,2025-04-21,Standard Class,CUST-8098,Kathryn Carr,Home Office,Central,Furniture,Bookcases
CA-332740,2024-10-09,2025-04-27,Standard Class,CUST-5145,Kelly Klein,Home Office,East,Office Supplies,Paper
CA-126060,2024-09-03,2025-04-21,Same Day,CUST-7971,Phillip Kennedy,Consumer,South,Technology,Machines
CA-940820,2025-02-19,2025-04-15,Second Class,CUST-5540,Deborah Park,Corporate,West,Furniture,Tables
CA-295400,2023-05-26,2025-04-29,First Class,CUST-1780,Chris Brooks,Home Office,West,Furniture,Furnishings
CA-893471,2024-02-07,2025-04-27,Second Class,CUST-6279,Mrs. Maureen Anderson,Corporate,West,Furniture,Chairs
CA-363407,2023-08-20,2025-05-01,Same Day,CUST-3957,Peter Robinson,Home Office,East,Technology,Computers
CA-234751,2023-12-27,2025-04-18,First Class,CUST-5610,Allison Wilson,Home Office,West,Furniture,Chairs
CA-445505,2023-06-16,2025-04-27,First Class,CUST-2641,Henry Burke,Corporate,Central,Office Supplies,Labels
CA-127353,2024-11-08,2025-05-06,Same Day,CUST-5518,Jason Henry,Home Office,West,Technology,Machines
CA-445944,2024-03-19,2025-05-02,Standard Class,CUST-7161,Allison Crosby,Home Office,South,Technology,Copiers
CA-669415,2023-11-08,2025-04-22,Standard Class,CUST-8583,Steve Hahn,Corporate,East,Office Supplies,Paper
CA-257505,2023-07-13,2025-04-11,Second Class,CUST-8724,David Mcdaniel,Consumer,West,Technology,Computers
CA-494412,2023-06-15,2025-05-05,Standard Class,CUST-6063,Jasmine Burns,Consumer,Central,Technology,Machines
CA-978453,2025-03-26,2025-04-09,Same Day,CUST-7796,Andrew Jones,Consumer,Central,Office Supplies,Binders
CA-286061,2023-10-21,2025-04-21,Second Class,CUST-6030,Lori Holland,Corporate,South,Furniture,Chairs
CA-523718,2023-08-03,2025-04-27,Second Class,CUST-2119,Shaun Vargas,Consumer,East,Office Supplies,Binders
CA-802155,2025-04-01,2025-04-24,Same Day,CUST-9364,Nicole Gillespie,Home Office,West,Office Supplies,Paper
CA-340271,2024-06-13,2025-04-21,First Class,CUST-7448,Donna Wong,Home Office,South,Technology,Copiers
CA-999946,2024-12-21,2025-04-27,Second Class,CUST-5673,Courtney Farmer,Home Office,East,Furniture,Tables
CA-486769,2024-04-09,2025-04-24,Second Class,CUST-4015,Carmen Arroyo,Home Office,South,Technology,Machines
CA-626885,2024-04-09,2025-04-21,First Class,CUST-1029,Brenda Massey,Home Office,Central,Furniture,Furnishings
CA-411878,2024-06-07,2025-04-27,Second Class,CUST-9193,Sara Lawrence,Home Office,Central,Office Supplies,Paper
CA-557915,2024-10-28,2025-04-26,Second Class,CUST-3978,Jennifer Anderson,Home Office,West,Furniture,Chairs
CA-614725,2024-09-26,2025-05-05,Second Class,CUST-8304,Andrew Miller,Corporate,South,Office Supplies,Storage
CA-101196,2023-04-14,2025-04-14,Standard Class,CUST-2703,Alyssa Houston,Corporate,South,Furniture,Chairs
CA-979106,2024-06-08,2025-04-10,Same Day,CUST-9189,Lacey Gardner,Consumer,South,Technology,Copiers
CA-857544,2024-07-30,2025-04-14,Same Day,CUST-7972,Cathy Miller,Home Office,East,Technology,Machines
CA-145911,2023-09-22,2025-04-21,Second Class,CUST-6251,Eric Nolan,Consumer,East,Furniture,Tables
CA-947103,2024-03-18,2025-04-27,Same Day,CUST-6598,Julie English,Home Office,East,Office Supplies,Labels
CA-137616,2024-08-26,2025-04-24,Same Day,CUST-5859,Jennifer Davidson,Home Office,West,Furniture,Bookcases
CA-826468,2024-04-10,2025-04-18,Standard Class,CUST-8948,Heather Moore,Consumer,Central,Furniture,Furnishings
CA-933085,2023-10-18,2025-05-08,Same Day,CUST-7666,Kelly Pugh,Consumer,Central,Technology,Machines
CA-590887,2023-12-31,2025-05-03,Same Day,CUST-6701,James Fleming,Home Office,East,Office Supplies,Paper
CA-613134,2023-08-08,2025-04-24,Same Day,CUST-3621,Adam Hopkins,Corporate,South,Office Supplies,Paper
CA-689549,2023-04-26,2025-04-27,Same Day,CUST-2483,James Ho,Home Office,West,Office Supplies,Labels
CA-353715,2024-06-09,2025-04-26,Second Class,CUST-1794,Zachary Dudley,Home Office,South,Technology,Copiers
CA-845174,2023-12-15,2025-05-04,Same Day,CUST-9549,Nicholas Mcbride,Home Office,Central,Technology,Phones
CA-203714,2024-03-14,2025-04-29,Same Day,CUST-9659,Sherri Gonzales,Corporate,South,Office Supplies,Storage
CA-698273,2024-02-21,2025-04-12,Standard Class,CUST-6190,Alicia Brown,Home Office,South,Furniture,Furnishings
CA-661038,2024-01-10,2025-05-02,Same Day,CUST-3438,Ethan Miller,Consumer,Central,Furniture,Tables
CA-490749,2023-11-14,2025-04-13,Standard Class,CUST-3611,Nicholas West,Consumer,South,Furniture,Tables
CA-858160,2025-02-04,2025-04-27,First Class,CUST-7788,Tyler Beck,Home Office,Central,Office Supplies,Binders
CA-831512,2023-05-27,2025-05-04,Same Day,CUST-6528,Rebecca Abbott,Consumer,South,Technology,Accessories
CA-124516,2023-09-08,2025-04-16,Standard Class,CUST-6924,Kelly Fisher,Home Office,Central,Technology,Machines
CA-171011,2023-07-18,2025-05-05,Standard Class,CUST-1491,Matthew Powell,Corporate,West,Technology,Phones
CA-827676,2025-01-30,2025-04-30,Second Class,CUST-8835,Linda Bridges,Home Office,West,Furniture,Furnishings
CA-727334,2023-04-12,2025-04-13,Second Class,CUST-8945,Cheryl Wilson,Consumer,East,Furniture,Tables
CA-893455,2023-12-13,2025-05-02,First Class,CUST-3591,Alice Jordan,Corporate,South,Office Supplies,Labels
CA-659057,2024-07-31,2025-04-25,Same Day,CUST-1361,Raymond Fowler,Consumer,East,Technology,Phones
CA-783962,2023-05-22,2025-04-18,Standard Class,CUST-4996,Molly Ramos,Corporate,Central,Furniture,Tables
CA-644718,2023-06-17,2025-04-11,Standard Class,CUST-6608,Mary Zhang,Consumer,West,Office Supplies,Binders
CA-581987,2024-05-18,2025-04-13,Standard Class,CUST-3898,Michelle Rivera,Home Office,West,Office Supplies,Art
CA-752343,2024-06-02,2025-05-01,Standard Class,CUST-3308,Walter Smith,Corporate,West,Furniture,Chairs
CA-540234,2024-09-04,2025-04-16,Same Day,CUST-4130,Benjamin House,Consumer,Central,Furniture,Tables
CA-329408,2024-08-20,2025-04-10,First Class,CUST-2122,Chris Joseph,Consumer,Central,Office Supplies,Paper
CA-963010,2023-08-22,2025-05-03,First Class,CUST-4915,Kayla Jackson,Consumer,West,Furniture,Tables
CA-318567,2023-11-17,2025-05-03,First Class,CUST-1245,Leah Serrano,Corporate,West,Office Supplies,Paper
CA-804987,2024-09-05,2025-05-02,First Class,CUST-7066,Nicole Jackson,Home Office,West,Furniture,Furnishings
CA-417583,2024-02-07,2025-04-13,Second Class,CUST-2105,Pamela Pugh,Consumer,South,Office Supplies,Paper
CA-924090,2024-05-09,2025-04-27,Second Class,CUST-6011,Joseph Aguilar,Corporate,Central,Office Supplies,Binders
CA-744838,2024-04-15,2025-04-14,Same Day,CUST-1148,Philip Mullen,Corporate,South,Office Supplies,Paper
CA-796464,2025-02-19,2025-04-16,Second Class,CUST-9155,Victoria Clark,Home Office,South,Technology,Phones
CA-359416,2023-06-06,2025-04-25,Standard Class,CUST-7587,Sharon Fritz,Home Office,West,Office Supplies,Art
CA-153005,2025-02-26,2025-04-25,Standard Class,CUST-6948,Garrett Mccormick,Consumer,West,Office Supplies,Binders
CA-467603,2023-12-08,2025-04-13,Second Class,CUST-6942,Cynthia Myers,Consumer,South,Office Supplies,Paper
CA-960429,2024-06-08,2025-04-25,Second Class,CUST-7887,Mrs. Marie Lopez,Home Office,South,Furniture,Tables
CA-766925,2023-08-21,2025-04-13,Standard Class,CUST-9176,Joseph Fernandez,Consumer,East,Technology,Accessories
CA-855612,2023-11-01,2025-05-05,First Class,CUST-1588,Elizabeth Henry,Corporate,South,Furniture,Tables
CA-526935,2023-10-07,2025-04-16,Second Class,CUST-4640,Ashley Trujillo,Consumer,Central,Technology,Accessories
CA-874317,2023-11-24,2025-04-30,First Class,CUST-9022,Christopher Cook,Home Office,West,Technology,Accessories
CA-872678,2024-12-21,2025-04-16,Second Class,CUST-1170,Kimberly Jones,Home Office,East,Technology,Machines
CA-934231,2024-03-11,2025-04-16,Same Day,CUST-9316,Wendy Montoya,Home Office,Central,Office Supplies,Storage
CA-492609,2024-01-13,2025-04-09,Same Day,CUST-9857,Michael Levy,Home Office,East,Technology,Phones
CA-918474,2024-05-28,2025-05-04,First Class,CUST-3303,Matthew Black,Consumer,South,Office Supplies,Art
CA-735564,2024-07-28,2025-04-17,Standard Class,CUST-8665,Carla Harris,Home Office,West,Office Supplies,Storage
CA-199410,2024-07-12,2025-04-16,Same Day,CUST-2494,John Williams,Consumer,West,Furniture,Furnishings
CA-726065,2025-02-25,2025-05-01,Second Class,CUST-6055,Rachael Gonzalez,Home Office,East,Furniture,Bookcases
CA-584509,2025-03-11,2025-04-18,Same Day,CUST-7732,James Spencer,Corporate,East,Technology,Copiers
CA-711980,2023-06-23,2025-04-28,First Class,CUST-4842,Amanda Arias,Corporate,Central,Furniture,Furnishings
CA-387512,2023-10-11,2025-04-09,Standard Class,CUST-1719,Jennifer Cruz,Consumer,South,Furniture,Furnishings
CA-236235,2024-08-22,2025-04-12,Same Day,CUST-4183,Julie Hardin,Home Office,West,Technology,Computers
CA-144650,2024-04-05,2025-05-02,First Class,CUST-1886,Rachel Vaughan,Corporate,Central,Furniture,Furnishings
CA-885034,2024-04-06,2025-04-11,Same Day,CUST-5148,Stephen Jones,Consumer,East,Technology,Computers
CA-434151,2024-03-18,2025-04-13,Same Day,CUST-5525,Christopher Watson,Home Office,West,Technology,Accessories
CA-989940,2023-06-20,2025-04-18,First Class,CUST-5420,Samantha Swanson,Consumer,South,Technology,Accessories
CA-743892,2023-04-16,2025-04-11,Second Class,CUST-5556,Kelsey Smith,Corporate,West,Technology,Accessories
CA-368936,2023-11-01,2025-05-01,Second Class,CUST-6922,Robyn Zimmerman,Home Office,East,Furniture,Chairs
CA-625276,2024-09-19,2025-04-13,Second Class,CUST-1461,Theodore Cannon,Consumer,Central,Office Supplies,Paper
CA-626547,2025-01-23,2025-05-04,Second Class,CUST-1704,Lisa Woods,Corporate,West,Office Supplies,Art
CA-130935,2025-02-18,2025-04-27,Same Day,CUST-4123,Deborah Lee,Corporate,South,Office Supplies,Binders
CA-732021,2025-04-01,2025-05-03,Same Day,CUST-3714,Scott Smith,Corporate,South,Furniture,Bookcases
CA-865353,2024-09-11,2025-04-13,Second Class,CUST-9731,Ryan Howard,Consumer,East,Office Supplies,Paper
CA-433634,2023-12-22,2025-04-28,Second Class,CUST-4952,Kimberly Mejia,Consumer,West,Technology,Phones
CA-184476,2024-09-22,2025-04-27,Second Class,CUST-8987,Katherine Riley,Corporate,East,Furniture,Bookcases
CA-429475,2025-01-09,2025-04-11,Standard Class,CUST-5747,Brenda Brown,Consumer,East,Office Supplies,Storage
CA-606235,2024-10-15,2025-04-17,First Class,CUST-9502,Kathryn Ruiz,Corporate,East,Technology,Accessories
CA-188730,2024-03-24,2025-04-09,First Class,CUST-7364,Dennis Rivera,Consumer,West,Office Supplies,Binders
CA-491711,2024-06-06,2025-05-08,First Class,CUST-4186,Austin Bradley,Home Office,Central,Furniture,Chairs
CA-898650,2024-06-07,2025-04-12,Same Day,CUST-8299,Crystal King,Corporate,South,Technology,Phones
CA-443970,2023-05-13,2025-04-23,Second Class,CUST-7816,Steven Harmon,Corporate,South,Office Supplies,Paper
CA-235297,2024-09-07,2025-04-15,Second Class,CUST-4339,Teresa Smith DDS,Home Office,Central,Technology,Phones
CA-186954,2023-07-25,2025-04-14,Second Class,CUST-3515,Joseph Hamilton,Consumer,East,Furniture,Bookcases
CA-297855,2025-01-22,2025-04-29,Second Class,CUST-2434,Kevin Zimmerman,Corporate,South,Technology,Computers
CA-359776,2023-09-23,2025-05-07,Standard Class,CUST-4312,Tammy Lewis,Home Office,Central,Furniture,Bookcases
CA-376190,2023-05-18,2025-04-25,First Class,CUST-1871,John Cortez,Consumer,West,Office Supplies,Binders
CA-615466,2023-08-12,2025-04-15,Standard Class,CUST-9508,Nathan Green,Home Office,Central,Furniture,Furnishings
CA-242070,2024-02-28,2025-05-05,Standard Class,CUST-1565,Samantha Rhodes,Home Office,South,Furniture,Chairs
CA-738611,2024-07-16,2025-04-24,Same Day,CUST-6614,Linda Williams,Consumer,South,Furniture,Tables
CA-123468,2024-12-14,2025-04-18,First Class,CUST-1030,Hannah Roach,Consumer,South,Furniture,Bookcases
CA-796829,2025-02-22,2025-04-18,Same Day,CUST-9001,Ronald Hodges,Corporate,South,Office Supplies,Paper
CA-890043,2023-12-10,2025-05-07,Second Class,CUST-8919,Michael James,Home Office,East,Furniture,Tables
CA-498796,2024-07-10,2025-04-15,Same Day,CUST-2136,Caleb Cruz,Consumer,East,Technology,Phones
CA-207087,2023-04-24,2025-04-13,First Class,CUST-6899,Amber Fitzpatrick,Home Office,South,Furniture,Bookcases
CA-809304,2024-05-31,2025-04-22,Second Class,CUST-3509,Jessica Simmons,Corporate,West,Office Supplies,Binders
CA-617294,2025-01-29,2025-05-07,First Class,CUST-6837,Anthony Harris,Corporate,East,Office Supplies,Binders
CA-698899,2024-01-06,2025-04-26,Same Day,CUST-9395,Patrick Hernandez,Consumer,West,Technology,Phones
CA-909133,2024-07-02,2025-04-29,First Class,CUST-5329,Jessica Sexton,Corporate,Central,Furniture,Tables
CA-164874,2023-05-23,2025-05-08,Second Class,CUST-9989,Jennifer Brown,Corporate,Central,Office Supplies,Binders
CA-700994,2023-12-21,2025-05-04,Standard Class,CUST-9395,Mr. Jeffery Harvey DVM,Corporate,East,Office Supplies,Storage
CA-704172,2023-12-28,2025-04-25,Second Class,CUST-3945,Jay Reilly,Corporate,South,Technology,Machines
CA-334208,2024-03-20,2025-05-01,First Class,CUST-9441,Hannah Thompson,Consumer,East,Office Supplies,Binders
CA-910398,2024-09-22,2025-04-09,Second Class,CUST-4454,Sarah Golden,Corporate,South,Office Supplies,Paper
CA-713021,2023-10-15,2025-04-15,Same Day,CUST-1623,Hailey Herrera,Consumer,South,Furniture,Bookcases
CA-855075,2024-04-29,2025-04-30,Same Day,CUST-6955,Tracy Thomas,Home Office,Central,Office Supplies,Art
CA-559557,2024-08-09,2025-04-09,Second Class,CUST-5631,Brian Johnson,Consumer,South,Technology,Computers
CA-422526,2023-11-15,2025-04-30,Same Day,CUST-9547,Suzanne James,Corporate,Central,Furniture,Chairs
CA-162819,2024-09-25,2025-04-18,Same Day,CUST-6200,Kimberly Rivera,Corporate,East,Office Supplies,Art
CA-398982,2023-11-20,2025-04-24,Same Day,CUST-5664,Amanda Bush,Home Office,East,Furniture,Tables
CA-629478,2025-03-02,2025-05-05,Same Day,CUST-8274,John Gallagher,Home Office,West,Furniture,Bookcases
CA-840978,2024-06-22,2025-04-15,Second Class,CUST-1122,Paula Warren,Corporate,Central,Technology,Copiers
CA-639362,2023-11-19,2025-04-13,Same Day,CUST-1882,Susan Reeves,Corporate,East,Technology,Machines
CA-464795,2025-03-08,2025-04-19,Same Day,CUST-8221,Patricia Young,Home Office,West,Furniture,Tables
CA-405228,2024-01-18,2025-04-29,Second Class,CUST-2968,Ralph Smith,Corporate,Central,Office Supplies,Binders
CA-359749,2023-11-09,2025-04-22,Standard Class,CUST-3247,Elizabeth Rowe,Corporate,East,Technology,Accessories
CA-646990,2024-12-28,2025-04-28,Standard Class,CUST-3898,Carl Robertson,Consumer,West,Furniture,Tables
CA-652019,2024-06-29,2025-05-06,Standard Class,CUST-7035,Richard Mccarthy,Consumer,East,Technology,Computers
CA-293798,2025-01-22,2025-04-27,First Class,CUST-3719,Roger Wagner,Consumer,West,Furniture,Chairs
CA-956602,2023-12-17,2025-04-11,Standard Class,CUST-5437,Katherine Henderson,Consumer,West,Furniture,Tables
CA-264348,2025-03-15,2025-04-26,Second Class,CUST-8871,Tony Smith,Home Office,West,Furniture,Bookcases
CA-694581,2025-03-17,2025-05-06,Standard Class,CUST-2150,Kristen Ortega,Corporate,Central,Technology,Machines
CA-335621,2024-04-13,2025-04-28,Same Day,CUST-5500,Jennifer Johnston MD,Home Office,South,Technology,Accessories
CA-655581,2024-03-14,2025-05-08,Same Day,CUST-2568,Carlos Wheeler,Corporate,Central,Technology,Computers
CA-313381,2024-10-31,2025-04-19,Same Day,CUST-9496,John Best,Home Office,West,Office Supplies,Paper
CA-876503,2025-04-04,2025-04-10,Standard Class,CUST-2149,Chelsea Diaz,Corporate,West,Technology,Machines
CA-409972,2024-07-30,2025-04-09,Second Class,CUST-8961,Bryan Graves,Corporate,West,Furniture,Tables
CA-482054,2024-09-11,2025-04-13,First Class,CUST-1563,Richard Gamble,Corporate,East,Technology,Copiers
CA-191237,2025-04-03,2025-04-13,Second Class,CUST-5047,Tara Shannon,Consumer,Central,Technology,Machines
CA-577874,2023-05-24,2025-04-25,Second Class,CUST-8891,Dawn Bennett,Consumer,East,Furniture,Furnishings
CA-427679,2025-04-01,2025-04-16,Second Class,CUST-1398,Elaine Clark,Home Office,South,Technology,Accessories
CA-626288,2024-05-17,2025-04-16,First Class,CUST-7256,Sarah Boyer,Home Office,East,Furniture,Bookcases
CA-150338,2024-11-10,2025-04-13,Second Class,CUST-2361,Lauren French,Home Office,East,Technology,Computers
CA-244697,2024-09-19,2025-04-28,Same Day,CUST-9252,Ashley Kelly,Consumer,Central,Technology,Copiers
CA-239872,2023-09-01,2025-04-27,Standard Class,CUST-2805,Larry Miller,Home Office,East,Office Supplies,Labels
CA-123327,2023-05-15,2025-04-22,Second Class,CUST-9653,Michael Lopez,Consumer,West,Technology,Accessories
CA-862082,2023-08-20,2025-05-05,Standard Class,CUST-8119,James Warren,Home Office,South,Furniture,Furnishings
CA-611803,2023-09-20,2025-05-07,First Class,CUST-6832,Amy Wallace,Consumer,South,Office Supplies,Art
CA-790228,2023-06-15,2025-04-14,Standard Class,CUST-8940,Michelle Holland,Home Office,South,Office Supplies,Labels
CA-534806,2023-09-29,2025-05-08,Standard Class,CUST-8502,Andrew Espinoza,Corporate,Central,Technology,Machines
CA-486814,2025-02-26,2025-04-12,First Class,CUST-1657,John Ibarra,Corporate,South,Technology,Phones
CA-859987,2024-10-04,2025-04-18,Second Class,CUST-1583,Taylor Franklin,Consumer,East,Technology,Accessories
CA-244670,2024-06-29,2025-04-14,Standard Class,CUST-6495,Levi Gonzalez,Home Office,Central,Office Supplies,Art
CA-439030,2024-09-15,2025-04-22,Second Class,CUST-8871,Morgan Adams,Consumer,South,Furniture,Tables
CA-456621,2023-06-10,2025-05-06,Same Day,CUST-7741,Scott Moyer II,Home Office,East,Furniture,Chairs
CA-221387,2024-09-15,2025-04-12,First Class,CUST-3808,James Haley,Home Office,West,Furniture,Tables
CA-745128,2024-05-21,2025-05-06,Second Class,CUST-4882,Victoria Miller,Consumer,West,Technology,Phones
CA-554925,2024-01-15,2025-05-02,Second Class,CUST-8861,Carrie Roberts,Consumer,West,Furniture,Furnishings
CA-587376,2024-01-05,2025-04-15,Standard Class,CUST-1585,Noah Nelson,Home Office,South,Technology,Accessories
CA-440640,2024-07-09,2025-04-24,Second Class,CUST-3619,Brian Andrews,Corporate,South,Office Supplies,Storage
CA-157163,2023-05-09,2025-04-20,Second Class,CUST-1777,Julie Matthews,Consumer,East,Office Supplies,Labels
CA-380214,2025-03-04,2025-04-27,Standard Class,CUST-9244,Douglas White,Home Office,East,Office Supplies,Art
CA-579260,2023-09-17,2025-04-11,First Class,CUST-7791,Antonio Watkins,Home Office,South,Office Supplies,Labels
CA-706753,2023-07-14,2025-04-14,First Class,CUST-7582,Jennifer Lee,Home Office,East,Technology,Machines
CA-874732,2025-03-23,2025-05-08,Second Class,CUST-6622,Jimmy Jackson,Corporate,West,Technology,Copiers
CA-359632,2023-07-31,2025-04-17,Second Class,CUST-3015,James Nelson,Home Office,East,Technology,Accessories
CA-368220,2024-06-28,2025-05-04,First Class,CUST-5648,Sandra Hayes,Corporate,East,Furniture,Chairs
CA-887189,2024-10-15,2025-04-16,Same Day,CUST-2000,Jason Thomas,Consumer,West,Office Supplies,Art
CA-536586,2023-11-24,2025-04-12,Standard Class,CUST-9203,Shane Nguyen,Corporate,Central,Office Supplies,Paper
CA-674264,2025-01-30,2025-04-19,Same Day,CUST-2034,Zachary Galvan,Home Office,East,Office Supplies,Art
CA-351488,2024-03-10,2025-05-07,Second Class,CUST-8696,Michael Johnson,Corporate,West,Office Supplies,Art
CA-476623,2023-05-30,2025-05-07,Same Day,CUST-1301,Gregory Smith,Home Office,East,Technology,Phones
CA-753774,2023-08-08,2025-04-25,First Class,CUST-1527,Taylor Palmer,Consumer,West,Technology,Computers
CA-810944,2024-06-28,2025-04-12,Standard Class,CUST-4338,James Stevens,Consumer,Central,Office Supplies,Paper
CA-563224,2023-05-18,2025-05-08,Same Day,CUST-5015,Richard Arnold,Consumer,Central,Office Supplies,Labels
CA-638128,2024-09-25,2025-04-24,Same Day,CUST-1386,Michael Grimes,Corporate,Central,Office Supplies,Paper
CA-393376,2023-07-19,2025-04-18,Second Class,CUST-2305,Caroline Rivera,Home Office,West,Technology,Accessories
CA-270605,2024-01-30,2025-04-30,Standard Class,CUST-8837,Lisa Roberts,Corporate,Central,Furniture,Chairs
CA-574450,2024-01-28,2025-05-03,Second Class,CUST-1061,Mary Webster,Corporate,East,Technology,Computers
CA-863881,2024-03-17,2025-04-20,Same Day,CUST-4021,Craig Brooks,Corporate,West,Office Supplies,Art
CA-581406,2023-07-23,2025-04-24,Second Class,CUST-7304,Brittany Sanchez,Corporate,West,Office Supplies,Labels
CA-152297,2024-06-29,2025-05-01,Same Day,CUST-7148,Kimberly Moore,Corporate,Central,Furniture,Chairs
CA-398922,2025-02-08,2025-04-12,Standard Class,CUST-8735,Micheal Sandoval,Home Office,Central,Technology,Machines
CA-688570,2024-02-22,2025-05-02,Standard Class,CUST-7562,Kristy Spencer,Home Office,Central,Office Supplies,Storage
CA-646538,2024-04-17,2025-04-19,First Class,CUST-4776,Carol Garner,Corporate,Central,Technology,Copiers
CA-210877,2024-01-12,2025-04-17,First Class,CUST-4028,Alejandro Thompson,Home Office,South,Office Supplies,Storage
CA-183276,2023-10-29,2025-04-12,Second Class,CUST-3074,Kristen Walton,Home Office,West,Furniture,Bookcases
CA-849781,2024-08-22,2025-04-14,Standard Class,CUST-7950,Randy Brown,Corporate,West,Furniture,Tables
CA-474274,2024-05-05,2025-05-07,Second Class,CUST-4621,Joseph Lara,Home Office,West,Furniture,Furnishings
CA-606150,2024-11-17,2025-04-23,Same Day,CUST-3903,John White,Corporate,East,Furniture,Bookcases
CA-354737,2024-07-12,2025-04-19,Second Class,CUST-6020,Cheryl Gray,Home Office,West,Furniture,Chairs
CA-113642,2025-01-12,2025-04-13,First Class,CUST-3551,Susan Moore,Corporate,East,Office Supplies,Art
CA-585534,2024-08-26,2025-04-22,Same Day,CUST-4927,Patricia Grant,Home Office,West,Technology,Copiers
CA-691498,2024-07-19,2025-04-28,Standard Class,CUST-1670,Jason Sanders,Consumer,West,Furniture,Chairs
CA-271187,2023-06-30,2025-04-29,Second Class,CUST-5153,Mr. Brian Gonzalez,Home Office,West,Technology,Computers
CA-608998,2024-08-20,2025-05-01,Same Day,CUST-8264,Michael Gordon,Home Office,East,Furniture,Tables
CA-509212,2023-06-25,2025-04-25,First Class,CUST-5850,Sarah Green,Corporate,East,Technology,Machines
CA-470860,2024-03-07,2025-04-12,Second Class,CUST-5541,Emily Stanley,Consumer,East,Furniture,Bookcases
CA-740377,2023-08-13,2025-05-01,Standard Class,CUST-6635,Leslie Franklin,Home Office,West,Technology,Phones
CA-728459,2024-07-26,2025-04-23,Second Class,CUST-7041,Chad King,Home Office,East,Technology,Phones
CA-919155,2025-04-06,2025-04-13,First Class,CUST-6473,Mitchell Gray,Corporate,East,Furniture,Chairs
CA-474224,2024-06-14,2025-04-18,Same Day,CUST-4134,Barbara Garcia,Home Office,Central,Furniture,Tables
CA-378710,2023-05-02,2025-04-26,Second Class,CUST-3313,Steven Morris,Consumer,Central,Technology,Accessories
CA-614321,2024-02-22,2025-04-19,Standard Class,CUST-7908,Jimmy Larsen,Corporate,Central,Office Supplies,Storage
CA-505320,2024-10-11,2025-04-11,Second Class,CUST-9503,Sharon Boyle,Consumer,Central,Furniture,Chairs
CA-244333,2025-01-07,2025-05-06,Standard Class,CUST-8799,William Wall,Home Office,West,Office Supplies,Labels
CA-599683,2023-08-24,2025-04-22,First Class,CUST-1869,Jacob Strickland,Home Office,West,Technology,Accessories
CA-536057,2024-10-09,2025-04-26,Second Class,CUST-4032,Andrea Byrd,Home Office,West,Office Supplies,Storage
CA-482755,2024-09-15,2025-04-17,Same Day,CUST-7663,Troy Martin,Corporate,South,Technology,Copiers
CA-135051,2023-08-14,2025-04-11,Second Class,CUST-5706,Russell Hill,Corporate,West,Technology,Accessories
CA-711327,2024-09-26,2025-05-03,Second Class,CUST-9774,Michael Hurst,Home Office,South,Office Supplies,Art
CA-522987,2024-06-22,2025-04-27,First Class,CUST-5045,Johnny Alexander,Consumer,South,Technology,Phones
CA-934261,2024-02-15,2025-04-24,Same Day,CUST-2932,Susan Thomas,Consumer,South,Furniture,Chairs
CA-511470,2023-12-20,2025-04-13,Same Day,CUST-3575,Zachary Escobar,Consumer,East,Office Supplies,Storage
CA-970090,2024-06-07,2025-04-20,Same Day,CUST-5648,Raven Moore,Corporate,West,Furniture,Tables
CA-923870,2023-04-27,2025-04-18,First Class,CUST-8662,Sharon Mitchell,Corporate,West,Technology,Machines
CA-957193,2023-10-13,2025-04-19,First Class,CUST-1791,Rodney Camacho,Consumer,East,Technology,Machines
CA-369197,2023-08-19,2025-05-06,Second Class,CUST-3946,Christine Taylor,Consumer,West,Office Supplies,Binders
CA-442632,2025-02-01,2025-04-15,Standard Class,CUST-1972,Keith Mullen,Home Office,Central,Office Supplies,Binders
CA-698553,2023-11-13,2025-04-27,Standard Class,CUST-2329,Daniel Brown,Consumer,South,Technology,Accessories
CA-459285,2023-10-27,2025-04-22,First Class,CUST-6147,Erik Smith,Corporate,East,Technology,Accessories
CA-490717,2023-06-26,2025-04-27,Standard Class,CUST-9560,Mr. Christopher Bentley,Consumer,South,Furniture,Furnishings
CA-768510,2024-03-16,2025-04-15,First Class,CUST-6874,Jason Gomez,Home Office,South,Office Supplies,Binders
CA-478634,2023-09-29,2025-05-01,First Class,CUST-4728,Joshua Carter,Corporate,East,Technology,Accessories
CA-290254,2023-05-07,2025-04-25,Same Day,CUST-7032,Caitlin Wall,Home Office,Central,Office Supplies,Labels
CA-849039,2023-10-26,2025-04-13,Second Class,CUST-5592,Tara Peck,Consumer,South,Technology,Copiers
CA-461477,2023-06-07,2025-05-05,Second Class,CUST-7459,Zachary Tran,Corporate,East,Office Supplies,Paper
CA-561414,2023-10-31,2025-04-23,Second Class,CUST-3701,Eric Gillespie,Home Office,Central,Technology,Copiers
CA-979987,2024-04-18,2025-04-14,Same Day,CUST-3593,Tonya Simpson,Home Office,East,Office Supplies,Storage
CA-659178,2023-10-05,2025-04-21,Second Class,CUST-6738,Alyssa Dominguez,Corporate,Central,Office Supplies,Binders
CA-434910,2024-03-29,2025-05-02,Same Day,CUST-5410,Kristen Wood,Corporate,South,Office Supplies,Binders
CA-333912,2023-06-20,2025-04-22,Same Day,CUST-9466,Joseph Boyd,Home Office,West,Office Supplies,Storage
CA-229103,2024-12-16,2025-04-26,First Class,CUST-1201,Kristen Hart,Consumer,Central,Office Supplies,Binders
CA-353119,2025-02-23,2025-04-18,First Class,CUST-3302,Daniel Evans Jr.,Corporate,East,Furniture,Chairs
CA-500487,2023-08-09,2025-04-10,Same Day,CUST-1395,Amanda Valencia,Home Office,Central,Technology,Accessories
CA-365599,2024-06-26,2025-05-07,Standard Class,CUST-9177,Travis Schultz,Corporate,South,Technology,Accessories
CA-459336,2024-04-19,2025-04-16,Second Class,CUST-3655,Stacy Perry,Home Office,East,Office Supplies,Storage
CA-105028,2023-09-22,2025-05-08,First Class,CUST-4461,Michael Bond,Home Office,East,Technology,Copiers
CA-652049,2025-01-25,2025-05-07,Standard Class,CUST-7560,Mr. Steven Perry MD,Corporate,Central,Office Supplies,Paper
CA-657705,2024-03-19,2025-04-21,Same Day,CUST-7476,Michael Greene,Consumer,West,Office Supplies,Labels
CA-541278,2023-12-26,2025-04-20,Same Day,CUST-3691,Gregory Byrd,Home Office,West,Furniture,Chairs
CA-462585,2025-02-19,2025-05-07,First Class,CUST-1003,Jeremy Ryan,Consumer,South,Office Supplies,Art
CA-931852,2023-12-16,2025-04-20,First Class,CUST-3172,Jessica Richardson,Home Office,South,Office Supplies,Art
CA-766702,2024-11-17,2025-04-22,First Class,CUST-4683,Melanie Washington,Consumer,South,Technology,Copiers
CA-582058,2024-08-21,2025-04-28,First Class,CUST-5262,Stephanie Johnson,Corporate,Central,Technology,Phones
CA-740471,2023-04-11,2025-04-20,Same Day,CUST-7229,Mary Grant,Home Office,Central,Furniture,Tables
CA-283248,2023-05-02,2025-04-17,Standard Class,CUST-3549,William Bell,Consumer,South,Office Supplies,Labels
CA-667335,2023-09-08,2025-04-29,First Class,CUST-1231,Jordan Bradshaw,Corporate,South,Office Supplies,Labels
CA-250848,2024-09-28,2025-04-21,First Class,CUST-9870,Laura Baker,Consumer,South,Technology,Accessories
CA-719769,2023-12-15,2025-04-09,First Class,CUST-8881,Kevin Nolan,Corporate,South,Furniture,Chairs
CA-611046,2024-10-02,2025-05-01,First Class,CUST-7355,Jane Fox,Consumer,South,Technology,Copiers
CA-839568,2024-11-14,2025-04-18,First Class,CUST-4115,Meredith Christian MD,Home Office,West,Technology,Computers
CA-394267,2024-07-11,2025-04-16,First Class,CUST-4210,Amanda Padilla,Home Office,West,Technology,Accessories
CA-717188,2024-05-25,2025-04-30,Second Class,CUST-6890,Diane Alvarez,Home Office,Central,Furniture,Chairs
CA-765001,2025-01-11,2025-04-12,First Class,CUST-3089,Andre Cruz,Home Office,Central,Furniture,Chairs
CA-323592,2023-06-01,2025-04-09,First Class,CUST-9203,Jeanne Clark,Corporate,East,Office Supplies,Binders
CA-195574,2023-11-15,2025-05-03,Same Day,CUST-7887,Mr. Christopher Spears,Corporate,West,Furniture,Tables
CA-674357,2024-10-04,2025-04-16,Same Day,CUST-1820,Raymond Garrett,Home Office,Central,Furniture,Chairs
CA-990839,2023-12-04,2025-04-20,Second Class,CUST-5847,Heather Hernandez,Corporate,West,Technology,Phones
CA-341959,2025-02-27,2025-05-06,Standard Class,CUST-4448,Jennifer Walker,Consumer,South,Furniture,Furnishings
CA-315273,2024-01-04,2025-04-24,Second Class,CUST-5429,Vincent Hill,Consumer,Central,Technology,Computers
CA-668969,2024-03-08,2025-04-19,Same Day,CUST-4462,Faith Chavez,Home Office,East,Office Supplies,Paper
CA-184745,2024-10-13,2025-05-07,Second Class,CUST-9197,Sherry Frost,Home Office,East,Technology,Copiers
CA-773996,2024-07-22,2025-04-11,Standard Class,CUST-5701,Melanie Myers,Corporate,West,Furniture,Chairs
CA-790776,2023-05-19,2025-04-25,Second Class,CUST-2798,Jamie Mccarthy,Corporate,Central,Technology,Computers
CA-294310,2024-05-09,2025-04-22,First Class,CUST-2879,Melanie Cooper,Home Office,South,Furniture,Tables
CA-189467,2024-07-26,2025-04-26,First Class,CUST-8028,Mariah Wise,Home Office,South,Technology,Phones
CA-142981,2023-08-18,2025-05-01,Standard Class,CUST-4678,Thomas Cunningham,Home Office,West,Technology,Accessories
CA-515145,2024-11-25,2025-04-26,First Class,CUST-1326,Patricia Ashley,Consumer,South,Office Supplies,Paper
CA-915675,2025-02-21,2025-04-30,Second Class,CUST-7408,Matthew Smith,Consumer,South,Technology,Copiers
CA-821317,2023-04-16,2025-04-27,Same Day,CUST-5331,Stephanie Castillo,Corporate,East,Technology,Phones
CA-114261,2023-12-24,2025-04-15,Second Class,CUST-2709,James Palmer,Corporate,East,Technology,Copiers
CA-657328,2023-08-02,2025-04-14,Second Class,CUST-6421,Brian Garner,Home Office,Central,Technology,Computers
CA-771919,2024-03-07,2025-05-03,First Class,CUST-3015,John Moore,Consumer,Central,Technology,Computers
CA-524593,2023-11-04,2025-04-25,Standard Class,CUST-4914,Patrick Matthews,Home Office,South,Furniture,Tables
CA-362391,2023-06-08,2025-04-18,First Class,CUST-3481,Michael Carter,Consumer,Central,Technology,Machines
CA-830265,2024-01-31,2025-04-18,Second Class,CUST-4944,Ashlee Johnson,Home Office,Central,Furniture,Tables
CA-996150,2024-05-15,2025-04-13,First Class,CUST-7453,Dawn Hoffman,Consumer,Central,Office Supplies,Paper
CA-663753,2023-11-04,2025-04-13,Second Class,CUST-9390,Robert Berger,Home Office,West,Office Supplies,Labels
CA-574879,2023-06-02,2025-04-20,First Class,CUST-2123,Kelly Dixon,Home Office,Central,Technology,Copiers
CA-133122,2024-11-02,2025-04-09,First Class,CUST-9109,William Frazier,Corporate,Central,Office Supplies,Art
CA-876909,2024-12-06,2025-04-13,Second Class,CUST-2531,Michael Hernandez,Consumer,South,Furniture,Furnishings
CA-762919,2023-10-31,2025-04-22,First Class,CUST-7568,Charles Bullock,Home Office,South,Furniture,Furnishings
CA-823380,2024-10-06,2025-04-29,Same Day,CUST-5740,Melanie Hill,Corporate,South,Technology,Accessories
CA-337658,2023-04-26,2025-04-15,Second Class,CUST-4687,George Stout,Consumer,West,Office Supplies,Paper
CA-703353,2023-12-17,2025-04-18,Same Day,CUST-4504,Thomas Miller,Consumer,South,Furniture,Chairs
CA-562183,2024-07-05,2025-05-01,Second Class,CUST-7437,Elizabeth Jimenez,Consumer,South,Office Supplies,Labels
CA-805680,2024-08-06,2025-04-28,Same Day,CUST-1030,Vincent Morris,Consumer,South,Office Supplies,Labels
CA-781567,2024-03-05,2025-04-21,Same Day,CUST-3462,Brian Daniels,Corporate,East,Technology,Phones
CA-213416,2025-01-27,2025-05-07,Same Day,CUST-9910,John Allen,Home Office,South,Furniture,Bookcases
CA-719294,2024-08-29,2025-04-17,First Class,CUST-3465,William Wright,Corporate,East,Office Supplies,Paper
CA-541371,2024-04-14,2025-04-09,Second Class,CUST-2804,Stacey Hamilton,Home Office,West,Furniture,Tables
CA-981585,2024-05-28,2025-04-21,Second Class,CUST-9534,Karen Contreras,Corporate,Central,Office Supplies,Art
CA-831111,2023-05-21,2025-04-15,Standard Class,CUST-2344,Samuel Strong,Corporate,Central,Furniture,Tables
CA-148319,2024-01-11,2025-04-28,Standard Class,CUST-6533,Julie Li,Home Office,West,Technology,Accessories
CA-541296,2024-01-04,2025-05-05,Standard Class,CUST-9202,Jonathan Villanueva,Consumer,East,Technology,Computers
CA-162668,2025-03-26,2025-04-23,Second Class,CUST-9014,Gregory Martinez,Home Office,East,Furniture,Chairs
CA-651536,2024-06-04,2025-05-06,First Class,CUST-7545,Alexander Jones MD,Consumer,East,Furniture,Tables
CA-491073,2025-04-01,2025-04-26,First Class,CUST-8414,Matthew Rubio,Consumer,Central,Furniture,Tables
CA-667650,2024-12-14,2025-04-19,First Class,CUST-2491,Shane Guzman,Home Office,East,Furniture,Tables
CA-184218,2024-05-20,2025-04-28,Same Day,CUST-7008,Daniel Larsen,Corporate,East,Furniture,Bookcases
CA-315335,2024-06-17,2025-04-29,First Class,CUST-8481,Lisa Carr,Home Office,Central,Office Supplies,Labels
CA-785331,2024-01-11,2025-04-17,Second Class,CUST-5081,Charles Vasquez,Consumer,West,Technology,Copiers
CA-577234,2024-10-26,2025-04-27,Same Day,CUST-8188,Jimmy Wallace,Corporate,West,Furniture,Tables
CA-949870,2024-08-23,2025-04-12,Same Day,CUST-2030,Amanda Smith,Home Office,Central,Office Supplies,Art
CA-380645,2025-02-21,2025-05-05,Same Day,CUST-6049,Heather Miller,Corporate,South,Office Supplies,Art
CA-356506,2024-10-07,2025-04-20,Same Day,CUST-1448,Casey Powell,Corporate,Central,Office Supplies,Paper
CA-457819,2024-12-06,2025-04-15,First Class,CUST-6331,Michael Perkins,Corporate,Central,Office Supplies,Paper
CA-935778,2023-10-17,2025-04-16,First Class,CUST-1916,Alexandra Rangel,Corporate,West,Furniture,Chairs
CA-398591,2024-05-19,2025-04-29,Standard Class,CUST-6612,Shannon Bradford,Home Office,South,Office Supplies,Paper
CA-860958,2023-11-19,2025-04-15,First Class,CUST-9754,Roger Avila,Corporate,Central,Office Supplies,Labels
CA-300358,2025-01-24,2025-04-21,Second Class,CUST-9765,Brian Griffith,Corporate,West,Furniture,Tables
CA-562376,2024-03-27,2025-04-16,Standard Class,CUST-6916,John Powell,Home Office,East,Furniture,Chairs
CA-951788,2023-10-27,2025-05-08,Second Class,CUST-8079,James Carroll,Home Office,East,Furniture,Tables
CA-170082,2024-10-15,2025-04-17,Second Class,CUST-9569,Sarah Chambers,Consumer,Central,Technology,Phones
CA-528277,2025-03-13,2025-04-24,Second Class,CUST-2166,Robert Cruz,Consumer,South,Technology,Copiers
CA-597455,2025-01-12,2025-04-25,First Class,CUST-5757,Anthony Crawford,Corporate,South,Technology,Machines
CA-814040,2024-11-05,2025-04-22,Second Class,CUST-2438,Jennifer Jones,Consumer,Central,Furniture,Chairs
CA-605551,2023-12-21,2025-04-12,Same Day,CUST-8059,Alexa Wilson,Corporate,East,Furniture,Chairs
CA-275163,2024-08-11,2025-04-09,First Class,CUST-9193,Cory Gordon,Consumer,East,Office Supplies,Art
CA-181692,2024-01-23,2025-04-13,Second Class,CUST-8368,Angela Turner,Consumer,West,Office Supplies,Labels
CA-934662,2025-03-11,2025-04-10,First Class,CUST-9990,Jonathan Johnston,Corporate,South,Office Supplies,Binders
CA-315514,2024-05-20,2025-05-08,First Class,CUST-3858,Larry Underwood,Home Office,East,Technology,Copiers
CA-413001,2023-05-27,2025-05-04,First Class,CUST-3581,Heather Shepard,Corporate,East,Technology,Phones
CA-188918,2023-11-03,2025-05-08,Same Day,CUST-4122,Zachary Whitehead,Home Office,South,Furniture,Tables
CA-514857,2023-04-14,2025-05-05,Second Class,CUST-9033,Megan Turner,Consumer,South,Furniture,Tables
CA-211615,2024-03-07,2025-04-23,Standard Class,CUST-2447,Dustin Garrett,Home Office,West,Technology,Computers
CA-311753,2024-12-08,2025-05-01,Second Class,CUST-7890,Jessica Rangel,Consumer,Central,Furniture,Bookcases
CA-139465,2025-03-01,2025-05-06,Same Day,CUST-5809,Tammy Bell,Home Office,East,Technology,Machines
CA-483554,2025-02-07,2025-04-09,First Class,CUST-1422,Mrs. Margaret Weiss,Consumer,West,Technology,Copiers
CA-728242,2024-06-01,2025-04-20,First Class,CUST-9732,Angela Williams,Consumer,South,Technology,Copiers
CA-226847,2024-05-16,2025-04-11,Same Day,CUST-7982,Jason Johnson,Corporate,Central,Office Supplies,Art
CA-226002,2024-04-11,2025-04-10,Same Day,CUST-1508,Lisa Bradshaw,Consumer,Central,Furniture,Furnishings
CA-739648,2024-10-29,2025-04-13,Second Class,CUST-5138,Katherine Martinez,Corporate,West,Technology,Machines
CA-305403,2023-10-18,2025-04-18,Standard Class,CUST-1664,Jessica Holland,Home Office,Central,Technology,Phones
CA-943793,2024-10-07,2025-04-11,Second Class,CUST-9515,Alicia Erickson,Consumer,West,Technology,Copiers
CA-340863,2023-11-28,2025-04-21,Second Class,CUST-9339,John Morgan,Home Office,West,Office Supplies,Storage
CA-542372,2024-03-24,2025-04-18,Second Class,CUST-5181,Terry Brennan,Consumer,West,Furniture,Tables
CA-649313,2024-02-15,2025-04-28,First Class,CUST-3117,Deborah Marquez,Home Office,South,Technology,Machines
CA-477292,2025-02-08,2025-04-18,Standard Class,CUST-5848,Maurice Chapman,Home Office,West,Technology,Machines
CA-517208,2025-01-19,2025-04-25,Standard Class,CUST-5614,Stacy Wilson,Corporate,South,Office Supplies,Paper
CA-746939,2023-04-20,2025-05-02,Same Day,CUST-4877,Jennifer Miller,Home Office,East,Technology,Accessories
CA-838829,2023-06-26,2025-04-18,Same Day,CUST-4594,Jessica Thompson,Home Office,Central,Technology,Copiers
CA-956744,2023-05-14,2025-05-06,Second Class,CUST-1430,Kimberly Castro,Consumer,East,Furniture,Furnishings
CA-850175,2025-02-15,2025-04-09,First Class,CUST-3121,Mr. Danny Gonzalez,Corporate,Central,Office Supplies,Storage
CA-489519,2024-11-24,2025-04-26,Same Day,CUST-6928,Tyler Richard,Home Office,West,Furniture,Bookcases
CA-206264,2023-07-23,2025-04-20,First Class,CUST-4549,Donna Reyes,Home Office,West,Technology,Phones
CA-630362,2023-06-17,2025-05-03,Standard Class,CUST-1047,Karen Barker,Consumer,West,Office Supplies,Labels
CA-234422,2024-05-17,2025-04-14,Same Day,CUST-8153,Michael Smith,Home Office,West,Furniture,Bookcases
CA-137704,2024-08-15,2025-04-28,Same Day,CUST-8505,William Pratt,Home Office,East,Office Supplies,Paper
CA-979000,2024-07-03,2025-04-25,Same Day,CUST-7472,Brenda Brown MD,Home Office,East,Furniture,Furnishings
CA-725520,2024-05-08,2025-04-23,Same Day,CUST-8082,Rodney Fuller,Corporate,West,Furniture,Furnishings
CA-722861,2024-06-04,2025-04-20,Second Class,CUST-9106,Jesse Andrews,Corporate,West,Technology,Machines
CA-606234,2023-12-19,2025-04-30,Same Day,CUST-5768,Christine Chavez,Home Office,West,Furniture,Furnishings
CA-942977,2024-09-30,2025-04-23,Same Day,CUST-1770,Matthew Young,Corporate,West,Furniture,Tables
CA-561126,2024-04-22,2025-04-23,Second Class,CUST-9567,Laura Miller,Consumer,West,Office Supplies,Binders
CA-514233,2024-12-06,2025-05-08,Second Class,CUST-3917,Jackson Luna,Consumer,West,Technology,Machines
CA-945331,2023-08-22,2025-04-28,Standard Class,CUST-3484,Daniel Lee,Consumer,South,Technology,Copiers
CA-791404,2024-05-09,2025-05-05,Same Day,CUST-9093,Kevin Wilcox,Home Office,Central,Technology,Accessories
CA-119068,2024-11-21,2025-04-18,Second Class,CUST-9288,Cynthia Jones,Home Office,South,Technology,Copiers
CA-465588,2023-10-29,2025-04-21,First Class,CUST-9475,Andrew Goodwin,Consumer,Central,Furniture,Chairs
CA-565643,2024-07-24,2025-04-14,Second Class,CUST-2831,Samantha Turner,Consumer,West,Technology,Machines
CA-638624,2023-06-19,2025-04-28,Second Class,CUST-7154,Joseph Sutton,Consumer,South,Office Supplies,Labels
CA-882169,2024-07-01,2025-04-11,Same Day,CUST-9503,Amy Davis,Corporate,South,Furniture,Bookcases
CA-856535,2023-07-01,2025-04-14,Second Class,CUST-3459,Renee Ramos,Consumer,South,Technology,Machines
CA-250310,2023-06-18,2025-05-06,Standard Class,CUST-4592,Isaiah Vance,Home Office,East,Furniture,Bookcases
CA-380613,2024-01-27,2025-04-10,Standard Class,CUST-4359,Kenneth Bonilla,Home Office,South,Furniture,Chairs
CA-689171,2025-01-04,2025-04-24,Standard Class,CUST-2800,Kristin Hanson,Consumer,West,Office Supplies,Binders
CA-568948,2023-08-01,2025-04-12,Same Day,CUST-9427,Sherry Poole,Corporate,South,Office Supplies,Art
CA-834836,2023-07-25,2025-04-27,First Class,CUST-8950,Micheal Hernandez,Corporate,East,Technology,Phones
CA-855402,2023-05-26,2025-04-20,First Class,CUST-4450,Timothy Jones,Corporate,West,Office Supplies,Labels
CA-949660,2024-12-08,2025-04-10,Second Class,CUST-7215,Lawrence Bernard,Consumer,Central,Furniture,Tables
CA-723106,2024-04-26,2025-04-26,Second Class,CUST-1024,Matthew Ortiz,Corporate,East,Furniture,Furnishings
CA-991251,2024-12-25,2025-05-07,Second Class,CUST-2774,Travis Schmidt,Corporate,West,Technology,Machines
CA-836606,2025-01-18,2025-04-23,Second Class,CUST-4459,Richard Moore,Home Office,South,Furniture,Furnishings
CA-630335,2025-01-03,2025-05-02,Same Day,CUST-4168,Belinda Ramirez,Consumer,East,Office Supplies,Art
CA-629208,2024-06-22,2025-04-28,Second Class,CUST-5288,Robert Harris,Consumer,West,Office Supplies,Binders
CA-935854,2024-12-30,2025-05-03,First Class,CUST-1924,Christina Tucker,Home Office,Central,Office Supplies,Labels
CA-933667,2023-11-02,2025-05-07,First Class,CUST-7632,Manuel Moyer,Corporate,East,Technology,Machines
CA-614991,2024-10-19,2025-05-02,Second Class,CUST-9096,Ronald Evans,Corporate,East,Furniture,Furnishings
CA-695949,2024-12-23,2025-04-20,Second Class,CUST-6386,Patricia Matthews,Corporate,South,Technology,Computers
CA-989953,2023-12-21,2025-04-18,Same Day,CUST-2765,Cassandra Petersen,Corporate,East,Office Supplies,Binders
CA-887325,2023-10-17,2025-04-29,Second Class,CUST-9854,Nicole Johnson,Consumer,East,Furniture,Chairs
CA-869462,2023-09-04,2025-04-11,Same Day,CUST-9990,Brian Newman,Consumer,South,Technology,Computers
CA-599926,2024-10-30,2025-04-30,Second Class,CUST-2092,Grant Soto,Corporate,East,Technology,Copiers
CA-781777,2025-02-16,2025-05-01,First Class,CUST-9533,Sergio Garner,Corporate,Central,Office Supplies,Paper
CA-119634,2023-12-15,2025-04-19,Same Day,CUST-4298,Patrick Warren,Home Office,West,Office Supplies,Binders
CA-725290,2023-10-29,2025-04-19,Same Day,CUST-8669,Brianna Stewart,Consumer,East,Furniture,Bookcases
CA-941961,2023-10-18,2025-04-29,Second Class,CUST-6435,Olivia Howell,Consumer,Central,Office Supplies,Binders
CA-348283,2023-05-07,2025-04-27,Second Class,CUST-3210,Levi Keller,Home Office,East,Furniture,Bookcases
CA-165387,2023-05-24,2025-04-09,Same Day,CUST-2969,Brenda Reese,Consumer,East,Furniture,Furnishings
CA-141283,2024-02-22,2025-04-14,First Class,CUST-2197,Veronica Doyle,Consumer,East,Office Supplies,Binders
CA-296354,2023-05-10,2025-05-04,Same Day,CUST-2649,Glenn Brown,Corporate,East,Office Supplies,Labels
CA-607144,2025-03-21,2025-04-30,First Class,CUST-8414,Kathleen Simpson,Home Office,South,Office Supplies,Storage
CA-962136,2024-07-28,2025-04-21,Same Day,CUST-1414,Kevin Carson,Consumer,South,Office Supplies,Paper
CA-213856,2024-12-09,2025-04-11,Second Class,CUST-8887,Whitney Taylor,Home Office,South,Office Supplies,Paper
CA-560097,2023-06-17,2025-04-25,Second Class,CUST-6092,Jeffrey Jones,Corporate,East,Technology,Accessories
CA-742488,2023-04-21,2025-04-27,Same Day,CUST-1161,David Webster,Home Office,East,Technology,Phones
CA-248764,2023-11-13,2025-04-14,Second Class,CUST-9611,Yolanda Ingram,Home Office,West,Furniture,Bookcases
CA-414495,2023-05-24,2025-04-11,Same Day,CUST-6221,Sarah Rodriguez,Corporate,South,Office Supplies,Storage
CA-585666,2024-03-04,2025-04-30,First Class,CUST-4229,Stacy Clark,Home Office,East,Office Supplies,Paper
CA-110110,2024-03-19,2025-04-29,Second Class,CUST-2742,Tina Morris,Consumer,South,Furniture,Bookcases
CA-680891,2024-05-09,2025-04-28,Same Day,CUST-2102,Johnny Mcbride,Consumer,West,Office Supplies,Labels
CA-432484,2023-05-05,2025-04-27,First Class,CUST-7304,Michael Romero,Corporate,East,Technology,Computers
CA-393123,2024-07-15,2025-04-19,Second Class,CUST-4730,Paul Grant,Home Office,Central,Furniture,Furnishings
CA-731635,2023-09-26,2025-04-12,Standard Class,CUST-2961,Diana Davis,Corporate,West,Office Supplies,Binders
CA-115397,2024-05-29,2025-05-05,Second Class,CUST-6051,Melissa Walsh,Home Office,East,Office Supplies,Binders
CA-339219,2024-12-06,2025-04-28,Standard Class,CUST-7673,Regina Johnson,Corporate,Central,Office Supplies,Art
CA-291288,2024-07-03,2025-04-25,Same Day,CUST-3737,Garrett Campbell,Consumer,Central,Technology,Phones
CA-595212,2024-10-10,2025-04-24,First Class,CUST-9780,Gregory Wiggins,Consumer,East,Furniture,Chairs
CA-101581,2025-01-07,2025-05-05,Same Day,CUST-9030,Amanda Hernandez,Home Office,South,Furniture,Furnishings
CA-827573,2025-01-16,2025-04-16,Same Day,CUST-7127,Cody Nguyen,Home Office,West,Office Supplies,Art
CA-141635,2024-05-08,2025-04-12,Standard Class,CUST-8566,Ana Flores,Consumer,West,Technology,Copiers
CA-812686,2023-07-13,2025-04-13,First Class,CUST-6989,Derrick Perez,Home Office,East,Office Supplies,Art
CA-443212,2023-05-06,2025-05-05,Standard Class,CUST-3377,Stacy Gentry,Corporate,South,Office Supplies,Storage
CA-200013,2024-03-01,2025-04-27,Same Day,CUST-3112,Veronica Collins,Consumer,East,Office Supplies,Paper
CA-392845,2024-12-29,2025-04-16,Second Class,CUST-3052,Eric Wilson,Home Office,Central,Furniture,Chairs
CA-726929,2024-04-16,2025-04-18,Second Class,CUST-4743,Mark Young,Home Office,South,Furniture,Bookcases
CA-581083,2023-06-18,2025-04-21,Standard Class,CUST-2831,Derek Evans,Consumer,Central,Office Supplies,Paper
CA-718249,2024-01-10,2025-04-23,Second Class,CUST-9065,Christopher Taylor,Consumer,South,Technology,Copiers
CA-951076,2025-03-31,2025-05-07,Same Day,CUST-9320,Rebecca Wolf,Consumer,East,Technology,Copiers
CA-553674,2024-07-04,2025-04-23,Same Day,CUST-8747,David Hansen,Home Office,Central,Office Supplies,Paper
CA-107967,2024-10-07,2025-05-04,First Class,CUST-9143,Sydney Lawrence,Consumer,West,Technology,Computers
CA-548996,2024-12-11,2025-04-14,First Class,CUST-4452,Mary Cherry,Corporate,West,Office Supplies,Labels
CA-490553,2023-11-22,2025-04-11,Standard Class,CUST-6305,Andrew Flores,Home Office,Central,Technology,Computers
CA-316421,2024-02-06,2025-04-09,Same Day,CUST-7470,Erica Anderson,Corporate,West,Furniture,Chairs
CA-505532,2023-07-11,2025-05-04,Second Class,CUST-4612,Rachel Whitaker,Consumer,West,Office Supplies,Storage
CA-906307,2024-12-02,2025-04-23,First Class,CUST-6466,Todd Black,Consumer,Central,Technology,Computers
CA-348494,2023-06-10,2025-04-11,Standard Class,CUST-8900,Robert Nunez,Home Office,West,Office Supplies,Labels
CA-326281,2025-02-15,2025-04-19,Standard Class,CUST-2016,Rose Clark,Home Office,East,Office Supplies,Art
CA-999892,2024-08-03,2025-04-20,Same Day,CUST-1288,Kevin Simpson,Home Office,West,Furniture,Chairs
CA-931912,2023-06-01,2025-05-05,First Class,CUST-7599,Shirley Grant,Consumer,East,Technology,Machines
CA-960394,2023-08-31,2025-05-02,First Class,CUST-9387,Brooke Watkins,Corporate,East,Office Supplies,Binders
CA-890405,2024-02-29,2025-05-04,Standard Class,CUST-7868,Nancy Mayer,Consumer,Central,Office Supplies,Binders
CA-498261,2023-05-20,2025-04-29,First Class,CUST-4965,Erin Thompson,Home Office,East,Technology,Accessories
CA-878574,2024-04-16,2025-05-04,Standard Class,CUST-6222,Thomas Johnson,Consumer,Central,Office Supplies,Binders
CA-542448,2023-10-03,2025-04-09,Second Class,CUST-8983,Ryan Wilkerson,Home Office,Central,Office Supplies,Art
CA-275320,2024-02-03,2025-05-04,Standard Class,CUST-5255,Tammy Roberts,Consumer,South,Office Supplies,Labels
CA-735726,2024-08-21,2025-05-01,First Class,CUST-9091,Brenda Wilson,Home Office,Central,Office Supplies,Paper
CA-545529,2024-11-24,2025-04-30,First Class,CUST-7105,Michael Alvarez,Consumer,East,Furniture,Chairs
CA-835951,2024-09-06,2025-04-20,Same Day,CUST-9657,Michelle Chen,Home Office,East,Furniture,Tables
CA-763259,2023-04-29,2025-04-21,Standard Class,CUST-6332,Christine Casey,Corporate,South,Office Supplies,Paper
CA-246430,2023-04-24,2025-05-04,First Class,CUST-3420,Ian Williams,Corporate,East,Furniture,Bookcases
CA-155343,2024-10-11,2025-04-24,Standard Class,CUST-4695,Jonathan Clark,Corporate,East,Technology,Copiers
CA-963445,2023-07-01,2025-04-27,Same Day,CUST-4625,Claudia Bonilla,Home Office,East,Office Supplies,Labels
CA-688805,2024-02-13,2025-04-11,Second Class,CUST-4148,Harold Scott,Corporate,West,Furniture,Chairs
CA-364604,2023-05-19,2025-04-22,Second Class,CUST-5438,Audrey Smith,Corporate,Central,Technology,Accessories
CA-331385,2025-01-14,2025-04-27,Standard Class,CUST-2189,Zachary Yang,Corporate,Central,Office Supplies,Art
CA-903891,2023-04-10,2025-04-15,Standard Class,CUST-8616,Brittany Foster,Corporate,Central,Furniture,Chairs
CA-201191,2024-01-17,2025-04-10,Same Day,CUST-9636,Courtney Swanson MD,Corporate,West,Office Supplies,Labels
CA-276128,2025-02-20,2025-04-10,Same Day,CUST-2259,Nathaniel Lewis III,Consumer,East,Furniture,Chairs
CA-310749,2023-05-08,2025-04-15,Same Day,CUST-1603,Katrina Smith MD,Home Office,West,Technology,Accessories
CA-847241,2023-12-29,2025-04-24,Standard Class,CUST-5461,Tracy Chan,Corporate,Central,Furniture,Chairs
CA-904656,2024-08-12,2025-04-13,Standard Class,CUST-1373,Ronald Navarro,Corporate,South,Technology,Computers
CA-642171,2023-12-09,2025-04-09,Second Class,CUST-7052,Debbie Kennedy,Corporate,West,Furniture,Tables
CA-345630,2025-03-10,2025-04-16,Same Day,CUST-3664,Jason Sims,Consumer,Central,Furniture,Furnishings
CA-167348,2023-06-20,2025-04-26,Standard Class,CUST-5473,Laura Smith,Corporate,South,Furniture,Chairs
CA-239778,2024-01-11,2025-04-24,Same Day,CUST-2057,Misty Mendoza,Consumer,West,Technology,Computers
CA-609240,2023-05-05,2025-05-05,Standard Class,CUST-1962,Andrea Jones,Corporate,West,Technology,Computers
CA-306718,2023-11-06,2025-04-11,Second Class,CUST-9654,Leah Murphy,Home Office,East,Technology,Accessories
CA-107391,2023-07-01,2025-05-02,Standard Class,CUST-3388,Kelly Lam,Corporate,East,Furniture,Bookcases
CA-244828,2024-01-09,2025-04-25,Standard Class,CUST-8226,Ashley Webb,Corporate,South,Technology,Accessories
CA-869460,2024-03-07,2025-04-28,First Class,CUST-7577,Michelle Herrera,Corporate,East,Technology,Phones
CA-965032,2025-03-29,2025-05-02,Same Day,CUST-9038,Mrs. Hannah Shields PhD,Consumer,Central,Technology,Machines
CA-314659,2025-01-31,2025-04-20,Second Class,CUST-7681,Justin Oconnor,Home Office,Central,Office Supplies,Labels
CA-800295,2023-09-12,2025-04-24,First Class,CUST-4397,Tim Jones,Consumer,South,Office Supplies,Paper
CA-670096,2024-09-15,2025-04-19,Same Day,CUST-1011,Angela Rodriguez,Corporate,East,Technology,Copiers
CA-567864,2023-08-09,2025-05-01,Standard Class,CUST-1908,Jason Russell,Consumer,West,Office Supplies,Binders
CA-513511,2024-05-30,2025-04-26,Standard Class,CUST-8932,Eric Wheeler,Corporate,Central,Office Supplies,Storage
CA-113491,2024-10-19,2025-04-10,First Class,CUST-8898,Ryan Castaneda,Consumer,East,Technology,Copiers
CA-156073,2024-07-04,2025-04-10,First Class,CUST-1049,Lawrence Hogan,Home Office,South,Technology,Copiers
CA-865102,2024-03-16,2025-05-01,Second Class,CUST-2250,Felicia Riley,Home Office,South,Office Supplies,Labels
CA-400031,2023-06-11,2025-04-18,Standard Class,CUST-4990,Jessica Mays,Corporate,South,Furniture,Bookcases
CA-786159,2024-11-26,2025-04-28,Same Day,CUST-1258,Kathleen Nguyen,Consumer,Central,Office Supplies,Storage
CA-979902,2023-06-04,2025-05-01,Standard Class,CUST-6882,Elizabeth Terry,Consumer,South,Furniture,Bookcases
CA-690545,2025-02-28,2025-04-20,Second Class,CUST-3732,Stanley Wilson,Consumer,West,Office Supplies,Paper
CA-500571,2023-12-20,2025-04-13,Standard Class,CUST-6147,Timothy Schmitt,Home Office,West,Furniture,Furnishings
CA-886183,2024-07-26,2025-04-11,First Class,CUST-9066,Emily Dougherty,Corporate,South,Furniture,Furnishings
CA-676189,2023-07-27,2025-05-03,First Class,CUST-5782,John Holt,Corporate,East,Furniture,Tables
CA-181848,2025-03-09,2025-04-16,First Class,CUST-9553,Jonathan Maldonado,Consumer,East,Office Supplies,Labels
CA-939055,2023-06-18,2025-04-22,Standard Class,CUST-3709,Glen Hines,Home Office,East,Office Supplies,Binders
CA-334760,2023-06-10,2025-04-26,Standard Class,CUST-5212,Tara Aguilar,Home Office,Central,Office Supplies,Labels
CA-673504,2024-04-10,2025-04-24,Second Class,CUST-6381,Sheila Brooks,Home Office,East,Office Supplies,Paper
CA-364126,2024-06-10,2025-04-29,Standard Class,CUST-2587,Carolyn Bailey,Corporate,West,Furniture,Chairs
CA-592408,2023-06-11,2025-05-04,Same Day,CUST-4585,Matthew May,Corporate,West,Technology,Accessories
CA-911943,2024-11-23,2025-05-01,Second Class,CUST-4178,Sheila Perez,Corporate,East,Office Supplies,Labels
CA-915384,2023-11-19,2025-04-13,First Class,CUST-1200,Colton Pittman,Home Office,West,Technology,Phones
CA-829377,2025-03-15,2025-04-10,First Class,CUST-7652,Isabella Harrington,Consumer,Central,Office Supplies,Storage
CA-459343,2023-07-24,2025-04-13,Second Class,CUST-7935,Lindsey Morales,Consumer,Central,Office Supplies,Labels
CA-571944,2024-06-10,2025-04-30,First Class,CUST-1240,Troy Cruz,Home Office,Central,Office Supplies,Paper
CA-648090,2024-02-21,2025-04-25,First Class,CUST-6822,Lisa Gomez,Home Office,Central,Furniture,Bookcases
CA-470603,2024-12-03,2025-04-09,Second Class,CUST-2814,Ryan Morgan,Consumer,Central,Furniture,Furnishings
CA-762263,2025-03-18,2025-04-11,First Class,CUST-1710,Alexandra Johnson,Corporate,East,Furniture,Tables
CA-821478,2024-03-30,2025-04-14,Same Day,CUST-2275,Joshua Guerra,Home Office,South,Technology,Computers
CA-363561,2024-04-25,2025-04-21,Standard Class,CUST-7715,Susan Williams,Corporate,South,Office Supplies,Paper
CA-656503,2025-01-30,2025-05-08,First Class,CUST-3359,Todd Ponce,Corporate,South,Office Supplies,Labels
CA-771530,2023-05-03,2025-04-20,Second Class,CUST-2852,Dennis Thompson,Home Office,West,Office Supplies,Paper
CA-954706,2024-12-03,2025-05-05,First Class,CUST-3610,Brandon Branch,Consumer,Central,Furniture,Tables
CA-578440,2024-02-27,2025-04-17,Second Class,CUST-4924,Michael Carter,Home Office,West,Furniture,Chairs
CA-188875,2024-12-04,2025-04-26,First Class,CUST-1599,Derek Carr,Home Office,West,Office Supplies,Paper
CA-934904,2024-08-07,2025-05-05,First Class,CUST-7946,Maria Rivas,Corporate,Central,Office Supplies,Art
CA-690474,2023-06-11,2025-04-15,Standard Class,CUST-7947,Ashley Scott,Corporate,Central,Technology,Copiers
CA-608762,2024-03-18,2025-04-22,Standard Class,CUST-7860,Jody Bass,Consumer,East,Furniture,Tables
CA-213025,2024-08-25,2025-04-28,Second Class,CUST-7775,Lisa Key,Corporate,South,Technology,Accessories
CA-522499,2024-11-12,2025-04-28,Standard Class,CUST-9055,Ethan Contreras,Home Office,West,Technology,Machines
CA-314457,2023-04-30,2025-04-26,Same Day,CUST-2295,Nancy Raymond,Home Office,West,Furniture,Furnishings
CA-808136,2024-11-24,2025-04-10,Standard Class,CUST-5012,Joshua Forbes,Consumer,East,Office Supplies,Binders
CA-526605,2025-04-05,2025-04-11,Second Class,CUST-1304,Annette Long DVM,Home Office,Central,Furniture,Bookcases
CA-994760,2023-04-23,2025-04-16,First Class,CUST-2383,Mark James,Corporate,West,Office Supplies,Art
CA-505739,2024-01-16,2025-04-22,Standard Class,CUST-1671,Lindsay Rush,Consumer,Central,Furniture,Furnishings
CA-714119,2024-09-30,2025-04-26,First Class,CUST-8705,Megan Browning,Corporate,Central,Furniture,Chairs
CA-719747,2024-12-08,2025-04-15,First Class,CUST-9284,Stephen Perkins,Home Office,East,Technology,Machines
CA-531352,2024-11-04,2025-04-13,Standard Class,CUST-1890,Jimmy Simpson,Consumer,Central,Furniture,Tables
CA-297469,2024-04-18,2025-05-02,First Class,CUST-6708,Renee Salas,Corporate,East,Furniture,Tables
CA-331229,2024-08-15,2025-05-01,First Class,CUST-6463,Logan Young,Corporate,West,Furniture,Bookcases
CA-476869,2023-07-02,2025-04-15,First Class,CUST-8101,Karen Mercer,Home Office,Central,Technology,Computers
CA-911217,2024-05-11,2025-04-20,Same Day,CUST-6181,Andre Luna,Corporate,Central,Technology,Computers
CA-215913,2024-03-03,2025-04-19,Same Day,CUST-5236,Kenneth Flores,Corporate,East,Furniture,Furnishings
CA-872601,2024-07-08,2025-05-03,Same Day,CUST-1689,Rebecca Solomon,Corporate,South,Furniture,Furnishings
CA-800901,2023-08-05,2025-04-11,Standard Class,CUST-6571,Andrea Porter,Consumer,East,Office Supplies,Storage
CA-695364,2024-12-08,2025-05-03,Same Day,CUST-4966,Kaitlin Hughes,Consumer,South,Office Supplies,Paper
CA-368977,2025-01-21,2025-04-16,Second Class,CUST-7761,Carlos Harding,Home Office,East,Furniture,Furnishings
CA-762221,2024-01-08,2025-05-02,First Class,CUST-4317,Tammy Hall,Home Office,East,Technology,Copiers
CA-779481,2024-10-05,2025-04-27,Second Class,CUST-6510,Mallory Cruz,Home Office,South,Technology,Machines
CA-560047,2023-06-26,2025-04-11,First Class,CUST-4863,Jonathan Goodman,Consumer,West,Furniture,Furnishings
CA-203787,2024-06-14,2025-04-12,Second Class,CUST-8538,Robert Jones,Consumer,Central,Technology,Phones
CA-727089,2023-07-14,2025-04-12,First Class,CUST-7477,Sean Russo Jr.,Corporate,East,Furniture,Chairs
CA-664883,2023-08-27,2025-05-02,Same Day,CUST-8904,Andre Mcdaniel,Corporate,West,Furniture,Furnishings
CA-461955,2024-11-08,2025-04-18,Standard Class,CUST-8211,Ethan Williams,Home Office,Central,Office Supplies,Paper
CA-328987,2024-06-11,2025-04-14,First Class,CUST-7406,Randall Smith,Home Office,East,Office Supplies,Storage
CA-218934,2024-11-21,2025-04-14,Second Class,CUST-2082,Stephanie Fisher,Consumer,Central,Technology,Copiers
CA-749146,2023-12-12,2025-04-29,Same Day,CUST-5906,Jessica Watson,Consumer,South,Furniture,Tables
CA-201085,2023-09-18,2025-05-03,Same Day,CUST-7879,David Smith,Consumer,South,Office Supplies,Binders
CA-622359,2023-07-02,2025-04-23,First Class,CUST-6573,Keith Smith,Home Office,West,Technology,Machines
CA-588728,2024-03-21,2025-04-24,First Class,CUST-7618,Teresa Parker,Corporate,South,Technology,Machines
CA-352027,2023-12-28,2025-04-18,Same Day,CUST-7597,Michele Cameron,Home Office,South,Technology,Machines
CA-357419,2024-10-21,2025-04-26,First Class,CUST-2213,David Farley,Consumer,South,Furniture,Bookcases
CA-552103,2023-12-16,2025-04-14,Second Class,CUST-3605,Kristy Martinez,Home Office,Central,Office Supplies,Labels
CA-355413,2024-07-03,2025-04-12,First Class,CUST-5969,Haley Gonzalez,Corporate,South,Technology,Copiers
CA-811793,2023-06-28,2025-04-28,Second Class,CUST-3574,Cheryl Hamilton,Consumer,West,Office Supplies,Binders
CA-622911,2023-07-19,2025-04-25,Same Day,CUST-5812,Cynthia Carlson,Consumer,South,Technology,Accessories
CA-678199,2023-08-12,2025-04-21,Second Class,CUST-9310,Alex Duncan,Corporate,South,Furniture,Tables
CA-430514,2024-01-11,2025-04-11,Second Class,CUST-7985,Michael Johnson,Corporate,South,Technology,Phones
CA-104586,2023-04-19,2025-04-17,Second Class,CUST-6529,Felicia Anderson,Home Office,Central,Office Supplies,Storage
CA-969675,2024-04-29,2025-04-18,Same Day,CUST-2881,Anthony Ward,Home Office,East,Furniture,Bookcases
CA-703499,2025-03-24,2025-04-13,Same Day,CUST-5675,Laura Butler,Corporate,Central,Technology,Copiers
CA-916843,2024-07-24,2025-04-09,First Class,CUST-2334,Lisa Tucker,Consumer,Central,Office Supplies,Storage
CA-814723,2023-12-09,2025-04-26,Standard Class,CUST-3312,Hannah Rose,Home Office,South,Furniture,Tables
CA-155638,2024-11-26,2025-05-05,Standard Class,CUST-5033,Crystal Mendoza,Home Office,South,Office Supplies,Art
CA-289928,2023-12-09,2025-04-11,Same Day,CUST-6204,Tonya Salas,Consumer,East,Office Supplies,Storage
CA-373447,2023-12-07,2025-04-25,First Class,CUST-9389,Benjamin Rodgers,Corporate,Central,Technology,Machines
CA-848149,2025-02-11,2025-04-13,First Class,CUST-9792,Jonathan Allen,Corporate,Central,Technology,Computers
CA-423006,2023-09-20,2025-05-02,Standard Class,CUST-7447,Pamela Taylor,Corporate,Central,Technology,Phones
CA-466294,2023-08-14,2025-04-21,Same Day,CUST-3222,Joy Gonzales MD,Home Office,East,Furniture,Furnishings
CA-389223,2023-10-04,2025-04-29,Second Class,CUST-6067,Crystal Brown PhD,Corporate,West,Office Supplies,Storage
CA-112519,2024-09-18,2025-05-08,First Class,CUST-1955,Ruth Meza,Home Office,East,Furniture,Chairs
CA-941665,2023-07-17,2025-04-24,Same Day,CUST-1712,Ellen Ferguson,Home Office,Central,Furniture,Chairs
CA-551419,2024-01-02,2025-04-19,Same Day,CUST-6982,Mark Gutierrez,Consumer,South,Technology,Computers
CA-332464,2024-02-24,2025-04-20,Standard Class,CUST-5333,Michelle Anderson,Consumer,South,Furniture,Bookcases
CA-860989,2023-06-27,2025-04-17,Standard Class,CUST-9459,Regina Smith,Consumer,East,Technology,Copiers
CA-490691,2024-07-26,2025-04-24,Standard Class,CUST-5819,Virginia Valentine,Home Office,South,Office Supplies,Art
CA-824924,2024-03-18,2025-04-26,Second Class,CUST-9118,Krystal Frost,Home Office,East,Office Supplies,Art
CA-792394,2024-01-21,2025-05-03,Same Day,CUST-5798,Cody Gill,Consumer,South,Office Supplies,Paper
CA-167915,2024-12-02,2025-04-28,Second Class,CUST-1215,Nicholas Turner,Consumer,South,Technology,Machines
CA-695879,2023-09-25,2025-04-30,Standard Class,CUST-2586,Douglas Buck,Consumer,East,Furniture,Tables
CA-368126,2023-11-02,2025-04-27,Standard Class,CUST-8997,Donna Hill,Home Office,South,Office Supplies,Binders
CA-406520,2023-10-29,2025-04-28,Standard Class,CUST-5553,Stacey Spencer,Consumer,Central,Office Supplies,Art
CA-280705,2024-11-02,2025-04-15,First Class,CUST-1533,Dustin Lynch,Home Office,West,Office Supplies,Art
CA-302772,2024-11-16,2025-04-09,Same Day,CUST-5755,Nathaniel Khan,Home Office,West,Technology,Computers
CA-286554,2024-12-01,2025-05-02,Standard Class,CUST-5341,Joseph Vazquez,Consumer,Central,Furniture,Bookcases
CA-589360,2023-12-26,2025-04-23,First Class,CUST-7475,Lauren Sims,Consumer,West,Technology,Phones
CA-305854,2025-03-19,2025-04-18,Same Day,CUST-4954,Anna Wolf,Corporate,Central,Furniture,Furnishings
CA-341185,2023-05-02,2025-05-06,First Class,CUST-5763,Raymond Hull,Consumer,South,Furniture,Chairs
CA-343074,2024-04-18,2025-05-04,Second Class,CUST-2025,Dr. Isaiah Hensley,Consumer,East,Office Supplies,Art
CA-893896,2025-03-28,2025-04-12,Second Class,CUST-7911,Abigail Smith,Consumer,West,Furniture,Furnishings
CA-480220,2024-08-23,2025-04-29,Second Class,CUST-9169,Anthony Pope,Home Office,Central,Furniture,Tables
CA-431459,2024-12-10,2025-04-30,Second Class,CUST-1635,Jason Sullivan,Home Office,South,Furniture,Tables
CA-821374,2024-02-12,2025-04-29,Second Class,CUST-6101,Rebecca Marshall,Home Office,West,Office Supplies,Labels
CA-989300,2023-12-20,2025-05-07,Same Day,CUST-3479,Kathryn Nguyen,Corporate,East,Furniture,Chairs
CA-987156,2024-08-30,2025-05-04,Standard Class,CUST-5816,Olivia Johnson,Consumer,Central,Furniture,Chairs
CA-268605,2024-12-03,2025-04-29,First Class,CUST-9783,Scott Rubio,Consumer,East,Office Supplies,Binders
CA-805958,2024-02-19,2025-04-18,Second Class,CUST-5010,Brian Doyle,Home Office,South,Furniture,Bookcases
CA-698102,2024-12-14,2025-04-24,Standard Class,CUST-4827,Carolyn Martin,Corporate,Central,Furniture,Bookcases
CA-960919,2025-01-08,2025-04-17,Standard Class,CUST-6438,Beth Franco,Home Office,South,Furniture,Chairs
CA-151043,2023-10-11,2025-04-15,Standard Class,CUST-4274,Brent Sanchez,Corporate,Central,Office Supplies,Paper
CA-328056,2025-03-06,2025-04-14,Same Day,CUST-2067,Dennis Lee,Corporate,West,Office Supplies,Binders
CA-838564,2024-07-06,2025-05-04,Second Class,CUST-5680,Shelly Haley,Corporate,East,Technology,Copiers
CA-906758,2024-09-20,2025-05-08,Same Day,CUST-9420,Patrick Wilkins,Home Office,South,Office Supplies,Binders
CA-121938,2023-12-01,2025-04-21,Second Class,CUST-7613,Laura Logan,Consumer,West,Technology,Machines
CA-554289,2024-03-14,2025-04-13,Same Day,CUST-8100,Robert Brown,Consumer,East,Furniture,Furnishings
CA-740427,2024-10-07,2025-05-03,Standard Class,CUST-9261,Cynthia Koch,Home Office,East,Technology,Copiers
CA-658818,2023-04-21,2025-04-20,First Class,CUST-5971,Jonathan Greer,Home Office,South,Furniture,Tables
CA-748509,2025-01-12,2025-04-24,Second Class,CUST-6747,James Boyle,Consumer,South,Furniture,Bookcases
CA-400685,2023-08-18,2025-05-01,Second Class,CUST-3217,Ryan Cook,Home Office,East,Office Supplies,Paper
CA-431287,2024-07-05,2025-04-17,Same Day,CUST-2253,Evan Wallace,Home Office,South,Furniture,Bookcases
CA-136959,2025-01-30,2025-05-01,Second Class,CUST-4575,Lisa Swanson,Corporate,East,Office Supplies,Storage
CA-743170,2023-10-10,2025-04-22,Second Class,CUST-8910,Kenneth Allen,Consumer,East,Furniture,Tables
CA-143452,2025-02-14,2025-04-23,Standard Class,CUST-2168,Matthew Bullock,Consumer,South,Office Supplies,Binders
CA-164553,2024-08-29,2025-05-06,First Class,CUST-6870,Deborah Campbell,Corporate,West,Office Supplies,Labels
CA-763187,2024-04-22,2025-04-15,Standard Class,CUST-2368,Christopher Robinson,Corporate,West,Furniture,Furnishings
CA-283854,2023-08-25,2025-04-13,Second Class,CUST-8236,Jennifer Johnson,Corporate,West,Furniture,Bookcases
CA-613312,2024-09-26,2025-04-09,Same Day,CUST-9125,Kristen Hardy,Consumer,West,Furniture,Furnishings
CA-136805,2023-11-08,2025-05-05,Same Day,CUST-9012,Kayla Alvarado,Corporate,East,Office Supplies,Labels
CA-429544,2025-04-02,2025-04-26,First Class,CUST-7788,Dr. Paula Braun,Corporate,Central,Technology,Copiers
CA-323281,2023-07-24,2025-04-27,Same Day,CUST-2310,Lauren Holmes,Corporate,East,Technology,Computers
CA-256367,2025-03-08,2025-05-06,Same Day,CUST-1762,Danielle Anderson,Consumer,East,Technology,Accessories
CA-237820,2024-05-13,2025-04-28,Same Day,CUST-4591,Richard Calhoun,Corporate,West,Furniture,Furnishings
CA-437042,2023-04-22,2025-04-24,First Class,CUST-9231,Bryan Calderon,Home Office,Central,Office Supplies,Art
CA-813162,2023-06-22,2025-04-20,First Class,CUST-8041,Ariel Conrad,Home Office,East,Technology,Accessories
CA-505880,2024-08-01,2025-05-06,Second Class,CUST-6423,Patricia Wu,Home Office,South,Technology,Phones
CA-704637,2023-10-15,2025-04-30,First Class,CUST-5476,Victoria Moss,Home Office,South,Technology,Machines
CA-622873,2023-05-21,2025-05-06,Second Class,CUST-3388,Lori Woods,Consumer,East,Office Supplies,Labels
CA-564264,2024-11-18,2025-04-29,Second Class,CUST-5260,Stephen Carney,Home Office,West,Furniture,Bookcases
CA-779088,2023-10-23,2025-04-09,First Class,CUST-4828,Steven Baker,Consumer,East,Office Supplies,Art
CA-646068,2023-11-18,2025-05-04,First Class,CUST-1367,Nancy Clark,Consumer,South,Furniture,Bookcases
CA-502444,2025-01-31,2025-04-27,First Class,CUST-6512,Mercedes Hanna,Home Office,West,Office Supplies,Storage
CA-752011,2023-11-24,2025-05-06,Same Day,CUST-6824,Peggy Orozco,Consumer,South,Office Supplies,Binders
CA-266782,2023-06-01,2025-04-25,Standard Class,CUST-4744,Elizabeth Wilson,Home Office,South,Technology,Computers
CA-412384,2024-05-18,2025-05-08,First Class,CUST-2544,George Wallace,Home Office,West,Technology,Copiers
CA-169012,2023-10-09,2025-05-07,First Class,CUST-1710,Jason Smith,Home Office,East,Office Supplies,Labels
CA-335000,2024-02-06,2025-04-16,Second Class,CUST-9088,Gina Hickman,Corporate,West,Technology,Accessories
CA-332679,2024-09-13,2025-04-15,Same Day,CUST-4862,Anthony Cortez,Consumer,South,Technology,Computers
CA-796945,2023-11-09,2025-04-17,Standard Class,CUST-3178,Mary Paul,Corporate,West,Furniture,Tables
CA-691784,2025-03-02,2025-05-05,First Class,CUST-8626,Ashley Alexander,Home Office,South,Office Supplies,Binders
CA-278611,2023-10-25,2025-04-30,Second Class,CUST-6702,Kyle Thomas,Corporate,West,Office Supplies,Binders
CA-369448,2024-02-28,2025-04-12,Second Class,CUST-4029,Rebecca Martinez,Home Office,East,Technology,Copiers
CA-433214,2024-10-12,2025-04-14,First Class,CUST-6322,Amanda Fernandez,Home Office,East,Office Supplies,Art
CA-148365,2023-05-05,2025-05-07,Standard Class,CUST-5388,Brittany Carter,Corporate,West,Furniture,Bookcases
CA-230844,2024-06-29,2025-05-04,Second Class,CUST-1884,Andrew Brown,Consumer,South,Office Supplies,Labels
CA-980379,2024-08-30,2025-04-18,Second Class,CUST-2091,Alexander Johnson,Corporate,East,Office Supplies,Storage
CA-603868,2023-05-04,2025-05-08,Second Class,CUST-2876,Frank Bender,Consumer,West,Office Supplies,Labels
CA-908616,2024-05-20,2025-05-03,Standard Class,CUST-8652,Megan Webster,Home Office,Central,Furniture,Furnishings
CA-930587,2024-04-14,2025-04-14,Second Class,CUST-4441,Kenneth Cruz,Corporate,West,Office Supplies,Binders
CA-315663,2024-02-21,2025-04-21,Same Day,CUST-9174,Thomas Ross,Corporate,West,Technology,Machines
CA-308576,2023-05-26,2025-04-11,Standard Class,CUST-5742,Michael Diaz,Home Office,West,Office Supplies,Paper
CA-874077,2024-10-11,2025-04-12,Standard Class,CUST-7099,James Simon,Corporate,Central,Technology,Computers
CA-302719,2024-04-09,2025-04-10,First Class,CUST-5528,Shelley Coleman,Consumer,West,Office Supplies,Art
CA-609832,2024-08-21,2025-04-15,Second Class,CUST-3805,Nicholas Martinez,Corporate,West,Furniture,Furnishings
CA-834960,2023-10-29,2025-05-06,Second Class,CUST-4298,Maurice Ortiz,Corporate,East,Office Supplies,Storage
CA-390946,2023-10-29,2025-04-19,Standard Class,CUST-5822,Jennifer Stout,Consumer,South,Furniture,Furnishings
CA-785882,2024-10-22,2025-04-19,Same Day,CUST-2794,Kathleen Lara,Home Office,West,Office Supplies,Art
CA-319080,2023-06-07,2025-04-22,Same Day,CUST-2883,Christopher Mendoza,Corporate,South,Technology,Phones
CA-658334,2023-08-13,2025-04-20,Second Class,CUST-2612,Heather Alvarado,Home Office,South,Technology,Machines
CA-839819,2024-01-16,2025-04-10,Standard Class,CUST-2780,Amanda Diaz,Consumer,West,Technology,Computers
CA-407082,2023-07-24,2025-04-24,Standard Class,CUST-8464,Eric Mueller,Consumer,Central,Technology,Accessories
CA-578584,2024-02-23,2025-04-27,First Class,CUST-1071,James Edwards,Consumer,South,Technology,Copiers
CA-755101,2023-04-14,2025-05-03,First Class,CUST-5033,Phillip Blair,Corporate,West,Furniture,Tables
CA-285991,2023-06-14,2025-05-05,Second Class,CUST-7143,Lance Johnson,Consumer,West,Office Supplies,Storage
CA-618312,2025-01-29,2025-04-29,First Class,CUST-2509,Jeremy Pierce,Corporate,Central,Technology,Machines
CA-628814,2024-03-03,2025-04-30,Second Class,CUST-3773,Sharon Rodriguez,Consumer,South,Technology,Machines
CA-495307,2024-05-20,2025-04-23,Standard Class,CUST-2544,Anthony Ramirez,Corporate,Central,Office Supplies,Labels
CA-881206,2024-01-18,2025-04-21,Second Class,CUST-3140,Nancy Wood,Home Office,East,Furniture,Tables
CA-528371,2024-10-16,2025-04-17,First Class,CUST-8984,Cindy Martinez,Consumer,East,Office Supplies,Binders
CA-219356,2023-12-24,2025-04-12,Second Class,CUST-4642,Kristopher Spears,Consumer,Central,Office Supplies,Labels
CA-205986,2024-08-03,2025-04-30,First Class,CUST-5146,Megan Perry,Consumer,South,Technology,Phones
CA-273622,2025-01-16,2025-04-17,Standard Class,CUST-9043,Danielle Davis,Corporate,West,Furniture,Chairs
CA-660468,2024-06-16,2025-04-18,First Class,CUST-4156,Michael Wang,Home Office,West,Office Supplies,Binders
CA-433106,2024-05-21,2025-04-11,Second Class,CUST-6290,Carlos Payne,Home Office,Central,Technology,Computers
CA-217430,2023-12-02,2025-04-27,Same Day,CUST-9403,Dr. Jasmin Cobb PhD,Corporate,Central,Technology,Copiers
CA-424835,2024-06-06,2025-04-22,Second Class,CUST-6950,Timothy Sanders,Corporate,West,Office Supplies,Labels
CA-833541,2024-11-09,2025-04-23,First Class,CUST-9160,Jordan Harrison,Consumer,East,Furniture,Furnishings
CA-890457,2024-07-27,2025-04-20,Second Class,CUST-8455,Ryan Moreno,Home Office,East,Furniture,Chairs
CA-310775,2024-08-30,2025-05-04,First Class,CUST-2550,Matthew Hernandez,Corporate,East,Office Supplies,Labels
CA-561573,2025-02-12,2025-04-29,Same Day,CUST-5350,Geoffrey Oliver,Consumer,South,Technology,Accessories
CA-335531,2025-03-08,2025-05-01,First Class,CUST-3865,Sarah Williams,Home Office,South,Technology,Copiers
CA-371114,2025-01-12,2025-05-02,Second Class,CUST-3278,Shannon Ho,Consumer,South,Furniture,Chairs
CA-139998,2024-02-15,2025-04-16,First Class,CUST-7474,Erika Stewart,Consumer,Central,Office Supplies,Binders
CA-113963,2024-07-20,2025-05-08,Standard Class,CUST-5685,Jesse Kennedy,Home Office,Central,Technology,Copiers
CA-302101,2024-06-05,2025-05-08,First Class,CUST-2707,Paul Moore,Corporate,South,Furniture,Tables
CA-853580,2024-03-21,2025-04-18,First Class,CUST-2034,Angel Anderson,Consumer,South,Furniture,Chairs
CA-949122,2025-03-19,2025-04-11,Standard Class,CUST-5228,Jacob Ruiz,Home Office,West,Furniture,Bookcases
CA-993060,2023-07-02,2025-04-15,Standard Class,CUST-9090,Bethany Cordova,Home Office,Central,Technology,Phones
CA-489252,2024-06-22,2025-04-22,Standard Class,CUST-7664,Danielle Alexander,Consumer,Central,Furniture,Chairs
CA-428203,2025-01-07,2025-04-22,Standard Class,CUST-4238,Patrick Hurst,Consumer,West,Technology,Machines
CA-267472,2024-05-03,2025-05-08,Same Day,CUST-6834,Gina Wyatt,Corporate,Central,Furniture,Tables
CA-415580,2023-04-16,2025-04-29,Second Class,CUST-1854,Samantha Carlson,Corporate,East,Furniture,Furnishings
CA-166360,2023-07-26,2025-05-08,First Class,CUST-8610,Andrea Webster,Consumer,West,Furniture,Furnishings
CA-300475,2024-02-19,2025-05-03,Same Day,CUST-1730,Richard Daugherty,Home Office,Central,Furniture,Bookcases
CA-581035,2024-01-03,2025-04-18,Standard Class,CUST-3485,Donna Riley,Consumer,South,Furniture,Bookcases
CA-936190,2023-05-24,2025-05-07,Same Day,CUST-5578,Vanessa Perkins,Consumer,West,Technology,Copiers
CA-492067,2024-12-25,2025-04-29,Same Day,CUST-4457,Jordan Gonzalez,Home Office,South,Technology,Phones
CA-963390,2023-07-30,2025-04-12,Same Day,CUST-4370,Gina Garcia,Home Office,East,Technology,Machines
CA-339160,2024-04-11,2025-04-09,Same Day,CUST-5023,Ashley Bowman,Home Office,South,Office Supplies,Storage
CA-586886,2023-09-04,2025-04-13,Same Day,CUST-4646,Virginia Cooke,Home Office,Central,Technology,Computers
CA-999081,2024-02-11,2025-04-29,Same Day,CUST-5844,Katherine Graham,Corporate,South,Technology,Copiers
CA-720116,2024-11-09,2025-04-10,Same Day,CUST-1632,Ann Gomez,Consumer,Central,Office Supplies,Binders
CA-964665,2024-11-21,2025-04-13,Second Class,CUST-3437,Tyler Douglas,Consumer,West,Furniture,Furnishings
CA-361204,2024-03-30,2025-04-25,Standard Class,CUST-1164,Calvin Mitchell,Corporate,West,Technology,Accessories
CA-106070,2023-12-07,2025-04-20,Standard Class,CUST-5269,Natalie Delgado,Corporate,South,Furniture,Tables
CA-877597,2023-06-04,2025-04-19,Second Class,CUST-8645,Gabriel Parker,Corporate,Central,Office Supplies,Art
CA-142917,2023-08-14,2025-04-27,Second Class,CUST-2305,Donald Anderson,Corporate,South,Furniture,Tables
CA-962837,2024-12-10,2025-05-02,First Class,CUST-7554,Kathleen Anderson,Home Office,Central,Office Supplies,Labels
CA-753695,2023-08-31,2025-04-20,Standard Class,CUST-5201,Jason Bradley,Consumer,South,Technology,Computers
CA-169868,2024-10-04,2025-04-23,Same Day,CUST-3443,Donna Walsh,Home Office,West,Furniture,Tables
CA-271021,2025-04-02,2025-04-23,Second Class,CUST-4170,Candace Fields,Corporate,West,Office Supplies,Art
CA-457937,2023-09-16,2025-05-03,Second Class,CUST-8722,Christine Long,Consumer,South,Technology,Phones
CA-127704,2023-10-27,2025-04-18,Standard Class,CUST-2595,Walter Novak,Corporate,South,Technology,Accessories
CA-950848,2023-08-11,2025-04-19,Standard Class,CUST-2827,Dawn Anthony,Corporate,Central,Technology,Phones
CA-905269,2024-09-28,2025-05-05,Same Day,CUST-3910,Kayla Brown,Corporate,West,Technology,Machines
CA-823661,2024-06-02,2025-04-17,First Class,CUST-5507,Ashlee Fischer,Consumer,Central,Furniture,Chairs
CA-477000,2024-04-08,2025-04-15,First Class,CUST-8361,Andrew Wade,Consumer,Central,Technology,Machines
CA-416898,2023-10-26,2025-04-20,First Class,CUST-4557,Jenna Flores,Corporate,West,Technology,Machines
CA-897483,2024-07-10,2025-04-26,Second Class,CUST-8179,Jason Nguyen,Corporate,East,Furniture,Tables
CA-212178,2023-09-03,2025-04-22,Same Day,CUST-3149,Amanda Farrell,Home Office,West,Furniture,Chairs
CA-822893,2023-11-25,2025-04-19,Second Class,CUST-1140,Mary Massey,Consumer,South,Furniture,Bookcases
CA-764216,2024-02-14,2025-04-12,Same Day,CUST-6509,Hannah Trujillo,Home Office,East,Technology,Copiers
CA-763189,2024-05-23,2025-04-15,Standard Class,CUST-8957,Barbara Adams,Home Office,South,Furniture,Bookcases
CA-950335,2024-11-16,2025-04-17,Standard Class,CUST-7077,Veronica Martin,Corporate,East,Technology,Phones
CA-850293,2024-05-11,2025-05-04,Second Class,CUST-9369,Jessica Stephenson,Home Office,West,Technology,Accessories
CA-313152,2023-06-02,2025-04-13,Same Day,CUST-5580,Richard Hamilton,Corporate,Central,Technology,Copiers
CA-525863,2023-05-23,2025-04-15,Standard Class,CUST-5226,Jerry Aguilar,Corporate,East,Office Supplies,Paper
CA-491663,2024-02-15,2025-05-06,Same Day,CUST-9237,Andrew Lambert,Consumer,West,Office Supplies,Paper
CA-518542,2024-03-18,2025-04-16,First Class,CUST-7597,Kimberly Willis MD,Consumer,South,Technology,Computers
CA-615908,2024-11-08,2025-04-25,Second Class,CUST-3297,Tammy Ayala,Corporate,East,Office Supplies,Paper
CA-586974,2023-08-17,2025-04-13,First Class,CUST-5558,Elizabeth Boyer,Home Office,West,Furniture,Chairs
CA-353141,2023-06-04,2025-04-09,Second Class,CUST-9274,April Evans,Corporate,East,Technology,Machines
CA-547018,2024-10-04,2025-05-06,Same Day,CUST-6937,Jessica Cabrera,Corporate,East,Furniture,Bookcases
CA-260411,2023-11-26,2025-04-16,First Class,CUST-5881,Jonathan Fitzgerald,Home Office,Central,Technology,Phones
CA-255228,2023-12-29,2025-05-06,Standard Class,CUST-2926,Carl Shepard,Home Office,East,Furniture,Chairs
CA-719558,2024-08-17,2025-05-01,Same Day,CUST-1107,Mary Cole,Home Office,South,Technology,Machines
CA-566676,2024-10-12,2025-05-04,Second Class,CUST-7392,Steven Walker,Consumer,South,Office Supplies,Art
CA-994521,2024-11-06,2025-04-12,Standard Class,CUST-8927,Amber Diaz,Corporate,West,Furniture,Bookcases
CA-505968,2023-05-08,2025-04-09,First Class,CUST-4161,Tracy Cordova,Corporate,West,Technology,Copiers
CA-800997,2024-02-29,2025-04-28,Same Day,CUST-3288,Kelly Black,Consumer,Central,Technology,Accessories
CA-828829,2023-10-01,2025-04-22,Same Day,CUST-5462,Kimberly Brooks,Home Office,West,Furniture,Furnishings
CA-950585,2024-09-28,2025-04-20,First Class,CUST-7751,Mr. Marcus Brown PhD,Consumer,West,Furniture,Tables
CA-685932,2025-01-08,2025-05-03,First Class,CUST-1120,Martha Gamble,Corporate,West,Furniture,Bookcases
CA-704643,2025-01-08,2025-04-09,Standard Class,CUST-2757,Timothy Gonzalez,Home Office,West,Technology,Accessories
CA-472497,2024-10-31,2025-04-14,Second Class,CUST-1532,Joel Weber,Corporate,East,Technology,Copiers
CA-886396,2024-08-26,2025-04-16,Standard Class,CUST-7122,Thomas Harmon,Home Office,South,Furniture,Chairs
CA-184843,2025-02-26,2025-04-10,First Class,CUST-8397,Brian Sanchez,Corporate,South,Office Supplies,Storage
CA-616758,2025-01-07,2025-04-21,Standard Class,CUST-7030,Candice Rodriguez,Corporate,South,Furniture,Chairs
CA-939564,2024-03-03,2025-04-18,First Class,CUST-8501,Suzanne Dyer,Home Office,East,Office Supplies,Storage
CA-883024,2023-12-22,2025-05-06,First Class,CUST-6240,Brian Liu,Home Office,East,Furniture,Bookcases
CA-316272,2024-11-19,2025-04-16,First Class,CUST-9202,William Morgan,Home Office,West,Office Supplies,Labels
CA-664426,2023-07-31,2025-04-15,Standard Class,CUST-2373,Bruce Williams,Consumer,South,Technology,Copiers
CA-672074,2023-06-18,2025-05-08,Standard Class,CUST-2904,Vincent Garcia,Consumer,Central,Furniture,Tables
CA-560123,2024-07-06,2025-04-19,Second Class,CUST-1370,Miranda Turner,Home Office,South,Technology,Accessories
CA-558032,2023-06-16,2025-05-06,First Class,CUST-8449,Heather Fischer,Corporate,West,Office Supplies,Paper
CA-754124,2023-05-01,2025-05-04,Second Class,CUST-2339,Jacob Bailey,Home Office,East,Furniture,Chairs
CA-595223,2024-07-23,2025-04-09,Standard Class,CUST-8455,Katelyn Ward,Consumer,South,Furniture,Chairs
CA-155692,2025-02-15,2025-04-15,Standard Class,CUST-7410,Bobby Reyes,Consumer,Central,Furniture,Bookcases
CA-345999,2025-02-24,2025-04-16,Standard Class,CUST-1576,John Wolf,Consumer,South,Office Supplies,Labels
CA-783470,2024-07-22,2025-05-02,Second Class,CUST-6480,Brooke Young,Home Office,South,Technology,Machines
CA-314093,2023-08-01,2025-04-12,Second Class,CUST-5938,Christopher Nunez,Corporate,West,Office Supplies,Storage
CA-807575,2023-11-17,2025-04-28,Second Class,CUST-1276,Alvin Lee,Home Office,South,Technology,Computers
CA-326326,2025-01-17,2025-05-02,Standard Class,CUST-9455,Michael Mcbride,Corporate,Central,Office Supplies,Binders
CA-748963,2025-02-09,2025-04-11,Standard Class,CUST-7420,Mary Deleon,Corporate,Central,Technology,Phones
CA-758677,2024-08-02,2025-04-18,First Class,CUST-3994,Theodore Thomas,Consumer,East,Technology,Machines
CA-729457,2024-07-28,2025-05-08,Same Day,CUST-8753,Melissa Cooper,Corporate,South,Office Supplies,Binders
CA-870772,2023-08-24,2025-04-28,First Class,CUST-1340,Sharon Welch,Home Office,East,Office Supplies,Labels
CA-206259,2025-03-30,2025-04-30,Same Day,CUST-1475,Ms. Debra Perkins,Home Office,East,Technology,Computers
CA-657791,2024-05-03,2025-04-15,First Class,CUST-7182,Chelsea Adams,Consumer,Central,Office Supplies,Art
CA-693989,2024-11-13,2025-05-08,Second Class,CUST-8312,Courtney Ruiz,Home Office,East,Technology,Machines
CA-827728,2024-05-09,2025-04-28,Same Day,CUST-9175,Samantha King,Home Office,West,Furniture,Chairs
CA-557794,2023-10-29,2025-04-19,Second Class,CUST-1527,Michaela Burns,Corporate,East,Furniture,Furnishings
CA-775494,2024-05-04,2025-04-16,Same Day,CUST-2752,Jennifer Duncan,Home Office,East,Office Supplies,Paper
CA-635627,2024-12-06,2025-04-13,Second Class,CUST-4662,Kelli Sampson,Home Office,South,Technology,Copiers
CA-311512,2024-02-01,2025-04-23,Standard Class,CUST-6922,Jennifer Martinez,Home Office,West,Furniture,Tables
CA-834512,2023-05-08,2025-05-01,Second Class,CUST-6397,Dominic Lopez,Corporate,West,Furniture,Furnishings
CA-858325,2023-09-28,2025-04-12,Same Day,CUST-7304,Tammy Brown,Consumer,Central,Technology,Phones
CA-723648,2024-09-19,2025-04-10,Standard Class,CUST-7834,Deborah Cole,Corporate,Central,Technology,Machines
CA-222411,2023-10-07,2025-05-08,First Class,CUST-3639,Angela Salas,Corporate,Central,Technology,Copiers
CA-813284,2023-04-27,2025-04-28,First Class,CUST-1028,Debra Anderson,Home Office,Central,Furniture,Tables
CA-619920,2023-11-28,2025-05-04,Standard Class,CUST-6765,Miguel Brown,Home Office,East,Technology,Machines
CA-665615,2024-03-10,2025-04-27,First Class,CUST-4536,Cassandra Mckinney,Consumer,East,Furniture,Chairs
CA-294868,2024-07-21,2025-05-02,Standard Class,CUST-8656,Valerie Anderson,Home Office,Central,Office Supplies,Binders
CA-348546,2024-01-23,2025-05-06,Same Day,CUST-9166,Mercedes Castro,Home Office,East,Office Supplies,Paper
CA-348916,2024-12-15,2025-04-30,Standard Class,CUST-3564,Rebekah Barber,Corporate,East,Technology,Computers
CA-395246,2023-08-22,2025-04-17,First Class,CUST-2017,Alicia Williams,Home Office,Central,Technology,Machines
CA-410777,2023-12-07,2025-05-01,Same Day,CUST-6475,Sara Parker,Corporate,East,Office Supplies,Labels
CA-689915,2023-10-30,2025-04-23,Same Day,CUST-9452,Wayne Nelson,Consumer,West,Technology,Machines
CA-612210,2024-06-22,2025-04-19,Same Day,CUST-6124,Mary Collins,Corporate,South,Office Supplies,Storage
CA-223375,2023-08-07,2025-04-22,Standard Class,CUST-6305,Stephen Holt,Home Office,South,Office Supplies,Binders
CA-667077,2023-08-13,2025-04-24,Same Day,CUST-2747,Chelsea Robertson,Consumer,West,Office Supplies,Art
CA-921582,2023-05-22,2025-05-06,Standard Class,CUST-4422,Melvin Rogers,Consumer,South,Office Supplies,Storage
CA-561033,2024-10-06,2025-04-28,Second Class,CUST-4122,Julie Cox,Consumer,South,Technology,Computers
CA-696975,2023-04-19,2025-04-17,Standard Class,CUST-4179,Stephanie Beck,Consumer,Central,Technology,Phones
CA-572179,2025-03-18,2025-04-10,Second Class,CUST-7899,Erica Morris,Home Office,South,Furniture,Furnishings
CA-812244,2024-08-08,2025-04-23,First Class,CUST-6767,Susan Burton,Consumer,Central,Office Supplies,Paper
CA-601073,2023-09-02,2025-04-24,Same Day,CUST-6989,Robin Myers,Home Office,South,Furniture,Furnishings
CA-907374,2024-11-19,2025-04-22,Same Day,CUST-3888,Amanda Sanchez,Home Office,Central,Technology,Phones
CA-479794,2025-01-05,2025-05-06,First Class,CUST-5120,Megan Goodwin,Consumer,West,Technology,Copiers
CA-129039,2024-03-03,2025-05-01,First Class,CUST-1083,Haley Garza,Corporate,West,Furniture,Bookcases
CA-414950,2023-09-08,2025-05-06,Same Day,CUST-5612,Joshua Fitzgerald,Corporate,East,Furniture,Tables
CA-278966,2024-06-03,2025-04-19,Standard Class,CUST-7830,Teresa Robinson,Home Office,West,Office Supplies,Labels
CA-897327,2024-05-08,2025-04-17,Standard Class,CUST-2815,Jill Harris,Consumer,West,Office Supplies,Storage
CA-929182,2024-08-03,2025-05-07,Standard Class,CUST-6603,David Torres,Corporate,Central,Furniture,Bookcases
CA-409914,2024-04-02,2025-05-02,Second Class,CUST-8183,Judy Johnson,Home Office,West,Office Supplies,Binders
CA-261704,2025-02-16,2025-04-27,Standard Class,CUST-5686,Andrew Smith,Consumer,West,Technology,Phones
CA-840101,2023-05-01,2025-05-02,Same Day,CUST-4753,Lauren Robbins,Corporate,East,Technology,Phones
CA-171529,2025-03-09,2025-05-05,Second Class,CUST-5953,Jordan Molina,Consumer,South,Furniture,Chairs
CA-363665,2024-03-10,2025-04-13,Same Day,CUST-4256,Jennifer Gilbert,Corporate,South,Technology,Computers
CA-705200,2025-03-30,2025-05-05,Second Class,CUST-3541,Kelly Thomas,Consumer,Central,Office Supplies,Labels
CA-673454,2023-11-14,2025-04-23,Second Class,CUST-9317,Victoria Levy,Consumer,Central,Technology,Copiers
CA-238783,2024-05-04,2025-04-09,First Class,CUST-7731,Brian Kelley,Home Office,South,Technology,Machines
CA-164232,2023-05-29,2025-04-10,First Class,CUST-6381,Ana Anderson,Home Office,Central,Technology,Phones
CA-390500,2024-01-23,2025-04-28,Second Class,CUST-5420,Sheri Murray,Consumer,East,Technology,Phones
CA-449604,2025-01-31,2025-04-10,Same Day,CUST-3170,Kevin Lee,Corporate,Central,Office Supplies,Binders
CA-526575,2024-11-25,2025-04-12,First Class,CUST-6564,Whitney Schroeder,Home Office,South,Furniture,Chairs
CA-616303,2023-12-30,2025-04-20,Standard Class,CUST-6491,Rebecca Murphy,Home Office,Central,Furniture,Furnishings
CA-763349,2023-10-27,2025-04-30,Second Class,CUST-1402,Anthony Caldwell,Corporate,East,Office Supplies,Art
CA-948439,2023-05-31,2025-05-06,First Class,CUST-2862,Lisa Colon,Corporate,West,Furniture,Chairs
CA-724089,2024-01-25,2025-05-07,Second Class,CUST-3389,Timothy Patterson,Home Office,South,Furniture,Furnishings
CA-464387,2023-09-09,2025-04-25,Second Class,CUST-7235,Mary Barnes,Corporate,East,Technology,Phones
CA-353560,2023-04-22,2025-04-14,Standard Class,CUST-5682,Grant Peters,Home Office,West,Furniture,Chairs
CA-787856,2024-02-26,2025-04-09,First Class,CUST-1360,Christine Porter,Consumer,East,Furniture,Tables
CA-197962,2024-11-28,2025-04-15,Second Class,CUST-8769,Lori Fuentes,Home Office,West,Office Supplies,Labels
CA-900816,2025-01-10,2025-04-10,Standard Class,CUST-8816,Mindy Gonzales,Corporate,South,Technology,Phones
CA-327371,2024-01-08,2025-04-17,First Class,CUST-9318,Catherine Mendoza,Consumer,East,Office Supplies,Art
CA-345469,2025-01-26,2025-05-07,Same Day,CUST-1836,Shelby Mcdonald,Corporate,East,Technology,Accessories
CA-987739,2023-10-29,2025-05-04,Same Day,CUST-3134,John Silva,Corporate,South,Office Supplies,Binders
CA-669147,2023-11-24,2025-05-03,Standard Class,CUST-3468,David Weber,Consumer,Central,Office Supplies,Art
CA-879154,2025-01-05,2025-04-27,Same Day,CUST-1491,Taylor Butler,Corporate,Central,Furniture,Chairs
CA-105813,2023-05-08,2025-04-29,Second Class,CUST-2224,Aaron Baker,Consumer,South,Furniture,Tables
CA-677534,2023-09-06,2025-04-14,Same Day,CUST-3667,Lauren Pitts,Corporate,West,Furniture,Bookcases
CA-507631,2023-08-11,2025-04-25,Same Day,CUST-3114,Oscar Johnson,Consumer,West,Furniture,Chairs
CA-660325,2023-04-15,2025-05-06,Second Class,CUST-1657,Morgan Raymond,Home Office,East,Office Supplies,Paper
CA-298259,2025-02-06,2025-05-08,Standard Class,CUST-9993,Jeffrey Murray,Corporate,East,Furniture,Tables
CA-676221,2024-11-02,2025-04-20,Standard Class,CUST-1255,Joyce Kelley,Consumer,East,Technology,Computers
CA-262574,2024-09-17,2025-04-25,First Class,CUST-7234,Harry Johnson,Consumer,West,Office Supplies,Labels
CA-750121,2023-07-12,2025-05-02,Standard Class,CUST-9399,Morgan Collier,Home Office,East,Office Supplies,Binders
CA-810158,2024-04-26,2025-04-19,Same Day,CUST-7276,Breanna Gonzalez,Home Office,South,Furniture,Chairs
CA-462548,2025-03-30,2025-04-30,First Class,CUST-9944,Jason Lin,Home Office,West,Office Supplies,Binders
CA-376313,2023-11-14,2025-04-21,Same Day,CUST-4290,Cassidy Byrd PhD,Corporate,East,Office Supplies,Binders
CA-311645,2024-01-13,2025-05-01,Second Class,CUST-8492,Erin Baker,Consumer,South,Technology,Copiers
CA-676528,2023-07-16,2025-05-03,Second Class,CUST-9648,Christine Mullins,Consumer,West,Furniture,Tables
CA-348511,2023-08-10,2025-05-07,Second Class,CUST-6470,Shelly Woodward,Consumer,Central,Technology,Computers
CA-108994,2023-12-24,2025-04-28,First Class,CUST-5988,Lindsay Brown,Home Office,South,Office Supplies,Art
CA-919640,2024-12-02,2025-05-02,Same Day,CUST-1164,Shaun Eaton,Consumer,Central,Furniture,Tables
CA-320547,2023-09-04,2025-04-10,Same Day,CUST-4671,Mary Peterson,Home Office,East,Office Supplies,Paper
CA-479326,2024-10-17,2025-05-01,Same Day,CUST-2929,Nicholas Anderson Jr.,Consumer,Central,Furniture,Bookcases
CA-643437,2023-12-05,2025-05-06,Standard Class,CUST-7293,David Bradshaw,Consumer,West,Furniture,Chairs
CA-700190,2025-02-16,2025-04-21,Same Day,CUST-1508,John Schultz,Consumer,West,Office Supplies,Storage
CA-274444,2025-03-09,2025-04-25,First Class,CUST-2979,Denise Smith,Consumer,South,Furniture,Bookcases
CA-750513,2024-06-09,2025-04-09,Same Day,CUST-2170,Kimberly Davidson,Corporate,South,Office Supplies,Storage
CA-271824,2024-05-03,2025-04-12,Standard Class,CUST-1282,Edward Gonzales,Corporate,South,Furniture,Chairs
CA-311211,2024-03-16,2025-04-11,Same Day,CUST-8691,Heidi Gardner,Consumer,Central,Furniture,Chairs
CA-958396,2023-12-08,2025-04-30,Same Day,CUST-7667,Edward Moore,Corporate,West,Furniture,Chairs
CA-710673,2024-01-10,2025-04-30,Same Day,CUST-9284,Jennifer Mccall,Home Office,East,Office Supplies,Paper
CA-251226,2023-11-22,2025-05-05,Standard Class,CUST-6190,Christine Carlson,Corporate,East,Furniture,Chairs
CA-683290,2023-05-26,2025-04-22,Second Class,CUST-2312,Jennifer Warren,Corporate,East,Technology,Computers
CA-992718,2024-03-10,2025-05-07,Same Day,CUST-1919,Felicia Wheeler,Corporate,West,Furniture,Bookcases
CA-702230,2023-05-13,2025-05-06,Standard Class,CUST-1348,Michael Myers,Home Office,Central,Furniture,Tables
CA-544496,2023-08-10,2025-04-14,First Class,CUST-5413,Cory Jones,Corporate,Central,Furniture,Chairs
CA-428094,2024-01-19,2025-05-06,First Class,CUST-4503,Wesley Graham,Corporate,South,Office Supplies,Binders
CA-664192,2023-12-06,2025-04-30,First Class,CUST-1644,Mrs. Sarah Gaines,Consumer,South,Office Supplies,Storage
CA-445968,2024-06-21,2025-04-26,First Class,CUST-9593,Daniel Love,Consumer,West,Technology,Machines
CA-908521,2024-07-22,2025-05-06,Same Day,CUST-7183,Susan West,Consumer,South,Technology,Copiers
CA-163757,2023-06-30,2025-04-24,Same Day,CUST-2114,Michael Eaton,Consumer,East,Furniture,Furnishings
CA-857291,2024-05-28,2025-05-02,Standard Class,CUST-5996,Brent Palmer,Home Office,South,Technology,Machines
CA-774563,2024-08-20,2025-04-13,Same Day,CUST-8769,Christine Allison,Home Office,East,Technology,Phones
CA-987521,2024-09-24,2025-05-08,Second Class,CUST-3679,Megan Reyes,Home Office,West,Technology,Accessories
CA-724430,2023-05-14,2025-04-25,Same Day,CUST-6986,Claudia Anderson,Corporate,South,Office Supplies,Paper
CA-380771,2024-09-06,2025-04-09,First Class,CUST-2713,Nicole Cooper,Consumer,Central,Office Supplies,Art
CA-448684,2024-01-30,2025-04-18,Second Class,CUST-4900,Jason Henry,Corporate,East,Technology,Computers
CA-123894,2024-10-15,2025-05-03,Standard Class,CUST-3969,Lauren Gibbs,Corporate,East,Technology,Machines
CA-302308,2023-07-02,2025-04-13,Standard Class,CUST-2096,Carolyn Benitez,Corporate,South,Technology,Computers
CA-254261,2023-05-04,2025-04-15,First Class,CUST-5374,Matthew Singleton,Home Office,Central,Furniture,Bookcases
CA-867057,2024-07-02,2025-05-05,Standard Class,CUST-6780,Laura Buck,Home Office,East,Technology,Computers
CA-969725,2024-06-24,2025-04-11,First Class,CUST-4849,Shane Kidd,Consumer,East,Office Supplies,Binders
CA-674505,2024-06-18,2025-04-27,Same Day,CUST-7927,Stuart Marsh,Corporate,West,Technology,Copiers
CA-741695,2024-06-26,2025-04-18,Second Class,CUST-2598,Elizabeth Morse,Corporate,East,Technology,Computers
CA-193587,2024-08-04,2025-04-30,Standard Class,CUST-9472,Andrea Dennis,Corporate,Central,Furniture,Furnishings
CA-867491,2024-06-03,2025-04-13,Second Class,CUST-3561,Anthony Carter,Corporate,West,Furniture,Chairs
CA-334377,2023-11-15,2025-05-06,Standard Class,CUST-9077,Larry Martinez,Corporate,South,Furniture,Furnishings
CA-459022,2023-10-15,2025-05-01,First Class,CUST-8291,Melinda Smith,Consumer,West,Furniture,Chairs
CA-700086,2025-03-05,2025-04-13,Second Class,CUST-9647,Mark Cantu,Home Office,West,Furniture,Bookcases
CA-176921,2024-10-02,2025-05-02,First Class,CUST-7428,Cassandra Gilmore,Home Office,East,Technology,Computers
CA-154163,2023-09-04,2025-04-26,Standard Class,CUST-3756,Bailey Lewis,Corporate,West,Technology,Machines
CA-877670,2024-06-07,2025-04-14,First Class,CUST-6509,Cathy Smith,Home Office,East,Furniture,Tables
CA-192869,2023-05-29,2025-04-13,First Class,CUST-6481,Cody Young,Consumer,East,Technology,Computers
CA-803557,2024-05-21,2025-04-25,First Class,CUST-7673,Brian Harrison,Home Office,Central,Technology,Copiers
CA-450915,2023-06-09,2025-04-29,Second Class,CUST-1916,Bradley Nelson,Home Office,East,Office Supplies,Storage
CA-129358,2024-07-05,2025-04-30,Second Class,CUST-4363,Sharon Garcia,Home Office,Central,Technology,Computers
CA-206374,2023-08-10,2025-05-01,Second Class,CUST-3130,Fernando Moore,Home Office,South,Technology,Copiers
CA-279703,2025-03-14,2025-04-23,First Class,CUST-5353,Jackie Holland,Consumer,East,Office Supplies,Storage
CA-294343,2024-06-01,2025-04-28,Same Day,CUST-3290,Nicole Velasquez,Consumer,Central,Office Supplies,Paper
CA-912233,2024-10-21,2025-04-12,Second Class,CUST-1149,Mackenzie Williams,Corporate,East,Technology,Accessories
CA-403547,2025-01-20,2025-04-28,Second Class,CUST-5383,Mr. David Ortiz,Corporate,East,Office Supplies,Labels
CA-222630,2025-03-13,2025-04-18,Second Class,CUST-1763,Jennifer Rivera,Home Office,Central,Furniture,Tables
CA-246844,2024-05-30,2025-04-27,Second Class,CUST-4781,James Valdez,Corporate,South,Technology,Machines
CA-649829,2023-10-15,2025-04-13,Second Class,CUST-3681,Andrea Rivera,Consumer,West,Technology,Machines
CA-665476,2023-06-14,2025-05-01,Second Class,CUST-4585,Michelle Acevedo,Corporate,Central,Office Supplies,Binders
CA-738002,2023-08-20,2025-04-14,First Class,CUST-7306,Tiffany Farmer,Home Office,West,Furniture,Chairs
CA-246686,2025-03-07,2025-04-23,Standard Class,CUST-5341,Valerie Taylor,Corporate,West,Technology,Accessories
CA-438421,2023-11-06,2025-04-15,First Class,CUST-9646,Sharon Johnston,Consumer,West,Office Supplies,Art
CA-730057,2024-06-05,2025-04-29,First Class,CUST-2597,Larry Riley,Consumer,West,Furniture,Furnishings
CA-869864,2023-11-30,2025-05-07,Standard Class,CUST-7808,Brenda Gordon,Corporate,South,Office Supplies,Art
CA-915205,2025-02-06,2025-04-11,Same Day,CUST-1406,Robert Thomas DDS,Corporate,Central,Office Supplies,Art
CA-501653,2024-06-19,2025-04-20,Same Day,CUST-1580,Eric Little,Consumer,East,Furniture,Bookcases
CA-826852,2025-02-02,2025-05-06,Same Day,CUST-4676,David George,Corporate,West,Office Supplies,Labels
CA-391162,2024-03-29,2025-04-20,First Class,CUST-6899,Natalie Duke,Consumer,East,Technology,Copiers
CA-206695,2024-03-13,2025-04-22,Second Class,CUST-2573,Martin Mckinney IV,Corporate,East,Office Supplies,Storage
CA-443230,2025-03-09,2025-04-22,Same Day,CUST-7169,Natalie Carter,Home Office,South,Technology,Computers
CA-633739,2024-07-01,2025-04-11,Standard Class,CUST-4688,Lisa Wilson,Home Office,West,Furniture,Tables
CA-166123,2023-07-31,2025-04-21,First Class,CUST-1682,Donna Nguyen,Home Office,South,Furniture,Tables
CA-131950,2024-01-03,2025-04-10,Same Day,CUST-9448,Alyssa Hayes,Consumer,East,Technology,Machines
CA-523814,2023-09-26,2025-04-29,Standard Class,CUST-7187,Alyssa Adams,Consumer,East,Office Supplies,Labels
CA-689026,2024-11-03,2025-04-28,Standard Class,CUST-4693,Elizabeth Cole,Consumer,Central,Office Supplies,Labels
CA-642928,2024-02-11,2025-04-11,Standard Class,CUST-5133,Julie Ferguson,Corporate,West,Furniture,Furnishings
CA-788434,2023-11-17,2025-05-04,First Class,CUST-1908,Benjamin Bennett,Home Office,Central,Furniture,Tables
CA-848391,2024-04-09,2025-04-26,First Class,CUST-2403,Angela Schwartz,Corporate,Central,Office Supplies,Paper
CA-407794,2024-12-01,2025-04-09,Second Class,CUST-4605,Nancy Smith,Corporate,Central,Office Supplies,Paper
CA-410335,2025-03-04,2025-04-18,First Class,CUST-2533,Jordan Kaiser,Corporate,West,Office Supplies,Paper
CA-481631,2024-09-09,2025-04-19,Standard Class,CUST-5055,Heather Jackson,Consumer,East,Office Supplies,Paper
CA-347966,2024-04-12,2025-05-04,Second Class,CUST-7662,Mary Sullivan,Corporate,East,Office Supplies,Labels
CA-668412,2024-05-26,2025-04-29,Standard Class,CUST-6329,Thomas Guzman,Consumer,East,Furniture,Furnishings
CA-476655,2024-07-23,2025-05-01,Standard Class,CUST-1791,Douglas Vargas,Home Office,South,Office Supplies,Storage
CA-873508,2024-04-03,2025-04-28,First Class,CUST-4907,Kayla Hall,Home Office,Central,Technology,Machines
CA-493721,2025-03-01,2025-04-21,Same Day,CUST-8469,Melissa Pennington,Corporate,East,Furniture,Tables
CA-335536,2023-06-01,2025-04-27,Second Class,CUST-8168,Donald Guerra,Consumer,South,Technology,Copiers
CA-285948,2024-01-16,2025-04-29,Same Day,CUST-9393,Catherine Nielsen,Home Office,Central,Office Supplies,Art
CA-299724,2023-11-08,2025-05-02,Second Class,CUST-4390,Linda White,Home Office,Central,Furniture,Tables
CA-113627,2024-05-11,2025-05-03,First Class,CUST-2565,Tanya Jones,Corporate,South,Office Supplies,Labels
CA-101768,2024-12-14,2025-05-05,Second Class,CUST-3848,Matthew Williams,Consumer,South,Furniture,Bookcases
CA-523510,2024-02-09,2025-05-01,Second Class,CUST-9673,James Ryan,Consumer,West,Technology,Phones
CA-386890,2024-05-09,2025-04-22,Same Day,CUST-5751,Stephanie Manning,Home Office,East,Office Supplies,Labels
CA-176078,2023-04-17,2025-05-08,Standard Class,CUST-4222,Kim Madden,Consumer,South,Office Supplies,Storage
CA-178908,2024-01-30,2025-04-27,First Class,CUST-2941,Cameron Lloyd,Consumer,East,Technology,Phones
CA-949989,2024-01-29,2025-04-09,Second Class,CUST-6069,Roger Jones,Consumer,Central,Furniture,Chairs
CA-318992,2023-10-03,2025-04-12,Second Class,CUST-6722,Stephanie Romero,Home Office,West,Office Supplies,Art
CA-172797,2024-08-18,2025-04-22,Standard Class,CUST-3435,David Huffman,Corporate,South,Office Supplies,Paper
CA-873284,2025-04-04,2025-04-23,Standard Class,CUST-8322,Monica Smith,Home Office,Central,Office Supplies,Paper
CA-604900,2025-01-15,2025-05-01,Same Day,CUST-2025,Michael Mendez,Corporate,East,Technology,Machines
CA-918263,2024-04-01,2025-04-29,Standard Class,CUST-9935,David Mitchell,Corporate,Central,Office Supplies,Paper
CA-657617,2024-12-21,2025-04-18,Standard Class,CUST-2189,Tracy Wu,Corporate,East,Office Supplies,Storage
CA-689424,2025-01-13,2025-05-06,Same Day,CUST-3457,Timothy Christian,Home Office,South,Furniture,Bookcases
CA-249394,2024-09-30,2025-04-22,First Class,CUST-1748,Heather Clark,Home Office,Central,Furniture,Furnishings
CA-169487,2025-04-03,2025-05-01,First Class,CUST-2194,Stephanie Cervantes,Home Office,East,Technology,Accessories
CA-375033,2023-06-09,2025-05-06,Standard Class,CUST-4871,Andrea Reid,Home Office,East,Office Supplies,Labels
CA-960994,2024-05-25,2025-04-25,Same Day,CUST-2978,Amber Stewart,Consumer,South,Furniture,Tables
CA-833162,2024-07-13,2025-04-12,Same Day,CUST-8492,Dakota Holloway,Home Office,Central,Technology,Phones
CA-395275,2024-10-20,2025-04-19,Same Day,CUST-9205,Julia Meadows,Corporate,West,Office Supplies,Storage
CA-397366,2024-11-01,2025-05-06,First Class,CUST-2174,Lynn Holt,Consumer,South,Furniture,Furnishings
CA-199707,2023-12-25,2025-04-11,Second Class,CUST-9983,Jennifer Rodriguez,Home Office,East,Furniture,Tables
CA-647519,2024-06-13,2025-04-14,First Class,CUST-3112,Diana James,Home Office,East,Technology,Machines
CA-495151,2024-12-18,2025-04-27,First Class,CUST-5231,James Pierce,Corporate,West,Technology,Computers
CA-862935,2024-03-25,2025-04-17,Second Class,CUST-4601,Jennifer Fox MD,Home Office,East,Office Supplies,Art
CA-710114,2023-10-18,2025-04-10,Same Day,CUST-2093,Jessica Moore,Home Office,West,Technology,Phones
CA-645071,2025-01-12,2025-04-25,Standard Class,CUST-2844,Hunter Jackson,Corporate,East,Furniture,Furnishings
CA-555259,2024-08-31,2025-05-08,Same Day,CUST-3809,Kristen Adams,Home Office,West,Office Supplies,Storage
CA-609775,2023-08-19,2025-04-30,Second Class,CUST-2514,Amy Baldwin,Corporate,Central,Furniture,Tables
CA-895447,2023-07-28,2025-04-23,First Class,CUST-9553,Shane Gray,Home Office,Central,Technology,Phones
CA-214316,2023-07-29,2025-04-28,Second Class,CUST-3587,Dawn Zimmerman,Consumer,West,Technology,Computers
CA-501848,2023-12-04,2025-04-21,Same Day,CUST-2089,David Carter,Corporate,West,Office Supplies,Art
CA-364816,2024-05-19,2025-04-21,Same Day,CUST-5258,Elizabeth Duarte,Corporate,West,Technology,Computers
CA-247198,2023-07-01,2025-05-04,First Class,CUST-9140,Stacey Williams,Consumer,West,Technology,Copiers
CA-207483,2024-04-16,2025-04-13,Standard Class,CUST-5194,Jeffrey Jimenez,Consumer,Central,Office Supplies,Art
CA-425890,2024-09-17,2025-05-01,First Class,CUST-9981,Sharon Beasley,Home Office,East,Technology,Copiers
CA-953326,2024-11-18,2025-04-11,Same Day,CUST-4332,Richard Wilson,Home Office,Central,Technology,Machines
CA-882571,2023-12-25,2025-04-10,First Class,CUST-5000,Heather Sanchez,Home Office,East,Office Supplies,Art
CA-873994,2023-05-05,2025-04-18,First Class,CUST-3736,April Barber,Consumer,East,Technology,Accessories
CA-488759,2024-10-03,2025-04-19,First Class,CUST-7829,Erica Robinson,Consumer,Central,Technology,Computers
CA-775106,2023-05-19,2025-04-14,Same Day,CUST-8875,Dylan Robbins,Consumer,South,Technology,Machines
CA-338459,2024-04-09,2025-05-03,Same Day,CUST-5109,Madison Cook,Corporate,West,Office Supplies,Labels
CA-782449,2024-12-30,2025-04-14,First Class,CUST-2926,Denise Walker,Home Office,Central,Office Supplies,Art
CA-250372,2024-12-03,2025-04-11,Standard Class,CUST-7396,Katrina Whitaker,Consumer,Central,Furniture,Bookcases
CA-655515,2023-07-09,2025-05-02,First Class,CUST-9908,Elijah Rodriguez,Consumer,West,Furniture,Furnishings
CA-583066,2025-01-05,2025-05-08,Second Class,CUST-4955,Sheri Adams,Corporate,South,Furniture,Bookcases
CA-620957,2024-10-07,2025-04-09,Same Day,CUST-4589,Amanda Shea,Consumer,Central,Office Supplies,Art
CA-316668,2024-03-13,2025-05-01,First Class,CUST-3722,Elizabeth Reeves,Home Office,East,Office Supplies,Art
CA-810056,2024-05-04,2025-04-22,First Class,CUST-1200,Richard Edwards,Consumer,South,Office Supplies,Art
CA-923174,2024-12-03,2025-04-23,Same Day,CUST-7970,Lisa Newman,Consumer,Central,Office Supplies,Storage
CA-790932,2024-05-08,2025-04-23,Standard Class,CUST-9828,Bruce Estes,Corporate,Central,Furniture,Bookcases
CA-567004,2024-01-06,2025-04-12,Standard Class,CUST-6536,Paul Collier,Corporate,West,Office Supplies,Paper
CA-448025,2024-09-15,2025-05-06,First Class,CUST-9121,Mr. Ronald Rodriguez,Corporate,Central,Technology,Machines
CA-139614,2023-08-07,2025-04-29,Standard Class,CUST-9005,Kelli Ramirez,Corporate,Central,Office Supplies,Art
CA-736618,2023-08-12,2025-04-29,Second Class,CUST-8290,Latasha Hubbard,Corporate,Central,Office Supplies,Art
CA-289935,2024-11-12,2025-05-01,Same Day,CUST-2694,Jennifer Holmes,Home Office,West,Furniture,Furnishings
CA-927407,2025-02-18,2025-04-11,Second Class,CUST-8627,Antonio Jones,Corporate,South,Technology,Computers
CA-987736,2024-12-19,2025-04-21,Second Class,CUST-2850,Susan Nelson,Corporate,East,Office Supplies,Art
CA-312911,2023-08-01,2025-04-30,Second Class,CUST-1780,Madison Stephens,Home Office,West,Furniture,Bookcases
CA-464401,2025-01-17,2025-04-19,Second Class,CUST-8349,Jonathan Elliott,Home Office,Central,Office Supplies,Art
CA-728832,2025-01-28,2025-04-10,Second Class,CUST-6598,Jessica Figueroa,Consumer,Central,Furniture,Bookcases
CA-319024,2024-06-13,2025-04-20,Second Class,CUST-1701,Michael Phillips,Home Office,West,Technology,Phones
CA-157527,2024-12-14,2025-04-16,Same Day,CUST-2606,Peggy Rice,Corporate,West,Furniture,Furnishings
CA-399751,2024-11-14,2025-05-08,Same Day,CUST-7917,Jennifer Murphy,Consumer,Central,Office Supplies,Paper
CA-300427,2023-09-20,2025-05-02,Standard Class,CUST-5932,Natalie Hanson,Consumer,Central,Furniture,Furnishings
CA-852724,2024-07-04,2025-04-26,Same Day,CUST-9174,Devin Baker,Consumer,Central,Office Supplies,Labels
CA-933381,2024-01-12,2025-04-15,Second Class,CUST-9051,Chelsey Clay,Home Office,South,Technology,Phones
CA-449003,2024-02-28,2025-04-14,Same Day,CUST-7992,Kristy Vazquez,Consumer,East,Furniture,Tables
CA-904775,2023-06-15,2025-04-26,Same Day,CUST-6326,Courtney Gonzalez,Home Office,East,Office Supplies,Labels
CA-722559,2024-02-05,2025-04-21,Same Day,CUST-5141,Gabriel Jackson,Consumer,South,Furniture,Tables
CA-740774,2023-05-19,2025-05-02,First Class,CUST-5762,Gina Holder,Consumer,West,Office Supplies,Art
CA-112405,2024-06-22,2025-05-04,First Class,CUST-4196,Susan Morrison,Consumer,East,Office Supplies,Storage
CA-616784,2023-05-11,2025-04-26,Standard Class,CUST-8634,Rebecca Smith,Consumer,Central,Furniture,Tables
CA-806607,2023-07-30,2025-05-02,Standard Class,CUST-4856,Brittney Branch,Corporate,Central,Technology,Accessories
CA-178874,2024-06-22,2025-04-29,Standard Class,CUST-5024,Heather Hernandez,Home Office,Central,Technology,Machines
CA-641851,2024-07-04,2025-04-28,Standard Class,CUST-8964,Michele Hood,Consumer,Central,Office Supplies,Labels
CA-153568,2025-03-20,2025-04-19,Standard Class,CUST-5394,Tanya Green,Consumer,East,Technology,Accessories
CA-222417,2023-08-01,2025-05-07,Second Class,CUST-8970,Jennifer Walker,Home Office,East,Office Supplies,Paper
CA-151278,2024-02-01,2025-04-12,First Class,CUST-2910,Morgan Cooper,Home Office,Central,Technology,Accessories
CA-153648,2025-03-19,2025-04-21,First Class,CUST-1986,Luis Evans,Consumer,West,Technology,Computers
CA-956441,2024-12-16,2025-05-01,First Class,CUST-5238,Carrie Vazquez,Consumer,East,Technology,Copiers
CA-919331,2023-06-30,2025-04-28,Standard Class,CUST-9337,Michael Stevenson,Corporate,South,Furniture,Tables
CA-802776,2025-03-12,2025-04-17,First Class,CUST-7575,Caitlin Peterson,Corporate,South,Office Supplies,Storage
CA-233134,2024-06-08,2025-04-24,First Class,CUST-7191,James Roth,Consumer,Central,Technology,Accessories
CA-496811,2023-06-24,2025-04-25,First Class,CUST-8654,Jeffrey Smith,Corporate,East,Technology,Accessories
CA-350826,2023-12-07,2025-04-29,First Class,CUST-4084,Michael Wagner,Corporate,West,Office Supplies,Storage
CA-505164,2024-08-31,2025-04-30,Same Day,CUST-4794,Destiny Robinson,Consumer,South,Office Supplies,Paper
CA-866162,2024-09-19,2025-04-22,First Class,CUST-5865,Benjamin Meyer,Home Office,Central,Office Supplies,Labels
CA-568653,2024-09-06,2025-04-25,Same Day,CUST-8743,Erin Lee DDS,Corporate,South,Technology,Copiers
CA-521305,2024-07-02,2025-05-01,Second Class,CUST-3240,Michael Mcintosh,Corporate,South,Office Supplies,Paper
CA-460899,2024-08-23,2025-04-23,Standard Class,CUST-5343,Alexis Roberts,Home Office,East,Office Supplies,Binders
CA-588472,2024-12-15,2025-04-25,Second Class,CUST-2365,Teresa Williams,Home Office,West,Technology,Computers
CA-822835,2024-10-25,2025-04-27,First Class,CUST-7911,Carlos Nguyen,Home Office,Central,Technology,Copiers
CA-970320,2025-01-25,2025-04-26,Second Class,CUST-1380,Melissa Moore,Consumer,Central,Office Supplies,Storage
CA-337529,2024-02-06,2025-04-09,Second Class,CUST-8460,Gabriel Peterson,Home Office,South,Furniture,Chairs
CA-145510,2024-12-13,2025-04-13,Same Day,CUST-2503,Melissa Dominguez,Consumer,Central,Office Supplies,Paper
CA-619187,2025-03-15,2025-05-01,Standard Class,CUST-3895,Terri Mann,Corporate,West,Office Supplies,Labels
CA-228519,2024-10-22,2025-04-27,Standard Class,CUST-2236,Samuel Hall,Consumer,East,Furniture,Chairs
CA-410159,2024-12-11,2025-04-20,First Class,CUST-4385,Michael King,Corporate,East,Furniture,Tables
CA-250184,2024-11-19,2025-05-05,Same Day,CUST-1165,David Foster,Corporate,East,Office Supplies,Paper
CA-185517,2023-08-26,2025-04-12,First Class,CUST-6910,Zachary Smith,Corporate,East,Office Supplies,Storage
CA-166877,2024-03-27,2025-05-02,First Class,CUST-3033,Melissa Kelly,Corporate,West,Technology,Phones
CA-111568,2024-07-12,2025-04-12,Standard Class,CUST-8329,Robert Cruz,Consumer,East,Office Supplies,Art
CA-480725,2023-07-18,2025-04-16,Second Class,CUST-9757,Patrick Shaw,Home Office,Central,Office Supplies,Paper
CA-465595,2023-08-12,2025-04-14,Same Day,CUST-8464,Allison Taylor,Consumer,West,Furniture,Bookcases
CA-760941,2024-07-24,2025-04-13,Standard Class,CUST-1438,Dr. Dale Hall,Home Office,Central,Technology,Computers
CA-365733,2024-07-06,2025-04-23,Second Class,CUST-7220,Christopher Levy,Home Office,South,Technology,Accessories
CA-366965,2024-07-16,2025-04-16,Second Class,CUST-1891,Tonya Moran,Corporate,East,Technology,Phones
CA-356192,2024-02-08,2025-04-24,First Class,CUST-7318,John Velez,Consumer,West,Office Supplies,Labels
CA-621878,2024-12-14,2025-04-29,Second Class,CUST-8145,Brian Moreno,Corporate,Central,Technology,Phones
CA-657338,2023-10-17,2025-04-20,Standard Class,CUST-8835,Amy Long,Consumer,Central,Furniture,Tables
CA-559182,2024-07-19,2025-04-27,Same Day,CUST-7662,Terry Anderson,Consumer,Central,Furniture,Chairs
CA-368159,2024-07-05,2025-04-26,Second Class,CUST-6778,Sarah Bush,Consumer,South,Technology,Computers
CA-586420,2024-07-18,2025-05-07,Same Day,CUST-7046,Charles Huff,Home Office,South,Furniture,Tables
CA-411801,2024-10-21,2025-05-06,Standard Class,CUST-1568,Adam Little,Home Office,West,Office Supplies,Paper
CA-110383,2024-11-30,2025-04-20,Same Day,CUST-5735,Jennifer Armstrong,Home Office,South,Office Supplies,Art
CA-552085,2023-10-24,2025-04-23,Same Day,CUST-5860,Martin Wallace,Home Office,South,Furniture,Chairs
CA-721791,2024-06-17,2025-04-11,Same Day,CUST-3128,Robert Anderson,Home Office,West,Furniture,Furnishings
CA-416285,2024-04-15,2025-04-26,Standard Class,CUST-9348,Gwendolyn Nixon,Home Office,West,Office Supplies,Art
CA-644150,2023-05-18,2025-04-09,Standard Class,CUST-5965,Mark Smith,Corporate,West,Office Supplies,Storage
CA-998178,2024-08-17,2025-04-17,Standard Class,CUST-5520,Frank Larsen,Consumer,West,Technology,Phones
CA-142293,2023-07-14,2025-04-25,Same Day,CUST-7317,Shawn Elliott,Corporate,South,Technology,Copiers
CA-143907,2023-08-27,2025-04-12,Second Class,CUST-8949,Karen Marsh,Corporate,West,Technology,Copiers
CA-661011,2023-12-07,2025-04-14,Second Class,CUST-4099,Brian Morgan,Consumer,South,Furniture,Tables
CA-625859,2024-10-30,2025-04-27,Same Day,CUST-2274,Joseph Osborn,Consumer,South,Furniture,Tables
CA-191268,2023-06-25,2025-04-23,Standard Class,CUST-3188,Crystal Pugh,Corporate,Central,Office Supplies,Art
CA-837713,2024-01-02,2025-04-16,First Class,CUST-5741,Jennifer Velazquez,Home Office,Central,Furniture,Furnishings
CA-321525,2025-03-12,2025-04-15,Standard Class,CUST-8550,Walter Curtis,Home Office,East,Furniture,Bookcases
CA-837362,2025-02-03,2025-05-07,Standard Class,CUST-7562,Dwayne Reid,Home Office,East,Furniture,Tables
CA-149458,2023-05-01,2025-04-10,First Class,CUST-4848,Rachel Flores,Home Office,South,Office Supplies,Labels
CA-283495,2023-12-02,2025-04-30,Second Class,CUST-8196,Jacob Day,Consumer,East,Technology,Phones
CA-402475,2024-02-24,2025-05-03,Second Class,CUST-6390,Michelle Lopez,Home Office,South,Office Supplies,Labels
CA-693262,2025-02-10,2025-05-04,First Class,CUST-6669,Jonathan Rose,Corporate,Central,Technology,Phones
CA-356548,2024-03-25,2025-04-12,Second Class,CUST-9629,Shawn Frederick,Home Office,South,Technology,Copiers
CA-153414,2023-07-16,2025-04-21,First Class,CUST-8087,Derek Jennings,Corporate,West,Technology,Phones
CA-452938,2024-08-15,2025-05-01,First Class,CUST-6913,Casey Smith,Corporate,Central,Office Supplies,Paper
CA-241195,2023-10-23,2025-05-02,First Class,CUST-1018,Jay Robinson,Consumer,West,Technology,Accessories
CA-652222,2024-12-30,2025-04-23,Second Class,CUST-2286,Jeffrey Mathis,Home Office,Central,Office Supplies,Art
CA-128007,2024-11-04,2025-04-27,First Class,CUST-6446,Karen Moran,Home Office,Central,Technology,Phones
CA-684330,2024-03-04,2025-04-12,Standard Class,CUST-8636,Carol Lopez,Corporate,East,Office Supplies,Labels
CA-799457,2023-12-12,2025-04-10,Same Day,CUST-9477,Jacob Fisher,Home Office,South,Furniture,Bookcases
CA-521445,2023-06-12,2025-04-19,Standard Class,CUST-1993,Leah Strickland,Corporate,Central,Furniture,Furnishings
CA-986335,2024-04-19,2025-04-29,Same Day,CUST-6987,April Elliott,Corporate,West,Office Supplies,Paper
CA-156823,2024-01-30,2025-04-25,Standard Class,CUST-8122,Tonya Oconnell,Home Office,South,Office Supplies,Labels
CA-186575,2023-06-25,2025-05-05,Same Day,CUST-5314,Christopher Thompson,Corporate,Central,Office Supplies,Art
CA-353946,2025-01-01,2025-05-01,First Class,CUST-5967,Julia Snow,Corporate,West,Furniture,Chairs
CA-297111,2024-08-07,2025-04-23,Second Class,CUST-9454,Stephanie Garrett,Consumer,South,Furniture,Bookcases
CA-849430,2024-02-13,2025-04-26,First Class,CUST-2481,Mitchell Brown,Home Office,West,Furniture,Tables
CA-628278,2024-02-01,2025-04-21,Same Day,CUST-2496,Sara Lopez,Corporate,East,Furniture,Chairs
CA-551151,2023-07-14,2025-04-18,Same Day,CUST-3249,Cody Campbell,Home Office,West,Furniture,Tables
CA-773669,2023-07-15,2025-04-25,Same Day,CUST-8991,Sonia Stewart,Consumer,South,Technology,Phones
CA-951851,2023-11-18,2025-04-18,First Class,CUST-2292,Albert Williams,Corporate,West,Furniture,Chairs
CA-319869,2023-04-11,2025-04-20,First Class,CUST-2688,Nathan Norris,Home Office,West,Furniture,Furnishings
CA-562584,2023-10-07,2025-04-12,Second Class,CUST-6115,Cheryl Gillespie,Home Office,West,Furniture,Bookcases
CA-710696,2024-01-31,2025-04-21,Same Day,CUST-1072,Megan Tyler,Home Office,West,Office Supplies,Storage
CA-898189,2024-09-19,2025-05-05,First Class,CUST-8827,Thomas Hatfield,Consumer,South,Technology,Computers
CA-306433,2024-03-14,2025-05-03,Second Class,CUST-6099,Frank Johnson,Corporate,Central,Technology,Phones
CA-259653,2024-11-10,2025-04-09,Same Day,CUST-9491,Heather Douglas,Consumer,South,Office Supplies,Storage
CA-771164,2023-09-27,2025-04-30,First Class,CUST-4797,Wendy Garcia,Consumer,South,Technology,Machines
CA-322930,2023-11-27,2025-04-27,First Class,CUST-1692,Craig Erickson,Corporate,Central,Office Supplies,Labels
CA-523559,2024-03-19,2025-04-27,Standard Class,CUST-3790,Amanda Padilla,Corporate,West,Office Supplies,Art
CA-704454,2025-02-14,2025-05-07,Standard Class,CUST-8098,Anthony Bowman,Consumer,Central,Office Supplies,Binders
CA-165359,2023-04-26,2025-04-30,Same Day,CUST-9956,Monica Gardner,Corporate,West,Office Supplies,Labels
CA-974860,2024-12-08,2025-04-10,Standard Class,CUST-1890,Jonathan Lopez,Consumer,South,Office Supplies,Labels
CA-886977,2024-11-25,2025-04-20,Standard Class,CUST-2578,Christopher Walton II,Corporate,South,Furniture,Tables
CA-870497,2024-09-27,2025-04-19,Standard Class,CUST-2664,Alicia Walsh,Home Office,West,Technology,Machines
CA-923076,2023-09-24,2025-04-23,First Class,CUST-9565,Amanda Beck,Consumer,Central,Furniture,Furnishings
CA-405293,2024-06-01,2025-04-27,Same Day,CUST-2762,Mark Rogers,Corporate,Central,Furniture,Furnishings
CA-790767,2024-12-05,2025-04-30,Standard Class,CUST-9251,Justin Ford,Home Office,West,Furniture,Bookcases
CA-206660,2024-01-22,2025-05-05,Second Class,CUST-1551,Brian Kane,Home Office,South,Furniture,Bookcases
CA-398474,2024-05-02,2025-04-11,Same Day,CUST-6959,Alyssa Houston,Home Office,West,Furniture,Bookcases
CA-560762,2024-03-06,2025-04-17,First Class,CUST-2688,Hector Berg,Corporate,Central,Technology,Computers
CA-782808,2025-01-16,2025-04-09,First Class,CUST-6578,Sarah Carter,Corporate,East,Office Supplies,Storage
CA-892069,2024-07-28,2025-04-17,Same Day,CUST-9888,Christian Schmidt,Consumer,South,Furniture,Bookcases
CA-483071,2023-05-22,2025-04-28,First Class,CUST-8161,Katherine Jenkins,Corporate,East,Office Supplies,Art
CA-107598,2024-04-25,2025-04-29,First Class,CUST-3272,Erica Robinson,Corporate,South,Furniture,Bookcases
CA-538626,2023-06-17,2025-05-02,Second Class,CUST-6271,Diana Harris,Consumer,East,Furniture,Tables
CA-890048,2023-11-30,2025-04-25,Second Class,CUST-9441,Matthew Garrison,Home Office,West,Technology,Computers
CA-320749,2024-11-15,2025-04-20,Same Day,CUST-1648,Julia Fuller,Home Office,South,Technology,Accessories
CA-563524,2023-08-08,2025-04-29,First Class,CUST-1794,Michael Gibson,Home Office,West,Furniture,Tables
CA-716161,2023-10-15,2025-04-10,Standard Class,CUST-2017,Danielle Cooper,Home Office,West,Technology,Phones
CA-806723,2024-05-02,2025-04-27,Same Day,CUST-1098,Tara Lewis,Consumer,Central,Office Supplies,Paper
CA-140464,2023-08-16,2025-04-12,Standard Class,CUST-2448,Lindsey Oneal,Corporate,South,Office Supplies,Art
CA-279057,2025-04-02,2025-04-22,Standard Class,CUST-1976,Edward Jones,Corporate,East,Furniture,Bookcases
CA-731555,2024-02-16,2025-04-26,Second Class,CUST-4792,Javier Monroe,Corporate,Central,Office Supplies,Art
CA-626956,2024-03-06,2025-04-11,Second Class,CUST-4215,Amanda Lane,Home Office,East,Furniture,Tables
CA-349398,2023-07-01,2025-05-03,Same Day,CUST-1179,Alice Mccarty,Home Office,West,Furniture,Tables
CA-380806,2024-05-30,2025-04-11,Standard Class,CUST-4644,Brian Wilkinson,Consumer,Central,Furniture,Tables
CA-598379,2023-12-29,2025-04-24,Same Day,CUST-9267,Michael Johnson,Consumer,Central,Furniture,Tables
CA-219922,2025-03-17,2025-04-30,Same Day,CUST-2146,Jasmine Mcgee,Consumer,Central,Furniture,Tables
CA-297076,2024-06-19,2025-04-09,Standard Class,CUST-1999,Michael Odonnell,Corporate,East,Office Supplies,Labels
CA-349159,2024-08-30,2025-04-28,Second Class,CUST-4709,Darius Adams,Corporate,Central,Office Supplies,Storage
CA-243559,2023-08-29,2025-04-27,First Class,CUST-6063,Aaron Webb,Corporate,Central,Furniture,Furnishings
CA-154707,2023-11-24,2025-05-02,Standard Class,CUST-9855,Nichole Fisher,Consumer,South,Furniture,Bookcases
CA-998361,2024-09-15,2025-04-15,Standard Class,CUST-1228,Michael Williams,Home Office,West,Furniture,Chairs
CA-807576,2024-01-30,2025-05-06,Standard Class,CUST-4322,Richard Hernandez,Corporate,West,Furniture,Bookcases
CA-650274,2023-05-12,2025-04-21,Second Class,CUST-4215,Kimberly Baker,Corporate,South,Technology,Machines
CA-665467,2025-04-07,2025-04-24,Standard Class,CUST-7788,Sarah Holt,Corporate,Central,Office Supplies,Storage
CA-969482,2023-12-08,2025-05-01,Same Day,CUST-9028,Margaret Reeves,Home Office,South,Technology,Computers
CA-355756,2024-01-31,2025-04-26,Standard Class,CUST-7567,Mariah Butler,Corporate,East,Furniture,Chairs
CA-686814,2024-08-31,2025-04-27,Same Day,CUST-9908,Terry Murray,Corporate,East,Office Supplies,Labels
CA-696469,2024-08-26,2025-04-13,Second Class,CUST-4730,Robert Johnson,Corporate,West,Office Supplies,Labels
CA-537661,2024-02-18,2025-04-15,Standard Class,CUST-6174,Thomas Lambert,Consumer,Central,Furniture,Tables
CA-483282,2024-04-28,2025-04-20,Standard Class,CUST-2803,Christopher Clarke DVM,Consumer,South,Furniture,Bookcases
CA-711697,2024-02-27,2025-04-28,Standard Class,CUST-9820,Denise Horn,Consumer,West,Office Supplies,Binders
CA-100981,2024-01-11,2025-05-03,Second Class,CUST-6941,Susan Garza,Consumer,Central,Office Supplies,Binders
CA-269031,2024-02-08,2025-04-24,Second Class,CUST-7559,Shari Torres,Home Office,West,Technology,Copiers
CA-416553,2024-11-20,2025-05-01,Standard Class,CUST-9752,Benjamin Cook,Consumer,West,Office Supplies,Art
CA-743972,2023-12-11,2025-05-03,Second Class,CUST-7421,Marie Gaines,Home Office,South,Furniture,Tables
CA-131457,2024-04-27,2025-05-06,First Class,CUST-5551,Karen Lam,Home Office,Central,Technology,Accessories
CA-567408,2024-11-07,2025-04-29,Standard Class,CUST-9862,Sean Moreno,Consumer,East,Office Supplies,Binders
CA-757531,2024-05-20,2025-04-16,Second Class,CUST-1303,Jared Mitchell,Home Office,Central,Technology,Accessories
CA-790276,2024-05-30,2025-05-08,Same Day,CUST-5221,Peter Pierce,Home Office,East,Office Supplies,Storage
CA-484290,2024-02-26,2025-04-27,Standard Class,CUST-9649,Michele Tate,Consumer,West,Technology,Accessories
CA-907235,2024-06-05,2025-05-01,Standard Class,CUST-7693,Patricia Alvarado,Home Office,Central,Furniture,Tables
CA-602671,2025-02-25,2025-04-24,Same Day,CUST-2470,Linda Davis,Home Office,South,Office Supplies,Art
CA-596964,2024-01-08,2025-04-22,Same Day,CUST-8836,Michael Perez,Corporate,South,Furniture,Furnishings
CA-858704,2023-06-02,2025-04-27,Same Day,CUST-3485,Jacob Terry,Consumer,South,Technology,Copiers
CA-442690,2023-12-15,2025-05-01,Second Class,CUST-5964,Victoria Watson,Consumer,East,Technology,Machines
CA-919318,2024-05-13,2025-04-25,Standard Class,CUST-1843,Kyle Anderson,Corporate,West,Technology,Copiers
CA-104113,2023-07-23,2025-05-08,Same Day,CUST-4056,Mr. William Miller,Consumer,West,Furniture,Chairs
CA-266948,2024-05-14,2025-04-28,Second Class,CUST-6429,Andrew Smith,Home Office,East,Technology,Accessories
CA-245555,2023-09-12,2025-04-21,Standard Class,CUST-2506,Jessica Vargas,Corporate,Central,Furniture,Bookcases
CA-703203,2023-12-16,2025-04-14,Standard Class,CUST-6424,Richard Hansen,Home Office,West,Technology,Copiers
CA-106460,2025-01-29,2025-04-13,Standard Class,CUST-9551,Hayden Torres,Consumer,South,Office Supplies,Paper
CA-268809,2023-10-07,2025-04-22,Standard Class,CUST-6834,Aaron Owens,Home Office,East,Office Supplies,Binders
CA-901606,2023-10-12,2025-04-19,Second Class,CUST-5687,Shane Perez,Home Office,East,Furniture,Furnishings
CA-877857,2023-08-27,2025-04-17,First Class,CUST-5732,Shawn Warner,Corporate,Central,Office Supplies,Binders
CA-665833,2024-12-04,2025-04-23,First Class,CUST-8909,Wayne Carroll,Corporate,Central,Technology,Copiers
CA-339693,2024-11-04,2025-05-06,Standard Class,CUST-4411,Brenda Johnston,Consumer,Central,Technology,Copiers
CA-343692,2024-11-19,2025-04-25,Same Day,CUST-6403,Melinda Sampson,Corporate,West,Technology,Copiers
CA-258480,2023-09-06,2025-04-25,Same Day,CUST-6508,Sarah Boyer,Consumer,West,Furniture,Bookcases
CA-396535,2024-04-11,2025-04-12,Standard Class,CUST-3343,Kristin Lewis,Consumer,Central,Office Supplies,Paper
CA-218261,2023-06-05,2025-04-17,Second Class,CUST-8644,Nathan Bray,Corporate,West,Furniture,Furnishings
CA-698337,2024-04-18,2025-05-01,First Class,CUST-5405,Emily Sanchez,Home Office,West,Technology,Copiers
CA-572732,2023-05-20,2025-04-15,Second Class,CUST-7329,Charles Sheppard,Home Office,Central,Office Supplies,Storage
CA-770165,2024-02-24,2025-05-01,First Class,CUST-6881,Miranda Zimmerman,Corporate,East,Technology,Accessories
CA-320496,2023-10-17,2025-04-18,First Class,CUST-8103,Vanessa Carpenter,Consumer,West,Technology,Machines
CA-912777,2023-05-17,2025-05-07,Same Day,CUST-4149,Francisco Garcia,Consumer,South,Technology,Accessories
CA-599775,2024-03-01,2025-04-14,First Class,CUST-8757,Robert Harris,Consumer,South,Office Supplies,Labels
CA-106495,2024-12-29,2025-04-16,Same Day,CUST-6249,Anna Estrada,Home Office,South,Technology,Computers
CA-382713,2023-11-27,2025-04-10,First Class,CUST-4075,Tonya Bennett,Home Office,East,Office Supplies,Art
CA-289500,2023-07-20,2025-05-03,Second Class,CUST-5792,Frederick Reynolds,Corporate,West,Office Supplies,Binders
CA-753758,2023-04-10,2025-04-22,Same Day,CUST-2033,Louis Watkins,Home Office,West,Office Supplies,Paper
CA-935804,2024-08-10,2025-04-22,Second Class,CUST-9671,Mr. Derek Robinson,Corporate,East,Office Supplies,Labels
CA-590218,2024-10-13,2025-04-27,Standard Class,CUST-1142,Robert Pham,Home Office,East,Office Supplies,Paper
CA-853516,2025-02-07,2025-05-05,Second Class,CUST-8051,Maria Payne,Home Office,Central,Office Supplies,Paper
CA-132230,2024-04-21,2025-04-23,First Class,CUST-7425,Stacey Phillips,Consumer,Central,Furniture,Chairs
CA-955399,2025-03-10,2025-05-06,First Class,CUST-1131,James Stevens,Corporate,West,Furniture,Bookcases
CA-560770,2025-02-14,2025-04-13,Second Class,CUST-2286,Margaret Cole,Consumer,Central,Technology,Phones
CA-448673,2024-04-14,2025-04-20,Standard Class,CUST-1033,Lauren Simpson,Corporate,Central,Technology,Phones
CA-720862,2024-12-16,2025-04-15,First Class,CUST-4828,Henry King,Home Office,South,Furniture,Tables
CA-554118,2023-08-19,2025-04-16,Standard Class,CUST-5067,Matthew Todd,Consumer,West,Office Supplies,Labels
CA-789157,2023-11-17,2025-04-11,Standard Class,CUST-8000,Alicia Allen,Home Office,West,Technology,Copiers
CA-125499,2024-12-30,2025-05-03,Standard Class,CUST-2845,Samantha Booker,Home Office,West,Technology,Copiers
CA-282706,2024-02-08,2025-04-19,Standard Class,CUST-4066,Lisa Anderson,Home Office,Central,Technology,Accessories
CA-322029,2025-01-11,2025-04-17,Second Class,CUST-7665,Robert Richmond,Home Office,Central,Office Supplies,Labels
CA-849586,2024-12-15,2025-04-24,Same Day,CUST-6465,Lawrence Armstrong,Home Office,South,Office Supplies,Binders
CA-832272,2023-05-02,2025-05-01,Same Day,CUST-9990,Edward English,Consumer,West,Technology,Copiers
CA-217175,2024-09-25,2025-04-18,Second Class,CUST-4907,Sheila Jones,Corporate,West,Technology,Phones
CA-702240,2025-02-18,2025-04-29,Same Day,CUST-1706,Harry Campbell,Home Office,East,Furniture,Chairs
CA-686717,2024-12-11,2025-04-09,Second Class,CUST-6323,John Mayer,Home Office,West,Furniture,Furnishings
CA-534788,2025-02-12,2025-04-16,Second Class,CUST-2562,Jamie Stephens,Home Office,West,Office Supplies,Art
CA-203367,2024-02-13,2025-04-15,First Class,CUST-2924,Andrew Thomas,Home Office,West,Furniture,Furnishings
CA-954154,2024-05-25,2025-04-22,Second Class,CUST-1867,Michael Tucker,Corporate,West,Technology,Copiers
CA-807622,2023-05-15,2025-04-23,Same Day,CUST-7753,Margaret Brown,Home Office,East,Office Supplies,Art
CA-866983,2025-01-16,2025-05-06,First Class,CUST-7354,Sarah Gardner,Consumer,Central,Furniture,Furnishings
CA-148757,2024-06-04,2025-05-05,First Class,CUST-7602,Samuel James,Consumer,South,Office Supplies,Paper
CA-410069,2023-09-08,2025-04-17,First Class,CUST-9017,Karen Jacobs,Consumer,West,Technology,Accessories
CA-503311,2024-05-27,2025-04-12,Second Class,CUST-1035,Whitney Melendez,Corporate,East,Furniture,Chairs
CA-657144,2024-12-28,2025-04-12,Same Day,CUST-4223,Frank Coleman,Home Office,Central,Furniture,Tables
CA-212044,2024-01-08,2025-05-05,First Class,CUST-2733,Steven Vincent,Home Office,East,Furniture,Furnishings
CA-928076,2023-10-31,2025-04-22,Same Day,CUST-6678,Cheyenne Shelton,Home Office,Central,Furniture,Chairs
CA-153436,2024-10-26,2025-05-02,First Class,CUST-4458,Christina Schmidt,Consumer,West,Office Supplies,Labels
CA-456332,2024-03-25,2025-04-16,Same Day,CUST-3084,David Le,Home Office,East,Furniture,Chairs
CA-325666,2023-08-17,2025-05-04,First Class,CUST-6657,Brenda Hudson,Home Office,East,Furniture,Furnishings
CA-743026,2023-08-24,2025-04-13,Second Class,CUST-1315,Jessica Hansen,Home Office,East,Office Supplies,Storage
CA-565402,2024-04-26,2025-05-04,Second Class,CUST-7580,Jennifer Chavez,Corporate,South,Technology,Phones
CA-946012,2025-03-31,2025-05-07,First Class,CUST-9559,Elizabeth Bryant,Consumer,South,Technology,Copiers
CA-736685,2024-09-14,2025-04-21,Standard Class,CUST-9366,Shelley Flores,Consumer,East,Technology,Phones
CA-962901,2023-09-03,2025-04-18,Second Class,CUST-9539,Michelle Ortiz,Corporate,South,Office Supplies,Art
CA-205327,2024-04-29,2025-04-23,Same Day,CUST-2709,Angel Martinez,Consumer,West,Office Supplies,Storage
CA-120587,2023-08-17,2025-04-22,First Class,CUST-5428,Keith Jensen,Home Office,East,Office Supplies,Art
CA-303298,2024-01-11,2025-05-04,Same Day,CUST-9970,Tonya Graves DDS,Consumer,South,Furniture,Furnishings
CA-374452,2024-10-19,2025-04-18,Second Class,CUST-5242,Christopher Stevens,Corporate,South,Technology,Accessories
CA-776502,2024-08-19,2025-04-10,Standard Class,CUST-2779,Elizabeth Sanchez,Home Office,East,Furniture,Bookcases
CA-482405,2024-09-30,2025-05-06,Same Day,CUST-4788,Tina Morgan,Corporate,South,Technology,Accessories
CA-560006,2023-06-23,2025-05-05,First Class,CUST-3985,Lisa Davis,Home Office,South,Furniture,Furnishings
CA-219764,2025-03-29,2025-04-13,Same Day,CUST-6459,Stacy Smith,Home Office,South,Technology,Accessories
CA-716939,2024-07-14,2025-05-03,Second Class,CUST-1828,Catherine David,Home Office,East,Furniture,Chairs
CA-283850,2023-09-27,2025-05-03,First Class,CUST-7035,Seth Brown,Home Office,West,Office Supplies,Art
CA-574520,2023-10-12,2025-05-07,First Class,CUST-5736,Donna Sanders,Consumer,East,Technology,Copiers
CA-871208,2024-11-14,2025-04-21,Standard Class,CUST-8614,Robert Gibbs,Corporate,Central,Furniture,Furnishings
CA-705698,2024-08-12,2025-05-02,First Class,CUST-1704,James Mccarty,Home Office,West,Furniture,Chairs
CA-233344,2024-10-23,2025-04-16,Standard Class,CUST-8917,Vanessa Bass,Home Office,West,Technology,Copiers
CA-460970,2023-08-04,2025-04-20,First Class,CUST-4599,Mrs. Samantha Wells,Consumer,East,Office Supplies,Storage
CA-628234,2024-03-24,2025-04-23,Standard Class,CUST-2112,Melissa Miller,Corporate,East,Furniture,Tables
CA-936979,2023-10-29,2025-05-05,Standard Class,CUST-5190,Catherine Woods,Corporate,South,Technology,Phones
CA-454978,2023-07-14,2025-04-13,Second Class,CUST-5522,Bryan Hernandez,Consumer,Central,Technology,Computers
CA-941428,2024-11-12,2025-04-29,First Class,CUST-6193,Joshua Avila,Home Office,West,Technology,Machines
CA-732521,2024-12-01,2025-04-10,Same Day,CUST-9369,Thomas Clark,Consumer,South,Technology,Computers
CA-333001,2023-05-24,2025-04-16,Same Day,CUST-4638,Tamara Huff,Consumer,Central,Technology,Machines
CA-856089,2023-12-21,2025-04-27,Same Day,CUST-8312,Emily Trujillo,Consumer,West,Office Supplies,Labels
CA-660377,2023-10-27,2025-04-16,First Class,CUST-7210,Corey Vazquez,Corporate,South,Furniture,Furnishings
CA-723304,2025-04-02,2025-04-10,Same Day,CUST-1725,Nathan Thompson,Corporate,Central,Furniture,Chairs
CA-919781,2024-10-23,2025-04-23,Second Class,CUST-3768,Dr. William Lawrence,Corporate,South,Furniture,Chairs
CA-688049,2023-12-12,2025-05-06,Same Day,CUST-2863,Erika Campbell,Home Office,South,Technology,Phones
CA-573669,2024-03-24,2025-04-24,Standard Class,CUST-7862,Jessica Edwards,Corporate,East,Technology,Computers
CA-905246,2024-05-16,2025-04-19,Standard Class,CUST-3167,Jeremy Foster,Home Office,South,Technology,Phones
CA-265485,2024-02-16,2025-05-06,First Class,CUST-6689,Anthony Smith,Consumer,West,Technology,Machines
CA-186885,2023-05-18,2025-04-13,Standard Class,CUST-9226,Rodney Miller,Home Office,South,Technology,Phones
CA-784391,2024-02-11,2025-04-19,Standard Class,CUST-3810,Ray Taylor,Consumer,West,Office Supplies,Labels
CA-934772,2024-12-12,2025-04-12,Second Class,CUST-1870,Jason Russell,Consumer,East,Technology,Machines
CA-424555,2024-10-23,2025-05-02,Standard Class,CUST-1620,Jason Dickson,Corporate,South,Technology,Phones
CA-194863,2024-11-05,2025-04-14,Second Class,CUST-7632,Amy Bass,Consumer,East,Furniture,Furnishings
CA-629689,2023-09-14,2025-04-26,First Class,CUST-6119,Joshua Rivera,Home Office,South,Office Supplies,Paper
CA-380330,2023-12-12,2025-04-26,Standard Class,CUST-2567,Lori Sparks,Home Office,South,Furniture,Chairs
CA-617780,2024-03-31,2025-04-13,Standard Class,CUST-3428,Timothy Grant,Corporate,East,Technology,Machines
CA-104693,2023-11-08,2025-04-17,Same Day,CUST-8642,Stephen Leach,Home Office,West,Office Supplies,Labels
CA-536468,2024-07-19,2025-04-12,First Class,CUST-7105,Jeffrey Anderson,Home Office,West,Furniture,Chairs
CA-674085,2024-06-14,2025-04-28,Standard Class,CUST-4072,Shannon Castillo,Corporate,West,Furniture,Furnishings
CA-670369,2024-04-14,2025-05-03,First Class,CUST-8883,Patrick Diaz,Corporate,Central,Office Supplies,Paper
CA-611852,2024-12-30,2025-05-02,First Class,CUST-5479,Tony Fields,Corporate,South,Technology,Accessories
CA-875976,2024-07-29,2025-05-07,First Class,CUST-6511,David Vincent,Corporate,Central,Technology,Accessories
CA-613507,2023-12-10,2025-04-23,Standard Class,CUST-6743,Lisa Smith,Home Office,East,Office Supplies,Paper
CA-963087,2024-06-11,2025-04-29,Standard Class,CUST-2132,Nancy Martinez,Home Office,East,Office Supplies,Storage
CA-407867,2024-05-17,2025-05-08,Second Class,CUST-6410,Rachel Miller,Home Office,Central,Office Supplies,Labels
CA-357063,2024-08-25,2025-04-11,Standard Class,CUST-6548,Donald Ross,Home Office,South,Technology,Phones
CA-466067,2024-08-14,2025-04-27,Second Class,CUST-1336,Michael Garrison,Corporate,East,Office Supplies,Paper
CA-636346,2024-06-10,2025-04-28,Same Day,CUST-4083,Dawn Grimes,Home Office,South,Office Supplies,Binders
CA-104615,2023-09-16,2025-04-10,Same Day,CUST-6392,Randall Banks,Consumer,East,Furniture,Furnishings
CA-984502,2023-08-21,2025-05-02,Second Class,CUST-3450,John Howard,Corporate,South,Furniture,Bookcases
CA-995386,2023-08-15,2025-04-23,Standard Class,CUST-4053,John Maynard,Corporate,East,Technology,Computers
CA-606474,2023-07-21,2025-05-05,Same Day,CUST-8603,Sandra Hernandez,Consumer,West,Technology,Copiers
CA-529707,2024-04-29,2025-04-27,Standard Class,CUST-8134,Karen Thompson,Home Office,West,Furniture,Tables
CA-975412,2023-06-13,2025-04-11,Second Class,CUST-7292,Ricardo Acosta,Corporate,Central,Furniture,Chairs
CA-839726,2024-12-16,2025-04-14,Standard Class,CUST-3747,Kimberly Cook,Corporate,South,Furniture,Bookcases
CA-728818,2024-06-13,2025-04-12,Second Class,CUST-9602,Anthony Walsh,Home Office,South,Technology,Copiers
CA-487465,2025-01-01,2025-04-09,Standard Class,CUST-3507,Brent Haynes,Home Office,South,Technology,Accessories
CA-879353,2024-12-19,2025-04-11,Same Day,CUST-4918,Pedro Greer,Home Office,East,Office Supplies,Labels
CA-187228,2025-03-28,2025-04-16,Second Class,CUST-6411,Rebecca Harrell,Consumer,Central,Technology,Phones
CA-783973,2024-11-05,2025-05-01,Standard Class,CUST-8534,Cynthia Bradshaw,Consumer,South,Office Supplies,Paper
CA-485834,2023-06-14,2025-04-11,Standard Class,CUST-9106,Chad Davis,Home Office,South,Technology,Copiers
CA-880765,2024-05-21,2025-04-09,Standard Class,CUST-7320,Antonio Medina,Consumer,East,Office Supplies,Art
CA-910872,2023-07-04,2025-04-30,Same Day,CUST-6934,Adrian Morris,Corporate,Central,Technology,Computers
CA-291063,2024-11-11,2025-04-20,Standard Class,CUST-7316,Erika Steele,Home Office,East,Office Supplies,Labels
CA-314886,2024-04-19,2025-05-05,Same Day,CUST-6534,Walter Miller,Corporate,Central,Technology,Computers
CA-827517,2024-06-01,2025-05-04,Same Day,CUST-6936,Teresa Horton,Corporate,South,Office Supplies,Art
CA-495106,2023-10-15,2025-04-14,Same Day,CUST-9820,Kristen Jones,Corporate,Central,Furniture,Bookcases
CA-882281,2024-11-06,2025-04-24,Standard Class,CUST-6128,Jill Johnson,Home Office,East,Furniture,Furnishings
CA-636869,2024-08-21,2025-04-24,Same Day,CUST-5603,Ryan Parker,Consumer,East,Furniture,Furnishings
CA-937671,2024-06-04,2025-05-04,Second Class,CUST-5328,Michael Franklin,Corporate,South,Furniture,Chairs
CA-815465,2024-09-13,2025-04-24,Second Class,CUST-5758,Alexandra Velasquez,Consumer,East,Office Supplies,Storage
CA-519817,2023-12-24,2025-04-17,Second Class,CUST-4401,Thomas Stevenson,Consumer,South,Technology,Accessories
CA-259030,2025-03-30,2025-04-29,Standard Class,CUST-4973,Roger Woods,Consumer,East,Furniture,Chairs
CA-867284,2023-05-30,2025-05-03,First Class,CUST-1532,Tony Martinez,Consumer,Central,Office Supplies,Binders
CA-287161,2023-06-12,2025-04-16,First Class,CUST-6794,Kimberly Edwards,Corporate,Central,Furniture,Furnishings
CA-107287,2023-08-09,2025-05-06,Standard Class,CUST-1687,Marissa Johnson,Home Office,South,Furniture,Bookcases
CA-119268,2023-09-09,2025-04-10,Second Class,CUST-5043,Jamie Meyer,Consumer,South,Furniture,Furnishings
CA-957488,2024-07-29,2025-04-21,Standard Class,CUST-3034,Timothy Pitts,Home Office,East,Office Supplies,Paper
CA-974321,2023-08-02,2025-05-04,Same Day,CUST-6924,Brad Molina,Corporate,Central,Office Supplies,Binders
CA-577488,2024-10-13,2025-05-04,First Class,CUST-4653,James Goodwin,Home Office,West,Furniture,Bookcases
CA-563607,2023-08-19,2025-04-28,Second Class,CUST-8227,Lisa Pugh,Home Office,South,Technology,Machines
CA-310189,2023-10-08,2025-05-01,Same Day,CUST-8061,Sharon Wells,Home Office,South,Technology,Copiers
CA-319223,2024-08-15,2025-04-24,Same Day,CUST-9680,Sean Kelly,Home Office,Central,Furniture,Chairs
CA-653811,2024-09-26,2025-05-01,Second Class,CUST-1038,Michael Martinez,Home Office,South,Office Supplies,Labels
CA-395465,2024-02-16,2025-05-01,First Class,CUST-5329,Wanda Mann,Home Office,South,Furniture,Bookcases
CA-836144,2024-03-08,2025-04-20,Same Day,CUST-7706,Brendan Miles,Consumer,South,Furniture,Bookcases
CA-118687,2024-08-24,2025-04-25,First Class,CUST-1281,Vanessa Harmon,Home Office,South,Office Supplies,Labels
CA-554448,2024-02-25,2025-04-29,Standard Class,CUST-8948,Dustin Knight,Consumer,Central,Technology,Accessories
CA-685923,2023-08-16,2025-04-22,First Class,CUST-9307,Amanda Mills,Corporate,South,Furniture,Chairs
CA-947006,2023-11-09,2025-04-16,Standard Class,CUST-6330,David Hodges,Consumer,South,Furniture,Furnishings
CA-678288,2023-09-04,2025-04-26,First Class,CUST-9858,Anne King,Consumer,West,Furniture,Bookcases
CA-408474,2023-08-29,2025-04-26,First Class,CUST-9612,Mr. Brian Lin,Corporate,Central,Technology,Computers
CA-672406,2023-07-01,2025-04-09,First Class,CUST-5457,Thomas Wright,Consumer,Central,Technology,Machines
CA-504366,2024-03-11,2025-05-06,Same Day,CUST-6083,Rachel Cooper,Consumer,Central,Technology,Machines
CA-350026,2024-11-13,2025-04-16,Same Day,CUST-7302,Jennifer Brown,Consumer,East,Office Supplies,Art
CA-752132,2024-12-09,2025-04-13,Standard Class,CUST-7804,Jonathan Padilla,Consumer,Central,Office Supplies,Storage
CA-774662,2025-01-04,2025-04-12,Standard Class,CUST-7497,Mary Martinez,Corporate,Central,Office Supplies,Binders
CA-487379,2024-07-01,2025-04-22,Second Class,CUST-7013,Michele Gomez,Corporate,Central,Technology,Computers
CA-746624,2025-02-21,2025-04-19,Same Day,CUST-9936,Chad Roberson,Home Office,West,Office Supplies,Art
CA-753380,2024-10-13,2025-04-15,Standard Class,CUST-7126,Yesenia Moss,Home Office,West,Technology,Phones
CA-622115,2024-06-19,2025-05-06,Second Class,CUST-1529,Johnny Ford,Consumer,Central,Furniture,Tables
CA-611696,2023-12-02,2025-04-16,Second Class,CUST-6785,Renee Sherman,Corporate,Central,Office Supplies,Binders
CA-650661,2025-02-16,2025-04-20,First Class,CUST-2668,Tyler Chandler,Consumer,West,Office Supplies,Storage
CA-708941,2025-04-08,2025-05-01,Same Day,CUST-3039,Steven Baker,Consumer,Central,Furniture,Tables
CA-355717,2024-12-05,2025-05-02,First Class,CUST-8674,Kristen Hamilton,Consumer,East,Office Supplies,Paper
CA-198177,2025-01-08,2025-04-09,Standard Class,CUST-4559,Jennifer Brown,Home Office,East,Office Supplies,Binders
CA-168947,2024-12-23,2025-04-18,First Class,CUST-9427,Evelyn Clark,Consumer,South,Office Supplies,Storage
CA-516620,2023-05-16,2025-04-27,Same Day,CUST-1246,Matthew Rowe,Consumer,Central,Technology,Accessories
CA-780211,2023-06-11,2025-04-24,Second Class,CUST-8440,Timothy Barnett,Corporate,South,Technology,Copiers
CA-622928,2023-07-26,2025-04-21,Standard Class,CUST-2344,Andrew Haney,Consumer,Central,Technology,Accessories
CA-469271,2023-12-09,2025-05-06,First Class,CUST-6131,Michael Berg,Consumer,South,Office Supplies,Binders
CA-814593,2024-02-06,2025-04-25,Same Day,CUST-6471,Heidi Love,Corporate,East,Furniture,Tables
CA-335891,2024-05-17,2025-04-26,First Class,CUST-4792,Kevin Cohen,Consumer,South,Furniture,Bookcases
CA-583499,2023-12-27,2025-04-16,Second Class,CUST-8692,Michael Ramsey PhD,Consumer,Central,Furniture,Chairs
CA-940119,2025-03-20,2025-04-20,Standard Class,CUST-2837,Lisa Greene,Consumer,East,Furniture,Tables
CA-308243,2023-08-21,2025-04-20,Same Day,CUST-7568,Andrew Moore,Corporate,South,Furniture,Bookcases
CA-929305,2024-04-25,2025-04-13,Same Day,CUST-6798,Jennifer Bennett,Consumer,Central,Office Supplies,Binders
CA-526659,2023-11-10,2025-04-16,Second Class,CUST-6967,Brittney Atkinson,Corporate,South,Furniture,Bookcases
CA-558302,2024-05-29,2025-04-14,Standard Class,CUST-3162,Teresa Chavez,Home Office,South,Furniture,Tables
CA-907171,2024-10-25,2025-04-21,Standard Class,CUST-2130,Christopher Robinson,Corporate,West,Technology,Machines
CA-679414,2024-03-08,2025-04-16,Second Class,CUST-9100,Corey Armstrong,Consumer,East,Furniture,Tables
CA-774172,2024-12-23,2025-05-02,Same Day,CUST-1520,Tamara Ramos,Consumer,East,Technology,Computers
CA-404734,2023-09-04,2025-04-28,Standard Class,CUST-1630,Sharon Mckinney,Consumer,East,Office Supplies,Binders
CA-331779,2025-01-11,2025-04-25,Same Day,CUST-7352,Jessica Anderson,Home Office,West,Furniture,Tables
CA-282456,2024-02-22,2025-04-22,Same Day,CUST-1909,Ashley Graham,Home Office,Central,Technology,Computers
CA-728770,2023-12-14,2025-04-09,Same Day,CUST-8082,Tiffany Fletcher,Consumer,East,Furniture,Bookcases
CA-964827,2025-01-09,2025-04-23,Standard Class,CUST-9633,Jacob Charles,Corporate,West,Office Supplies,Binders
CA-296304,2023-08-01,2025-04-21,First Class,CUST-7073,Penny Sullivan,Consumer,South,Office Supplies,Paper
CA-596167,2025-01-23,2025-05-04,Same Day,CUST-5675,Cynthia Sanders,Home Office,South,Technology,Phones
CA-549828,2025-01-19,2025-05-03,Same Day,CUST-3513,Ronnie Mendez,Corporate,Central,Furniture,Furnishings
CA-821123,2025-03-01,2025-04-29,Standard Class,CUST-1147,Amber Rodriguez,Consumer,Central,Furniture,Furnishings
CA-651028,2023-05-15,2025-04-13,Second Class,CUST-7519,Manuel Goodman,Home Office,East,Office Supplies,Storage
CA-365844,2024-03-02,2025-05-01,First Class,CUST-6912,Mark Velazquez,Home Office,Central,Office Supplies,Art
CA-923894,2024-07-26,2025-04-09,Second Class,CUST-3200,Kirk Bishop DDS,Home Office,Central,Furniture,Furnishings
CA-596141,2024-02-14,2025-05-01,Standard Class,CUST-6938,Pamela Barnes,Corporate,East,Furniture,Chairs
CA-826652,2025-01-29,2025-04-11,Same Day,CUST-5017,Christine Chan,Consumer,South,Furniture,Bookcases
CA-684732,2023-06-07,2025-04-15,Second Class,CUST-4800,Kelly Ellis,Home Office,Central,Furniture,Chairs
CA-725845,2024-11-12,2025-04-09,Standard Class,CUST-2742,Tricia Rodriguez,Corporate,Central,Furniture,Chairs
CA-485198,2024-10-27,2025-04-22,Second Class,CUST-9887,Jason Williams,Home Office,West,Office Supplies,Storage
CA-105391,2024-03-06,2025-04-22,Standard Class,CUST-2386,Christopher Jackson,Corporate,South,Furniture,Chairs
CA-270617,2024-07-03,2025-05-03,Same Day,CUST-7293,Tiffany Hernandez,Corporate,South,Office Supplies,Labels
CA-570747,2023-11-02,2025-05-08,Second Class,CUST-5533,Steve Jones,Home Office,East,Furniture,Chairs
CA-883459,2024-07-15,2025-05-02,Same Day,CUST-5663,Sarah Parker,Corporate,West,Technology,Accessories
CA-759037,2025-01-02,2025-04-30,First Class,CUST-8598,Aaron Howe,Corporate,West,Office Supplies,Art
CA-548221,2024-08-23,2025-04-21,Standard Class,CUST-1693,Anthony Hawkins,Corporate,Central,Technology,Machines
CA-714882,2023-04-19,2025-04-28,Same Day,CUST-8242,Marc Ross,Consumer,South,Technology,Machines
CA-705510,2023-09-06,2025-04-10,First Class,CUST-4119,Charles Spears,Home Office,Central,Office Supplies,Art
CA-302943,2025-04-03,2025-04-10,First Class,CUST-7038,William West,Consumer,West,Furniture,Bookcases
CA-673068,2023-06-03,2025-04-15,Same Day,CUST-4242,Robert Frost,Consumer,West,Office Supplies,Labels
CA-834543,2024-09-04,2025-04-11,Same Day,CUST-5500,John Brown,Consumer,East,Furniture,Tables
CA-861836,2024-05-22,2025-04-30,Standard Class,CUST-6057,Katie Watkins,Consumer,Central,Furniture,Tables
CA-298458,2025-03-26,2025-05-04,Second Class,CUST-8780,Matthew Freeman,Home Office,West,Office Supplies,Storage
CA-951003,2024-01-31,2025-04-21,Standard Class,CUST-3822,Paula Reynolds,Corporate,South,Office Supplies,Binders
CA-863604,2024-05-25,2025-04-15,Second Class,CUST-5023,Raymond Jackson,Corporate,Central,Technology,Computers
CA-245667,2024-09-23,2025-04-25,Standard Class,CUST-8748,Stacey Knight,Home Office,South,Technology,Accessories
CA-588216,2024-05-08,2025-04-16,First Class,CUST-1936,Amber Schmidt,Consumer,Central,Technology,Machines
CA-529779,2023-12-05,2025-05-01,Standard Class,CUST-4860,Judy Walker,Home Office,West,Technology,Accessories
CA-430541,2023-12-17,2025-04-23,Same Day,CUST-1066,Elizabeth Ramirez,Corporate,South,Furniture,Furnishings
CA-333175,2024-03-06,2025-04-24,Standard Class,CUST-3094,Megan Owens,Home Office,East,Furniture,Chairs
CA-763328,2024-09-13,2025-04-15,Standard Class,CUST-1775,Sara Alvarez,Corporate,West,Technology,Phones
CA-518373,2024-12-12,2025-05-05,Same Day,CUST-5293,William Rogers,Corporate,East,Furniture,Furnishings
CA-722986,2023-04-27,2025-04-24,Same Day,CUST-3442,Andrew Roberson,Corporate,East,Office Supplies,Paper
CA-654865,2023-05-09,2025-05-02,Second Class,CUST-8012,Heather Smith,Consumer,East,Office Supplies,Binders
CA-685640,2023-07-29,2025-05-08,Standard Class,CUST-1332,Joel Johnston,Corporate,South,Technology,Machines
CA-790666,2024-06-27,2025-04-15,First Class,CUST-6713,Margaret Diaz DDS,Corporate,South,Office Supplies,Storage
CA-836955,2023-04-18,2025-04-19,First Class,CUST-9909,Shannon Adams,Consumer,Central,Office Supplies,Binders
CA-504991,2024-06-05,2025-05-02,Second Class,CUST-2562,Valerie Stone,Home Office,East,Technology,Copiers
CA-689914,2023-10-17,2025-04-19,Standard Class,CUST-7502,Jessica Hull,Corporate,West,Office Supplies,Binders
CA-281393,2024-09-05,2025-04-13,First Class,CUST-9362,Megan Barrera,Home Office,South,Technology,Phones
CA-553492,2024-05-15,2025-04-20,Same Day,CUST-1349,Sherry Knight,Corporate,South,Furniture,Bookcases
CA-384486,2023-09-12,2025-04-21,Second Class,CUST-4261,Dawn Schaefer,Consumer,West,Technology,Accessories
CA-773478,2024-06-22,2025-04-14,Second Class,CUST-4276,Thomas Munoz,Consumer,South,Furniture,Tables
CA-973258,2023-12-05,2025-04-15,Standard Class,CUST-6833,Sean Perez,Home Office,South,Office Supplies,Binders
CA-879086,2023-05-26,2025-04-30,Standard Class,CUST-5146,Dr. Steven Taylor,Consumer,East,Furniture,Furnishings
CA-387543,2023-11-26,2025-04-09,Standard Class,CUST-6892,Michelle Jenkins,Corporate,South,Office Supplies,Binders
CA-579634,2023-08-20,2025-04-17,First Class,CUST-2399,Deborah Schmidt,Consumer,South,Office Supplies,Paper
CA-189528,2024-10-22,2025-04-20,Standard Class,CUST-8666,Elizabeth Baxter,Corporate,Central,Technology,Phones
CA-422474,2025-03-04,2025-04-19,First Class,CUST-5559,Mr. Scott Love,Corporate,West,Technology,Accessories
CA-676614,2024-10-08,2025-04-29,Same Day,CUST-1463,Robert Valdez,Home Office,Central,Furniture,Chairs
CA-477123,2024-09-12,2025-04-23,First Class,CUST-7958,Scott Jordan,Corporate,West,Office Supplies,Art
CA-760150,2024-02-16,2025-05-08,Standard Class,CUST-4701,Shawn Mcdonald,Corporate,Central,Furniture,Chairs
CA-833613,2023-08-27,2025-04-29,Second Class,CUST-1595,Katherine Cameron,Consumer,Central,Furniture,Tables
CA-334414,2024-03-30,2025-05-04,Second Class,CUST-2530,Debra Banks,Corporate,West,Furniture,Furnishings
CA-566858,2025-01-21,2025-04-26,Second Class,CUST-9451,Jennifer Nguyen,Consumer,South,Technology,Accessories
CA-814987,2023-10-29,2025-05-06,First Class,CUST-5992,Timothy Martin,Corporate,South,Office Supplies,Labels
CA-759951,2024-06-18,2025-04-27,Standard Class,CUST-2622,Brian Flores,Consumer,West,Office Supplies,Binders
CA-374877,2023-07-27,2025-04-23,First Class,CUST-1756,Jeffrey Johnson,Corporate,South,Technology,Phones
CA-430152,2025-02-13,2025-05-03,Same Day,CUST-2261,Cindy Douglas,Consumer,East,Furniture,Chairs
CA-919454,2024-02-04,2025-04-09,Second Class,CUST-4476,Colleen Wilson,Home Office,Central,Technology,Computers
CA-646433,2023-06-18,2025-04-18,Second Class,CUST-2176,Jason Fuller,Consumer,South,Office Supplies,Storage
CA-967024,2023-07-13,2025-04-22,First Class,CUST-9193,Paul Park,Corporate,East,Furniture,Furnishings
CA-781118,2023-09-06,2025-04-22,Same Day,CUST-1463,Tina Mendoza,Consumer,South,Furniture,Tables
CA-319415,2025-02-09,2025-04-21,Second Class,CUST-3500,Jason Jennings,Home Office,East,Technology,Copiers
CA-817731,2023-10-25,2025-05-06,Second Class,CUST-3364,Joseph Hoffman,Home Office,West,Technology,Phones
CA-925291,2023-05-08,2025-04-21,Second Class,CUST-3597,Laura Jenkins,Home Office,East,Office Supplies,Paper
CA-204942,2024-09-20,2025-04-16,Same Day,CUST-3664,Whitney Payne,Consumer,Central,Furniture,Furnishings
CA-200965,2025-03-06,2025-05-06,Second Class,CUST-6972,Billy Martin,Home Office,South,Technology,Copiers
CA-364146,2023-10-02,2025-05-03,First Class,CUST-9932,Megan Hall,Consumer,Central,Technology,Copiers
CA-766315,2024-03-20,2025-04-29,Standard Class,CUST-2896,Elizabeth Hoffman,Consumer,South,Technology,Machines
CA-496256,2025-03-28,2025-04-29,First Class,CUST-7906,Drew Garcia,Corporate,East,Office Supplies,Labels
CA-851139,2025-02-28,2025-05-04,Same Day,CUST-6345,Jeffery Mcguire,Consumer,East,Office Supplies,Storage
CA-704567,2025-02-05,2025-05-01,Standard Class,CUST-3428,Patricia Callahan,Home Office,West,Furniture,Bookcases
CA-949205,2024-12-04,2025-04-28,Same Day,CUST-7072,Calvin Robinson,Corporate,East,Furniture,Furnishings
CA-240567,2025-03-05,2025-04-22,Standard Class,CUST-2485,Brooke Peters,Corporate,West,Technology,Machines
CA-872941,2024-06-06,2025-04-12,Standard Class,CUST-3637,Katie Franklin,Home Office,South,Furniture,Chairs
CA-980309,2025-03-28,2025-04-15,Second Class,CUST-2468,Cameron Lawrence,Corporate,Central,Office Supplies,Labels
CA-714591,2024-11-23,2025-04-15,Same Day,CUST-6269,Jillian Ware,Corporate,East,Office Supplies,Art
CA-123195,2023-08-24,2025-04-19,Standard Class,CUST-3272,Russell Myers,Home Office,East,Office Supplies,Art
CA-106941,2023-08-13,2025-05-06,Second Class,CUST-8403,Gilbert Pearson,Home Office,West,Furniture,Chairs
CA-673456,2025-01-18,2025-04-16,Second Class,CUST-1677,Paul Combs,Corporate,West,Technology,Copiers
CA-267608,2025-03-08,2025-04-09,Standard Class,CUST-6094,Beverly Shields,Consumer,South,Technology,Accessories
CA-160043,2023-05-03,2025-05-08,First Class,CUST-9345,Christopher Bush,Corporate,Central,Furniture,Bookcases
CA-995606,2025-02-26,2025-04-27,Second Class,CUST-5974,Meredith Frey,Corporate,East,Furniture,Chairs
CA-282834,2023-11-10,2025-04-21,Standard Class,CUST-5209,Patrick Sullivan MD,Home Office,Central,Technology,Computers
CA-875415,2024-06-28,2025-05-05,Same Day,CUST-3602,Kendra Giles,Home Office,East,Furniture,Bookcases
CA-168123,2024-07-29,2025-04-26,First Class,CUST-7658,Mr. James Stanley,Home Office,South,Office Supplies,Storage
CA-170852,2025-02-25,2025-04-17,Second Class,CUST-1519,Adam Hale,Consumer,South,Technology,Accessories
CA-438714,2024-11-29,2025-04-26,Second Class,CUST-1002,Chelsea Carpenter,Home Office,South,Technology,Machines
CA-832436,2024-07-19,2025-05-03,Same Day,CUST-2270,Ralph Garcia,Corporate,East,Furniture,Tables
CA-253008,2025-01-10,2025-05-08,Same Day,CUST-2041,Dustin Green,Home Office,East,Furniture,Chairs
CA-967634,2024-10-19,2025-04-20,First Class,CUST-6247,Christopher Page,Consumer,East,Technology,Copiers
CA-878113,2024-09-10,2025-04-12,First Class,CUST-8356,Karen Perez,Consumer,East,Technology,Computers
CA-265064,2025-01-01,2025-04-29,Standard Class,CUST-1893,Barbara Mcneil,Consumer,East,Furniture,Bookcases
CA-960782,2025-03-18,2025-04-09,First Class,CUST-5161,Lori Rogers,Consumer,Central,Office Supplies,Storage
CA-773798,2023-12-08,2025-04-14,Standard Class,CUST-6271,Paul Rose,Consumer,West,Office Supplies,Paper
CA-265228,2024-12-09,2025-05-04,Same Day,CUST-8737,Jonathan Nielsen,Home Office,East,Technology,Computers
CA-262110,2024-07-18,2025-04-13,Second Class,CUST-4009,Hannah Banks,Home Office,Central,Technology,Phones
CA-103846,2025-02-15,2025-04-16,Standard Class,CUST-2680,Jill Taylor,Corporate,West,Furniture,Tables
CA-759450,2023-08-09,2025-04-20,Same Day,CUST-6055,Jason Bradley,Consumer,East,Technology,Accessories
CA-866619,2023-06-22,2025-05-08,Same Day,CUST-4360,Mark Lloyd,Home Office,South,Furniture,Bookcases
CA-888273,2023-07-16,2025-04-17,Standard Class,CUST-5171,Jennifer Thomas,Corporate,South,Office Supplies,Binders
CA-597077,2023-11-07,2025-04-23,Standard Class,CUST-1837,Kristin Rivera,Corporate,West,Furniture,Bookcases
CA-378452,2023-11-01,2025-04-12,First Class,CUST-2461,Susan Mosley,Home Office,Central,Office Supplies,Paper
CA-730153,2024-09-04,2025-04-13,Second Class,CUST-1993,Brad Walton,Corporate,East,Office Supplies,Binders
CA-944373,2023-06-10,2025-04-24,Same Day,CUST-9492,William Clark,Home Office,West,Furniture,Tables
CA-547178,2023-08-23,2025-04-22,First Class,CUST-1465,Lawrence Walker,Home Office,East,Office Supplies,Paper
CA-656635,2025-02-06,2025-04-18,Second Class,CUST-5912,Andre Gray,Corporate,West,Technology,Accessories
CA-800547,2024-04-20,2025-05-05,Second Class,CUST-5811,Daniel White,Home Office,Central,Office Supplies,Storage
CA-552878,2024-11-06,2025-05-05,First Class,CUST-3629,Rebecca Pearson,Home Office,West,Technology,Accessories
CA-611838,2024-12-03,2025-04-09,Same Day,CUST-9562,Sharon Smith,Home Office,West,Office Supplies,Binders
CA-263659,2023-11-03,2025-04-17,Standard Class,CUST-8815,Madison Hill,Consumer,South,Furniture,Bookcases
CA-552283,2024-03-08,2025-05-06,First Class,CUST-5754,Brittany Richmond,Home Office,Central,Technology,Computers
CA-454610,2024-05-04,2025-04-17,Standard Class,CUST-5542,Pamela Montoya,Home Office,East,Technology,Computers
CA-656108,2024-07-29,2025-04-25,First Class,CUST-5298,Christopher Durham,Home Office,South,Technology,Copiers
CA-800858,2023-10-30,2025-05-01,Standard Class,CUST-3385,Tyler Russell DVM,Consumer,Central,Furniture,Furnishings
CA-649774,2024-12-06,2025-04-14,Same Day,CUST-2285,Matthew May,Home Office,East,Office Supplies,Paper
CA-373417,2025-03-09,2025-05-07,Standard Class,CUST-4973,Chelsea Crawford,Corporate,East,Technology,Computers
CA-415108,2024-06-13,2025-04-22,Standard Class,CUST-4350,Michael Lewis,Consumer,East,Furniture,Furnishings
CA-868684,2024-01-07,2025-04-29,Standard Class,CUST-8938,Diana Johnson,Consumer,West,Furniture,Furnishings
CA-807459,2023-10-15,2025-04-25,Second Class,CUST-7449,Dr. Erin Jackson,Home Office,Central,Technology,Phones
CA-783030,2024-05-05,2025-04-18,Standard Class,CUST-8785,Kyle Meyer,Consumer,West,Technology,Copiers
CA-909036,2024-02-28,2025-05-06,First Class,CUST-6384,Ryan Jackson,Corporate,South,Technology,Computers
CA-923444,2023-11-05,2025-04-26,Same Day,CUST-3208,Maria Newton,Corporate,South,Furniture,Chairs
CA-185885,2024-09-16,2025-04-21,Second Class,CUST-6854,Yolanda Kelly,Consumer,South,Office Supplies,Art
CA-853141,2024-11-18,2025-05-08,Same Day,CUST-3505,Elijah Gomez,Home Office,East,Technology,Computers
CA-307614,2024-04-23,2025-04-14,Standard Class,CUST-4046,Edward Pugh,Corporate,South,Furniture,Chairs
CA-474025,2024-02-09,2025-04-12,Standard Class,CUST-6251,Jeffery Richardson,Consumer,Central,Technology,Computers
CA-551307,2024-03-17,2025-04-24,Same Day,CUST-5839,Melinda Morales,Corporate,West,Furniture,Bookcases
CA-868246,2023-05-05,2025-05-06,Second Class,CUST-5710,Sarah Anderson,Home Office,Central,Office Supplies,Labels
CA-119293,2024-02-27,2025-04-23,First Class,CUST-1534,Charles Green,Home Office,Central,Technology,Accessories
CA-866331,2025-03-30,2025-04-21,Standard Class,CUST-4842,Daniel Weiss,Corporate,South,Technology,Copiers
CA-753777,2023-10-11,2025-04-24,First Class,CUST-5727,Jenny Austin,Home Office,East,Technology,Accessories
CA-336225,2024-07-02,2025-05-05,Standard Class,CUST-2332,Kelly Rios DDS,Corporate,Central,Office Supplies,Paper
CA-766408,2024-08-17,2025-04-12,Second Class,CUST-8804,James Hall,Corporate,East,Office Supplies,Art
CA-745850,2024-06-27,2025-05-05,First Class,CUST-2084,Haley Snyder,Consumer,West,Office Supplies,Paper
CA-409828,2024-08-24,2025-04-20,Standard Class,CUST-4754,Carlos Williams,Corporate,South,Office Supplies,Binders
CA-216351,2023-07-11,2025-04-22,Second Class,CUST-7048,Victoria Contreras,Consumer,Central,Office Supplies,Binders
CA-932946,2023-07-22,2025-04-19,Second Class,CUST-6139,Michelle Kim,Home Office,South,Technology,Machines
CA-173874,2024-11-25,2025-04-16,First Class,CUST-7610,Robert Herrera,Corporate,West,Office Supplies,Paper
CA-126458,2023-08-18,2025-04-18,Standard Class,CUST-7449,Angela Graham,Consumer,West,Technology,Machines
CA-854912,2024-04-21,2025-05-08,Second Class,CUST-8872,John Russell,Home Office,South,Office Supplies,Binders
CA-988335,2023-10-15,2025-04-25,Second Class,CUST-7367,Matthew Parker,Corporate,Central,Technology,Copiers
CA-772448,2025-02-17,2025-05-07,Same Day,CUST-6788,Christopher Riley,Home Office,South,Furniture,Chairs
CA-451458,2023-09-16,2025-04-23,First Class,CUST-6665,Brett Burns,Home Office,South,Furniture,Bookcases
CA-783952,2025-01-04,2025-04-27,Second Class,CUST-1541,Arthur Mercado,Home Office,West,Technology,Accessories
CA-880015,2023-12-17,2025-04-30,Second Class,CUST-2423,Katrina Olsen,Corporate,West,Technology,Phones
CA-755525,2024-08-02,2025-04-19,Second Class,CUST-4405,Amanda Kemp,Corporate,Central,Furniture,Tables
CA-745454,2024-10-12,2025-04-24,Second Class,CUST-3004,Nathan Snyder,Home Office,East,Office Supplies,Labels
CA-159645,2024-01-22,2025-04-24,Standard Class,CUST-1834,Alyssa Smith,Home Office,Central,Furniture,Tables
CA-839433,2024-07-08,2025-05-04,First Class,CUST-2960,Rebecca Perez,Corporate,West,Technology,Accessories
CA-176465,2024-05-09,2025-04-09,Second Class,CUST-6475,Tammy Wise,Corporate,West,Technology,Accessories
CA-486123,2025-01-31,2025-05-01,Same Day,CUST-2236,Edward Schneider,Corporate,East,Office Supplies,Storage
CA-484332,2024-05-22,2025-05-07,First Class,CUST-4964,Austin Dunlap,Home Office,South,Technology,Copiers
CA-742495,2024-06-28,2025-04-18,Same Day,CUST-7450,Sharon Ward,Consumer,East,Technology,Accessories
CA-749496,2025-03-10,2025-05-03,Second Class,CUST-6956,Joy Stanley,Consumer,East,Furniture,Bookcases
CA-434315,2025-04-04,2025-04-15,Standard Class,CUST-5010,Cassandra Chandler,Corporate,South,Furniture,Tables
CA-300990,2024-01-26,2025-04-27,Same Day,CUST-6803,Eric Curtis,Corporate,West,Technology,Accessories
CA-295012,2024-08-13,2025-04-18,Same Day,CUST-1821,Albert Davis,Home Office,East,Office Supplies,Art
CA-680537,2024-10-10,2025-04-13,Second Class,CUST-3056,Susan Fernandez,Home Office,Central,Furniture,Bookcases
CA-610787,2023-06-23,2025-05-03,Same Day,CUST-5700,Adam Fowler,Consumer,South,Furniture,Chairs
CA-794511,2024-09-03,2025-04-25,Standard Class,CUST-1573,Courtney Rios,Corporate,South,Furniture,Bookcases
CA-632271,2024-06-18,2025-04-20,Standard Class,CUST-3049,Jon Torres,Consumer,East,Furniture,Tables
CA-590926,2024-09-07,2025-04-16,First Class,CUST-6997,Austin York,Consumer,West,Furniture,Furnishings
CA-940968,2024-12-19,2025-05-02,Second Class,CUST-2999,Julia Gomez,Consumer,West,Furniture,Chairs
CA-822449,2024-10-26,2025-05-07,Standard Class,CUST-1486,Alejandro Jackson Jr.,Home Office,Central,Furniture,Chairs
CA-222578,2025-01-15,2025-04-11,Standard Class,CUST-4605,Aaron Castro,Corporate,East,Furniture,Chairs
CA-532263,2024-08-09,2025-04-14,Standard Class,CUST-4957,John Marks,Consumer,West,Technology,Machines
CA-522875,2024-06-09,2025-04-12,Second Class,CUST-5946,Breanna Hanson,Consumer,West,Technology,Copiers
CA-594934,2023-10-19,2025-05-06,First Class,CUST-1558,Michael Walker,Consumer,West,Technology,Accessories
CA-499190,2024-06-13,2025-04-14,Standard Class,CUST-9291,Lucas Burnett,Corporate,East,Technology,Copiers
CA-278923,2023-06-22,2025-04-16,Standard Class,CUST-6071,Christopher Bradley,Consumer,South,Office Supplies,Labels
CA-173288,2024-08-20,2025-05-07,Second Class,CUST-3748,Katelyn Watson,Corporate,South,Furniture,Furnishings
CA-916188,2024-03-19,2025-04-11,Standard Class,CUST-8574,Jason Smith,Home Office,Central,Technology,Accessories
CA-684572,2023-10-14,2025-05-08,Second Class,CUST-9235,Terrence Chase,Corporate,West,Office Supplies,Labels
CA-308726,2023-07-31,2025-04-18,Same Day,CUST-2364,Beth Thomas,Consumer,East,Furniture,Bookcases
CA-582205,2024-01-14,2025-04-16,Second Class,CUST-5314,Robert Bennett,Consumer,East,Office Supplies,Storage
CA-368579,2024-09-15,2025-04-25,First Class,CUST-9866,Jonathan Finley,Home Office,South,Office Supplies,Storage
CA-177332,2024-09-10,2025-04-14,Same Day,CUST-4466,Leslie Jones,Home Office,West,Office Supplies,Binders
CA-448296,2023-10-03,2025-04-22,Same Day,CUST-5467,David Sanchez,Corporate,West,Office Supplies,Labels
CA-462497,2024-12-28,2025-04-12,Second Class,CUST-8175,Gary Pratt,Home Office,Central,Office Supplies,Binders
CA-988473,2024-03-20,2025-05-06,First Class,CUST-3816,Chelsea Harper,Consumer,South,Furniture,Tables
CA-377808,2023-12-08,2025-04-23,Standard Class,CUST-6787,Lisa Jackson,Home Office,East,Technology,Accessories
CA-240399,2023-05-29,2025-04-22,Standard Class,CUST-2530,Benjamin Riddle,Corporate,West,Furniture,Chairs
CA-560496,2023-09-17,2025-04-16,Standard Class,CUST-1134,Amy Williamson,Corporate,East,Office Supplies,Labels
CA-388281,2023-05-22,2025-04-25,First Class,CUST-2198,Anita Waters,Corporate,Central,Furniture,Bookcases
CA-974020,2024-04-02,2025-04-18,Second Class,CUST-1153,Joshua Wilson,Corporate,South,Office Supplies,Art
CA-307223,2024-08-10,2025-04-13,First Class,CUST-5174,Nancy Perez,Home Office,South,Office Supplies,Binders
CA-765304,2023-11-05,2025-04-19,Second Class,CUST-5773,Michael Bautista DDS,Home Office,South,Technology,Computers
CA-926555,2025-02-03,2025-04-12,Second Class,CUST-9289,Brandon Roman,Corporate,East,Technology,Phones
CA-166499,2023-12-19,2025-04-24,Same Day,CUST-1309,Norma Scott,Consumer,East,Technology,Accessories
CA-408992,2023-12-18,2025-04-10,First Class,CUST-6409,Allison Harrison,Home Office,West,Office Supplies,Labels
CA-403372,2025-03-27,2025-04-25,Standard Class,CUST-1447,Dr. Kimberly Mendoza,Corporate,East,Technology,Computers
CA-831853,2023-11-27,2025-04-12,First Class,CUST-2140,Mark Williams,Consumer,East,Technology,Accessories
CA-364808,2024-08-15,2025-04-20,Same Day,CUST-4868,Kimberly Terry,Corporate,East,Technology,Machines
CA-714585,2023-10-11,2025-04-25,Same Day,CUST-3355,Jerry Hunter,Home Office,South,Office Supplies,Labels
CA-727862,2025-03-15,2025-04-14,Second Class,CUST-7720,Cassandra Johnson,Consumer,West,Furniture,Chairs
CA-265525,2023-11-08,2025-04-24,Standard Class,CUST-1831,Tara Sweeney,Consumer,Central,Furniture,Chairs
CA-959094,2024-05-10,2025-04-18,Same Day,CUST-8619,Nicole Hill,Consumer,South,Furniture,Tables
CA-966976,2024-09-23,2025-04-19,Standard Class,CUST-1025,Todd Yang,Home Office,Central,Furniture,Tables
CA-164521,2023-08-07,2025-05-06,Standard Class,CUST-3695,Steve Peterson,Corporate,West,Office Supplies,Storage
CA-913204,2024-07-04,2025-04-23,Standard Class,CUST-8284,Laura Holmes,Home Office,South,Technology,Copiers
CA-878612,2025-02-08,2025-04-19,First Class,CUST-9630,Regina Jones,Corporate,West,Technology,Copiers
CA-179155,2023-09-12,2025-05-01,Standard Class,CUST-6313,Scott Baker,Corporate,Central,Technology,Copiers
CA-878363,2024-11-01,2025-04-09,Second Class,CUST-6470,Brenda Villegas,Corporate,Central,Technology,Phones
CA-846819,2024-11-06,2025-05-01,Same Day,CUST-3510,Deanna Rodriguez,Corporate,South,Technology,Phones
CA-989931,2024-01-27,2025-04-26,Same Day,CUST-2837,Angela Hill,Consumer,East,Furniture,Bookcases
CA-511990,2023-08-27,2025-04-27,Standard Class,CUST-7757,Phillip Sanders,Corporate,East,Technology,Phones
CA-147100,2024-10-06,2025-04-15,Standard Class,CUST-3224,Betty Miller,Corporate,Central,Technology,Machines
CA-959077,2024-07-05,2025-04-25,First Class,CUST-9016,Theodore Robertson,Corporate,East,Technology,Accessories
CA-298307,2024-02-02,2025-04-18,Standard Class,CUST-8797,Alice Kirby,Corporate,West,Office Supplies,Art
CA-193524,2024-01-07,2025-04-16,First Class,CUST-6548,Bradley Heath,Corporate,West,Office Supplies,Paper
CA-578516,2023-11-29,2025-04-24,Same Day,CUST-3792,Dr. Brenda Young,Home Office,Central,Furniture,Bookcases
CA-607038,2024-10-19,2025-04-12,Second Class,CUST-8018,Michael Krueger,Home Office,West,Office Supplies,Labels
CA-461678,2024-07-01,2025-04-30,Standard Class,CUST-4126,Nicholas Miller,Home Office,East,Office Supplies,Labels
CA-519332,2024-01-03,2025-04-20,First Class,CUST-4858,Amy Cummings,Consumer,South,Technology,Phones
CA-816293,2023-06-05,2025-05-04,Second Class,CUST-5271,Cody Murray,Corporate,East,Office Supplies,Storage
CA-655061,2023-08-05,2025-04-09,First Class,CUST-1550,Sara Simmons,Consumer,South,Technology,Accessories
CA-901002,2023-08-17,2025-04-21,First Class,CUST-9391,Meagan Roach MD,Home Office,Central,Furniture,Tables
CA-900814,2025-01-28,2025-05-07,Same Day,CUST-3284,Laura Barnes,Consumer,South,Technology,Machines
CA-710073,2024-10-31,2025-04-24,Same Day,CUST-4268,Angel Alvarado,Corporate,West,Furniture,Furnishings
CA-666682,2024-11-24,2025-04-28,Second Class,CUST-9488,David Hill,Corporate,East,Technology,Computers
CA-402095,2023-06-03,2025-04-21,First Class,CUST-3720,Anthony Jones,Corporate,Central,Technology,Accessories
CA-868306,2023-05-08,2025-05-07,Same Day,CUST-5415,Angela Parker,Consumer,East,Office Supplies,Binders
CA-323563,2024-12-23,2025-04-18,Same Day,CUST-6740,Robin Frazier,Consumer,South,Office Supplies,Labels
CA-749708,2023-06-23,2025-04-23,Standard Class,CUST-6837,Jeffrey Glover,Home Office,South,Technology,Accessories
CA-809617,2023-05-13,2025-05-07,Standard Class,CUST-3376,William Lane,Home Office,West,Office Supplies,Binders
CA-174669,2024-03-18,2025-04-13,First Class,CUST-6295,Aaron Schultz,Consumer,Central,Office Supplies,Binders
CA-364251,2023-09-04,2025-05-07,Standard Class,CUST-2874,Kristopher Barnes,Corporate,East,Office Supplies,Paper
CA-843168,2024-12-07,2025-04-20,Same Day,CUST-4993,Kenneth Lamb,Corporate,Central,Office Supplies,Binders
CA-840483,2024-06-08,2025-04-11,Second Class,CUST-7150,Timothy Williams,Corporate,West,Office Supplies,Binders
CA-280194,2023-05-28,2025-04-28,Standard Class,CUST-1025,William Vincent,Home Office,West,Office Supplies,Storage
CA-835634,2023-04-18,2025-04-11,Standard Class,CUST-4940,Joel Sims,Corporate,Central,Technology,Copiers
CA-175160,2024-02-19,2025-04-22,Same Day,CUST-9376,Douglas Holloway,Home Office,South,Technology,Copiers
CA-827784,2023-06-25,2025-04-19,Standard Class,CUST-9177,Shannon Vazquez,Consumer,East,Office Supplies,Labels
CA-822925,2023-10-23,2025-04-29,Standard Class,CUST-7031,Lynn Murphy,Corporate,South,Office Supplies,Art
CA-895038,2024-12-23,2025-04-21,Second Class,CUST-7107,Alex Thompson,Home Office,West,Office Supplies,Storage
CA-136512,2025-01-05,2025-05-07,Same Day,CUST-5584,Shannon Diaz,Consumer,South,Office Supplies,Art
CA-517073,2024-02-10,2025-04-20,Second Class,CUST-2335,Elizabeth Morris,Consumer,West,Furniture,Bookcases
CA-435127,2025-01-31,2025-04-28,Standard Class,CUST-4462,Dan Jones,Consumer,Central,Furniture,Tables
CA-941996,2024-03-19,2025-04-14,Second Class,CUST-9397,Mary Cole,Corporate,Central,Furniture,Chairs
CA-651010,2023-09-04,2025-04-25,Second Class,CUST-5107,Mr. Andrew Francis,Corporate,West,Office Supplies,Binders
CA-908458,2024-03-26,2025-04-20,Second Class,CUST-9884,Jacob Cochran,Home Office,East,Furniture,Tables
CA-800039,2024-07-22,2025-04-11,Second Class,CUST-5981,Kathryn Castillo,Corporate,East,Technology,Computers
CA-825850,2023-05-18,2025-05-03,Second Class,CUST-8865,Derrick Castro,Consumer,West,Office Supplies,Paper
CA-859125,2023-05-06,2025-04-19,First Class,CUST-4042,Sonya Smith,Consumer,Central,Furniture,Furnishings
CA-773110,2025-01-30,2025-04-28,Standard Class,CUST-3420,Holly Torres,Consumer,West,Technology,Accessories
CA-469442,2024-06-09,2025-05-06,Standard Class,CUST-7822,John Harvey,Consumer,South,Technology,Phones
CA-849346,2023-04-30,2025-04-16,Standard Class,CUST-7712,Brian West,Home Office,West,Technology,Accessories
CA-614069,2024-09-14,2025-04-11,First Class,CUST-1977,Julie Hoover,Corporate,Central,Office Supplies,Art
CA-970329,2024-12-21,2025-04-20,Second Class,CUST-4519,Lori Hill,Corporate,South,Office Supplies,Binders
CA-154066,2025-03-14,2025-04-25,Same Day,CUST-2694,Marissa Carpenter,Home Office,Central,Office Supplies,Labels
CA-997238,2024-09-13,2025-04-26,Standard Class,CUST-6555,Erin Gilbert,Corporate,East,Office Supplies,Labels
CA-510154,2024-04-09,2025-05-08,Second Class,CUST-8730,Fernando Watson,Home Office,West,Furniture,Chairs
CA-716665,2025-02-10,2025-04-21,Standard Class,CUST-1374,Jessica Schmidt,Consumer,East,Office Supplies,Paper
CA-167719,2025-03-13,2025-04-18,Same Day,CUST-9318,Angela Ellis,Corporate,South,Technology,Machines
CA-262343,2023-04-15,2025-05-05,First Class,CUST-4959,Rebecca Hall,Consumer,West,Furniture,Bookcases
CA-317791,2024-07-26,2025-04-18,Same Day,CUST-5813,Michelle Miller,Home Office,South,Office Supplies,Labels
CA-157723,2023-05-02,2025-04-18,Standard Class,CUST-4114,Laura Smith,Home Office,Central,Furniture,Chairs
CA-473450,2024-09-30,2025-04-14,First Class,CUST-8844,Kevin Robbins,Corporate,West,Technology,Accessories
CA-827352,2024-08-31,2025-05-06,Second Class,CUST-8276,Robert Webb,Home Office,South,Office Supplies,Labels
CA-711950,2024-02-23,2025-05-02,Same Day,CUST-3610,Wanda Wolfe,Home Office,West,Technology,Copiers
CA-842466,2024-04-27,2025-05-08,Same Day,CUST-6021,Candace Norman,Corporate,Central,Furniture,Chairs
CA-884703,2025-01-14,2025-04-24,First Class,CUST-9582,Cory Hardy,Home Office,West,Office Supplies,Art
CA-563079,2023-10-10,2025-04-19,Second Class,CUST-5260,Peter Compton,Corporate,Central,Furniture,Bookcases
CA-317473,2024-05-10,2025-04-15,First Class,CUST-3657,Mr. Nicholas Rogers,Corporate,East,Technology,Copiers
CA-271924,2024-12-20,2025-04-27,First Class,CUST-5385,Aaron Nelson,Corporate,South,Furniture,Furnishings
CA-972787,2023-05-24,2025-04-10,First Class,CUST-1841,Marcus Booth,Consumer,West,Furniture,Bookcases
CA-267514,2024-02-18,2025-04-19,Second Class,CUST-8604,Michael Thompson,Home Office,South,Furniture,Chairs
CA-622597,2023-04-18,2025-04-23,First Class,CUST-6017,Brian Vazquez,Home Office,Central,Office Supplies,Storage
CA-413166,2024-12-27,2025-04-13,First Class,CUST-4155,Anna Page,Home Office,Central,Technology,Phones
CA-642913,2023-10-15,2025-05-05,Same Day,CUST-6792,Monique Hoover,Consumer,East,Technology,Phones
CA-632829,2023-09-01,2025-04-14,Second Class,CUST-6040,Brian Elliott,Corporate,East,Office Supplies,Storage
CA-670523,2024-01-14,2025-05-01,Second Class,CUST-7853,Kurt Robles,Corporate,South,Technology,Copiers
CA-913481,2023-12-13,2025-05-05,Second Class,CUST-3120,Mario Poole,Consumer,Central,Office Supplies,Binders
CA-328268,2024-07-06,2025-04-22,Same Day,CUST-6705,Dr. Luis Mann,Corporate,Central,Office Supplies,Art
CA-623861,2024-03-08,2025-04-15,Same Day,CUST-5292,Steven Sawyer PhD,Consumer,West,Office Supplies,Storage
CA-853130,2024-06-15,2025-04-21,Second Class,CUST-3164,Ryan Richard,Home Office,South,Furniture,Chairs
CA-176600,2025-01-19,2025-04-19,Standard Class,CUST-3678,Michele Weiss,Corporate,Central,Technology,Copiers
CA-139383,2024-04-13,2025-04-20,Second Class,CUST-9833,Tonya Todd,Corporate,South,Technology,Computers
CA-734083,2024-02-19,2025-04-20,Standard Class,CUST-5560,Sarah Alexander,Consumer,East,Office Supplies,Paper
CA-383027,2024-02-11,2025-04-10,Standard Class,CUST-6822,Rodney Hall,Consumer,East,Technology,Copiers
CA-836830,2023-11-24,2025-04-18,First Class,CUST-8561,Morgan Vasquez,Corporate,East,Furniture,Bookcases
CA-457076,2024-09-12,2025-04-13,Second Class,CUST-2000,Jessica Diaz,Home Office,West,Technology,Copiers
CA-105708,2024-11-26,2025-04-21,First Class,CUST-3806,Jamie Case,Corporate,Central,Technology,Machines
CA-337476,2023-10-17,2025-04-24,Same Day,CUST-6787,Susan Adams,Home Office,West,Office Supplies,Art
CA-253075,2024-06-27,2025-04-28,Second Class,CUST-9800,Manuel Cannon,Corporate,South,Technology,Phones
CA-661032,2025-01-16,2025-04-12,Same Day,CUST-8832,Juan Santos,Corporate,West,Furniture,Furnishings
CA-635731,2025-03-07,2025-05-06,Same Day,CUST-7540,Lindsay Blanchard,Consumer,West,Office Supplies,Art
CA-535022,2025-03-02,2025-04-19,Same Day,CUST-5615,Juan Lee,Corporate,Central,Office Supplies,Art
CA-270106,2023-05-13,2025-04-22,Same Day,CUST-1577,Mark Foster,Corporate,South,Office Supplies,Binders
CA-520568,2023-08-21,2025-04-14,Same Day,CUST-9296,Tammy Rodriguez,Corporate,West,Office Supplies,Paper
CA-303352,2024-09-28,2025-04-20,Standard Class,CUST-2635,Nicole Carroll,Consumer,South,Technology,Computers
CA-927218,2024-10-23,2025-04-09,Standard Class,CUST-5829,James Taylor,Home Office,South,Furniture,Bookcases
CA-148721,2023-11-03,2025-04-10,Same Day,CUST-2049,Cameron Howell,Corporate,West,Technology,Computers
CA-421609,2024-03-07,2025-04-19,Standard Class,CUST-7841,Paul Perkins,Home Office,South,Furniture,Furnishings
CA-820907,2024-07-04,2025-04-10,Standard Class,CUST-7192,Nathan Acosta,Corporate,Central,Furniture,Furnishings
CA-825971,2024-07-16,2025-04-26,Second Class,CUST-1535,Natasha Patel,Home Office,Central,Furniture,Tables
CA-428697,2023-09-25,2025-04-29,First Class,CUST-8615,Samuel Johnson,Consumer,South,Office Supplies,Art
CA-893011,2023-12-28,2025-05-08,Second Class,CUST-4011,Taylor Garcia,Home Office,South,Furniture,Chairs
CA-274915,2024-10-07,2025-04-16,Same Day,CUST-3600,Elizabeth Stanley,Home Office,Central,Furniture,Bookcases
CA-163523,2024-02-27,2025-04-28,Same Day,CUST-9258,Benjamin Reed,Home Office,East,Technology,Phones
CA-819321,2024-12-04,2025-05-04,Second Class,CUST-4420,Samantha Holloway,Home Office,South,Furniture,Chairs
CA-899008,2024-02-10,2025-05-06,Same Day,CUST-7778,David Johnson,Corporate,South,Office Supplies,Labels
CA-722747,2023-11-01,2025-04-22,Second Class,CUST-5837,Michelle Mills,Corporate,Central,Furniture,Tables
CA-847460,2024-10-21,2025-04-25,Second Class,CUST-1127,Kelly Williams,Consumer,Central,Office Supplies,Binders
CA-559681,2023-12-12,2025-05-07,Standard Class,CUST-2565,Michael Rodriguez,Home Office,East,Technology,Computers
CA-355025,2024-04-29,2025-04-23,Same Day,CUST-4061,Sharon Wright,Corporate,East,Technology,Accessories
CA-580888,2024-09-23,2025-04-21,Standard Class,CUST-9132,Angelica Kelly,Corporate,West,Office Supplies,Paper
CA-830530,2024-11-09,2025-05-06,Second Class,CUST-4276,Dr. Jeffrey Allen DDS,Home Office,Central,Office Supplies,Storage
CA-195770,2025-02-10,2025-04-09,Standard Class,CUST-6107,Ian Stanley,Consumer,South,Technology,Phones
CA-613606,2023-06-15,2025-05-06,Standard Class,CUST-4831,Donald Rose,Corporate,East,Furniture,Bookcases
CA-562043,2024-01-14,2025-04-24,Same Day,CUST-4299,Kelli Morrison,Corporate,East,Office Supplies,Art
CA-226163,2025-02-03,2025-04-17,Standard Class,CUST-1558,Kevin Landry,Home Office,South,Furniture,Tables
CA-543436,2024-01-25,2025-04-29,Standard Class,CUST-1587,Jonathan Russell,Home Office,West,Furniture,Chairs
CA-814622,2023-05-27,2025-05-03,Second Class,CUST-7225,Sandra Alexander,Consumer,West,Office Supplies,Storage
CA-485649,2024-07-09,2025-04-26,Standard Class,CUST-3775,Adam Scott,Consumer,East,Office Supplies,Binders
CA-487634,2023-09-22,2025-04-24,Standard Class,CUST-3915,Grant Guzman,Home Office,East,Technology,Copiers
CA-471211,2024-02-29,2025-04-10,Same Day,CUST-4323,Rachel Heath DDS,Consumer,West,Furniture,Tables
CA-948267,2024-02-11,2025-04-30,First Class,CUST-8574,Laura Carey,Corporate,West,Office Supplies,Paper
CA-974286,2024-11-17,2025-04-09,First Class,CUST-2236,Steven Walsh,Corporate,Central,Technology,Accessories
CA-630614,2023-10-28,2025-04-22,First Class,CUST-3187,Kristina Bates,Consumer,East,Furniture,Bookcases
CA-205577,2024-09-25,2025-04-20,First Class,CUST-6329,Justin Gardner,Home Office,South,Office Supplies,Paper
CA-824508,2025-02-26,2025-04-15,Same Day,CUST-2974,Samantha Martin,Consumer,East,Technology,Copiers
CA-891803,2024-03-31,2025-05-08,Second Class,CUST-2943,Christine Elliott,Consumer,West,Furniture,Furnishings
CA-487639,2023-06-25,2025-05-01,Standard Class,CUST-4048,Taylor White,Home Office,East,Technology,Phones
CA-958741,2024-07-06,2025-05-08,Second Class,CUST-2585,Blake Price,Consumer,Central,Office Supplies,Labels
CA-517337,2024-05-15,2025-05-04,First Class,CUST-4169,Kayla Thompson,Corporate,South,Technology,Accessories
CA-224203,2024-03-18,2025-04-12,Second Class,CUST-5543,Jose Hopkins,Home Office,East,Technology,Computers
CA-682043,2025-01-26,2025-04-26,Same Day,CUST-8710,Ryan Carroll,Consumer,East,Office Supplies,Binders
CA-190439,2023-04-21,2025-04-29,Second Class,CUST-8549,Alex Foster,Corporate,West,Technology,Phones
CA-309608,2024-09-24,2025-05-02,First Class,CUST-2867,Stacy Lowe,Home Office,West,Furniture,Furnishings
CA-832104,2023-11-16,2025-05-02,Same Day,CUST-1763,Taylor Kelly,Corporate,West,Furniture,Bookcases
CA-474077,2024-12-07,2025-04-23,First Class,CUST-6745,Glenn Acevedo,Home Office,Central,Furniture,Chairs
CA-802489,2024-04-15,2025-04-11,Standard Class,CUST-9789,Taylor Anderson,Corporate,West,Technology,Copiers
CA-831438,2023-05-26,2025-05-08,Standard Class,CUST-9743,Michael Coleman,Consumer,East,Furniture,Chairs
CA-428715,2024-04-06,2025-04-27,Standard Class,CUST-5031,Brian Moran,Consumer,South,Office Supplies,Binders
CA-533594,2023-12-26,2025-04-18,Standard Class,CUST-8385,Eric Scott,Consumer,East,Technology,Copiers
CA-328422,2023-05-12,2025-04-17,First Class,CUST-9429,Nancy Payne,Consumer,Central,Office Supplies,Binders
CA-898103,2023-06-08,2025-04-28,Second Class,CUST-4914,Dr. Adam Gomez Jr.,Corporate,Central,Furniture,Bookcases
CA-187943,2023-12-23,2025-05-04,First Class,CUST-4346,Dawn Richards,Corporate,East,Furniture,Tables
CA-291112,2023-06-07,2025-04-28,Same Day,CUST-4618,Jack Mckay,Consumer,South,Office Supplies,Art
CA-613069,2024-12-01,2025-04-24,Standard Class,CUST-3385,Victor House,Home Office,East,Technology,Copiers
CA-533408,2023-10-16,2025-04-25,First Class,CUST-9161,Sabrina Hancock,Home Office,West,Technology,Computers
CA-610212,2023-08-29,2025-04-20,First Class,CUST-7579,Brent Shah,Home Office,South,Office Supplies,Storage
CA-184221,2024-07-14,2025-05-05,Standard Class,CUST-9350,Jessica Henderson,Home Office,South,Furniture,Furnishings
CA-532413,2024-09-24,2025-05-03,Second Class,CUST-9944,Crystal Choi,Consumer,East,Technology,Machines
CA-236937,2024-03-06,2025-04-19,Second Class,CUST-9462,Nicholas Hayes,Home Office,West,Technology,Computers
CA-975736,2024-02-28,2025-04-10,Standard Class,CUST-5973,Brian Lopez,Corporate,South,Furniture,Bookcases
CA-773477,2024-05-17,2025-04-20,First Class,CUST-9219,Christopher Davis,Consumer,West,Furniture,Furnishings
CA-584823,2024-02-19,2025-04-15,Standard Class,CUST-5895,Andrea Anderson,Corporate,Central,Office Supplies,Storage
CA-907576,2024-06-17,2025-05-01,Second Class,CUST-5244,Christina Beasley,Home Office,East,Technology,Computers
CA-706472,2023-08-29,2025-04-13,Standard Class,CUST-1264,Stephanie Rowe,Home Office,West,Office Supplies,Storage
CA-160675,2024-09-16,2025-04-13,Same Day,CUST-4241,Donna Matthews,Corporate,West,Furniture,Furnishings
CA-315899,2024-08-06,2025-04-28,Standard Class,CUST-1442,Heather Johnson,Corporate,South,Technology,Phones
CA-492788,2023-08-27,2025-04-19,Standard Class,CUST-2883,Marisa Baker,Corporate,Central,Office Supplies,Storage
CA-299818,2023-09-16,2025-05-01,Second Class,CUST-3912,Rachel Weber,Consumer,South,Furniture,Furnishings
CA-257486,2024-02-02,2025-05-03,Same Day,CUST-6160,Michael Barrett,Home Office,East,Furniture,Tables
CA-370573,2024-07-22,2025-04-18,Second Class,CUST-2466,Kyle Cowan,Consumer,East,Furniture,Bookcases
CA-752423,2025-03-24,2025-04-28,Standard Class,CUST-6444,Shelly Miller,Home Office,West,Furniture,Tables
CA-750194,2025-01-27,2025-04-22,Second Class,CUST-2084,Allen Campbell,Consumer,Central,Technology,Phones
CA-565040,2024-10-24,2025-04-16,Same Day,CUST-6003,Robert Ritter,Corporate,South,Furniture,Chairs
CA-438801,2023-05-28,2025-04-20,Standard Class,CUST-4955,Rebecca Adkins,Consumer,East,Office Supplies,Paper
CA-944740,2023-08-16,2025-04-25,Same Day,CUST-7731,Allison Brown,Home Office,South,Office Supplies,Art
CA-840156,2023-05-16,2025-04-12,Second Class,CUST-8629,Jessica Reynolds,Consumer,East,Furniture,Bookcases
CA-391937,2023-12-20,2025-04-23,Standard Class,CUST-6145,Tiffany Chambers,Home Office,Central,Technology,Accessories
CA-742058,2024-05-27,2025-05-02,Same Day,CUST-7397,Roberto Marquez,Home Office,Central,Furniture,Tables
CA-612780,2023-07-02,2025-04-30,Standard Class,CUST-1644,Joseph Fleming,Home Office,Central,Technology,Accessories
CA-388022,2023-07-30,2025-05-08,Same Day,CUST-4414,Andrew Soto,Consumer,South,Office Supplies,Storage
CA-894872,2023-05-08,2025-04-14,Standard Class,CUST-3577,Monica Brown,Consumer,South,Office Supplies,Paper
CA-601179,2023-04-16,2025-04-22,First Class,CUST-7579,Jeffrey Franklin,Consumer,West,Furniture,Furnishings
CA-518511,2024-06-25,2025-04-27,First Class,CUST-8190,Jake Kerr,Home Office,Central,Furniture,Furnishings
CA-901932,2023-11-04,2025-04-12,Second Class,CUST-5351,Joseph Jones,Corporate,South,Technology,Accessories
CA-209354,2024-02-25,2025-04-26,Second Class,CUST-5505,Ashley Moon,Corporate,South,Technology,Phones
CA-287443,2024-06-19,2025-04-25,Second Class,CUST-5995,Joseph Johnston,Corporate,West,Furniture,Furnishings
CA-607729,2023-05-11,2025-04-25,Same Day,CUST-8947,Robert Casey,Consumer,West,Furniture,Tables
CA-585063,2024-11-17,2025-04-29,Second Class,CUST-9178,Melanie Flores,Home Office,West,Technology,Copiers
CA-240465,2024-07-29,2025-04-14,Standard Class,CUST-1253,Suzanne Fields,Home Office,East,Technology,Phones
CA-894028,2023-09-12,2025-04-18,Same Day,CUST-7514,Holly Phillips,Corporate,East,Office Supplies,Art
CA-136193,2025-01-23,2025-04-09,First Class,CUST-9031,Ryan Smith,Home Office,South,Office Supplies,Labels
CA-609050,2023-08-31,2025-04-17,First Class,CUST-8796,Carlos Phillips,Home Office,East,Furniture,Furnishings
CA-853223,2024-05-06,2025-04-27,Standard Class,CUST-3532,Jeffrey Rivera,Corporate,West,Furniture,Chairs
CA-611465,2024-03-08,2025-05-04,First Class,CUST-2946,Jill Khan,Home Office,East,Furniture,Furnishings
CA-345908,2024-04-28,2025-04-15,First Class,CUST-7336,Kelly Cooley,Consumer,East,Furniture,Chairs
CA-724531,2024-02-04,2025-04-22,First Class,CUST-8510,Timothy Wallace,Corporate,Central,Furniture,Tables
CA-380764,2023-06-22,2025-05-02,Second Class,CUST-5214,Peter Holden,Consumer,West,Furniture,Bookcases
CA-172437,2024-12-06,2025-04-30,First Class,CUST-1650,Samantha James,Home Office,East,Office Supplies,Storage
CA-211975,2024-03-24,2025-05-05,Standard Class,CUST-7987,Dr. Tiffany Weeks DDS,Home Office,East,Technology,Accessories
CA-418626,2024-11-12,2025-04-17,Second Class,CUST-4219,Alex Perry,Corporate,Central,Furniture,Chairs
CA-833236,2024-03-20,2025-04-18,Same Day,CUST-3678,Thomas Arnold,Home Office,South,Office Supplies,Art
CA-204469,2024-04-08,2025-04-09,First Class,CUST-5740,Laurie Allen,Home Office,South,Technology,Phones
CA-161559,2025-02-24,2025-05-05,Second Class,CUST-2413,Patricia Ball,Consumer,South,Furniture,Tables
CA-992442,2023-06-04,2025-04-22,Standard Class,CUST-8107,Leah Anderson,Consumer,West,Furniture,Tables
CA-109519,2024-09-19,2025-04-11,Same Day,CUST-8931,Amy Stuart,Home Office,South,Technology,Accessories
CA-627973,2025-01-28,2025-05-04,Same Day,CUST-7926,Nicholas Jordan,Home Office,Central,Office Supplies,Labels
CA-694705,2023-06-06,2025-04-16,First Class,CUST-2366,Cindy Rodriguez,Consumer,Central,Office Supplies,Labels
CA-108961,2024-09-08,2025-04-24,Same Day,CUST-4363,John Wallace,Consumer,South,Technology,Computers
CA-237314,2023-06-15,2025-04-19,First Class,CUST-4614,Stephanie Taylor,Consumer,East,Furniture,Bookcases
CA-441946,2025-02-14,2025-04-14,Second Class,CUST-5967,Amanda Robertson,Home Office,South,Furniture,Chairs
CA-899566,2023-05-19,2025-04-13,Second Class,CUST-2139,Mr. Michael Wise DVM,Corporate,West,Furniture,Chairs
CA-206457,2025-01-30,2025-04-18,Standard Class,CUST-1000,Randall Gentry,Home Office,South,Office Supplies,Art
CA-359138,2024-05-10,2025-05-04,Second Class,CUST-2114,Michelle Parker,Corporate,East,Furniture,Tables
CA-699477,2023-12-31,2025-04-10,First Class,CUST-1292,Dennis Hart,Consumer,West,Technology,Accessories
CA-674398,2024-03-08,2025-05-04,Same Day,CUST-1785,Taylor Casey,Corporate,East,Office Supplies,Binders
CA-384351,2024-09-08,2025-04-11,First Class,CUST-7302,Jacob Vaughn,Home Office,West,Technology,Machines
CA-901025,2023-10-22,2025-04-11,Second Class,CUST-6029,Bradley Ortega,Corporate,Central,Furniture,Chairs
CA-905038,2024-04-13,2025-04-23,Standard Class,CUST-3102,Lindsay Williams,Consumer,South,Office Supplies,Labels
CA-361326,2023-11-08,2025-04-25,Same Day,CUST-2176,Taylor Nelson,Consumer,West,Technology,Copiers
CA-333120,2023-04-11,2025-04-29,Standard Class,CUST-8249,Martin Morgan,Corporate,West,Technology,Accessories
CA-296360,2024-05-09,2025-04-27,Same Day,CUST-9665,Taylor Reese,Consumer,East,Furniture,Tables
CA-967784,2023-05-15,2025-04-30,Second Class,CUST-8602,Sarah Alvarez,Home Office,West,Furniture,Chairs
CA-799204,2023-11-06,2025-04-20,Second Class,CUST-6145,James Lopez,Corporate,East,Technology,Accessories
CA-999182,2023-06-19,2025-05-02,First Class,CUST-4981,Edward Merritt,Home Office,South,Furniture,Chairs
CA-453170,2023-11-18,2025-04-24,First Class,CUST-5196,Danny Davis,Home Office,West,Technology,Phones
CA-442202,2023-08-19,2025-04-13,Standard Class,CUST-8651,John Jones,Consumer,Central,Technology,Computers
CA-649427,2024-02-05,2025-04-16,Same Day,CUST-1328,Roberto Foster,Corporate,Central,Furniture,Chairs
CA-214107,2023-08-01,2025-04-22,Same Day,CUST-2126,Robert Burns,Corporate,South,Technology,Computers
CA-164807,2024-07-03,2025-04-20,Standard Class,CUST-9340,Teresa Higgins,Corporate,Central,Technology,Copiers
CA-985890,2023-06-18,2025-04-21,First Class,CUST-1652,Michael Becker,Consumer,East,Office Supplies,Paper
CA-115112,2023-04-29,2025-04-10,Standard Class,CUST-2503,Kathryn Obrien,Home Office,West,Furniture,Furnishings
CA-122680,2023-11-26,2025-04-15,First Class,CUST-2238,Elizabeth York,Home Office,West,Furniture,Furnishings
CA-648937,2025-04-07,2025-04-15,Standard Class,CUST-6495,Brandi Hogan,Consumer,South,Furniture,Bookcases
CA-911501,2024-04-29,2025-04-13,Same Day,CUST-1039,Donald Cooper,Home Office,West,Furniture,Tables
CA-763420,2023-10-03,2025-04-10,Same Day,CUST-7207,Carl Palmer,Corporate,South,Technology,Computers
CA-149574,2024-04-19,2025-04-28,First Class,CUST-3495,Martin Thompson,Corporate,East,Office Supplies,Labels
CA-287357,2024-10-02,2025-04-26,Same Day,CUST-5881,Sarah Kennedy,Consumer,South,Furniture,Bookcases
CA-900934,2023-09-05,2025-04-28,Standard Class,CUST-7657,Frederick Vazquez,Corporate,Central,Technology,Computers
CA-714799,2024-02-16,2025-05-02,Same Day,CUST-6122,Donald Duran,Corporate,West,Office Supplies,Paper
CA-164075,2024-09-28,2025-04-27,First Class,CUST-1057,Jennifer Hawkins,Corporate,South,Office Supplies,Binders
CA-775863,2024-04-26,2025-04-19,Same Day,CUST-5515,Joseph Diaz MD,Home Office,Central,Furniture,Chairs
CA-685274,2024-03-14,2025-05-03,Second Class,CUST-2357,Joshua Anderson,Corporate,Central,Furniture,Chairs
CA-142380,2023-05-28,2025-04-26,Second Class,CUST-1112,Rodney Marshall,Home Office,South,Office Supplies,Art
CA-486811,2024-10-22,2025-04-20,Standard Class,CUST-9663,Angela Benton,Corporate,West,Office Supplies,Paper
CA-351117,2023-12-24,2025-04-14,Second Class,CUST-7210,Laurie Gardner,Consumer,Central,Technology,Copiers
CA-863568,2024-12-01,2025-04-13,Second Class,CUST-3866,Edward Brewer,Home Office,West,Office Supplies,Labels
CA-555218,2024-06-26,2025-04-21,Standard Class,CUST-9902,Justin Allen,Home Office,South,Furniture,Bookcases
CA-650684,2023-08-08,2025-04-13,First Class,CUST-1568,Leslie Zimmerman,Corporate,East,Furniture,Furnishings
CA-388883,2024-11-08,2025-05-03,Same Day,CUST-4455,Charles Hall,Home Office,East,Furniture,Furnishings
CA-503413,2024-12-15,2025-04-11,First Class,CUST-7864,Tiffany Hall,Corporate,South,Technology,Computers
CA-419570,2023-07-30,2025-04-09,Same Day,CUST-2352,Leslie Hammond,Home Office,West,Technology,Computers
CA-847636,2024-04-11,2025-04-28,Second Class,CUST-7500,Jeffrey Wade,Consumer,West,Furniture,Chairs
CA-356038,2023-06-27,2025-04-19,First Class,CUST-6096,Jennifer Adams,Consumer,West,Furniture,Chairs
CA-413716,2024-10-19,2025-04-28,Second Class,CUST-5149,Daniel Turner,Corporate,Central,Furniture,Bookcases
CA-433137,2024-08-02,2025-04-18,First Class,CUST-8819,Anne Baldwin,Home Office,South,Technology,Phones
CA-804215,2025-01-21,2025-04-10,First Class,CUST-2384,Brian Frazier,Corporate,East,Furniture,Furnishings
CA-120704,2025-03-26,2025-05-05,First Class,CUST-7179,Zachary Barrera,Corporate,South,Furniture,Chairs
CA-345380,2024-10-22,2025-04-17,Standard Class,CUST-8726,Christina Hamilton,Consumer,East,Technology,Computers
CA-500858,2023-07-23,2025-05-01,Second Class,CUST-3360,Douglas Carter,Corporate,West,Technology,Accessories
CA-494929,2023-10-06,2025-04-28,Same Day,CUST-2096,Anne Murray,Consumer,South,Technology,Copiers
CA-887937,2024-02-11,2025-05-07,Second Class,CUST-3226,Ralph Booker,Corporate,Central,Technology,Accessories
CA-841318,2024-07-13,2025-04-30,Standard Class,CUST-4603,Jennifer Mcintosh,Consumer,East,Furniture,Bookcases
CA-380953,2023-11-29,2025-04-21,Standard Class,CUST-6105,Michael Green,Home Office,Central,Technology,Phones
CA-495131,2023-10-09,2025-04-22,First Class,CUST-1383,Brittany Andrade,Home Office,South,Technology,Computers
CA-793274,2025-01-17,2025-05-08,Second Class,CUST-9566,Richard Carpenter,Consumer,Central,Technology,Machines
CA-673935,2023-10-23,2025-04-28,Standard Class,CUST-3996,Nicole Ramsey,Corporate,East,Technology,Machines
CA-984995,2023-08-19,2025-04-12,Standard Class,CUST-3275,Gregory Bailey,Consumer,West,Furniture,Furnishings
CA-185089,2025-01-07,2025-04-26,Standard Class,CUST-6324,Allison Guzman,Corporate,East,Furniture,Tables
CA-358865,2024-01-03,2025-05-01,Same Day,CUST-4967,Erin Perez,Consumer,South,Furniture,Bookcases
CA-866887,2024-05-23,2025-05-06,First Class,CUST-7532,Christina Montgomery,Consumer,West,Technology,Phones
CA-882258,2023-07-10,2025-04-11,Second Class,CUST-4572,Claire Holmes,Consumer,West,Furniture,Bookcases
CA-817775,2025-03-02,2025-04-17,Second Class,CUST-2981,Shawn Evans,Corporate,Central,Technology,Accessories
CA-359777,2023-09-09,2025-04-14,First Class,CUST-3697,Adam Coleman,Corporate,South,Office Supplies,Labels
CA-852926,2024-11-10,2025-04-26,First Class,CUST-2982,Cory Smith,Corporate,South,Technology,Phones
CA-989571,2023-12-03,2025-04-27,Same Day,CUST-7291,Thomas Roberts,Consumer,Central,Technology,Machines
CA-759952,2023-06-24,2025-04-09,Standard Class,CUST-4520,Roger Glenn,Corporate,South,Furniture,Tables
CA-148731,2024-08-30,2025-04-26,Standard Class,CUST-9845,Veronica Burke,Consumer,Central,Office Supplies,Labels
CA-198509,2023-08-07,2025-04-25,Second Class,CUST-9571,Jennifer Silva,Home Office,East,Furniture,Chairs
CA-883188,2024-09-09,2025-04-10,Second Class,CUST-4958,Tyler Dougherty,Consumer,East,Furniture,Tables
CA-889136,2024-01-29,2025-04-23,Second Class,CUST-8559,Christian Sherman,Consumer,East,Office Supplies,Labels
CA-441438,2025-02-12,2025-04-14,First Class,CUST-1264,Leslie Williams,Home Office,West,Office Supplies,Paper
CA-694692,2024-01-05,2025-04-14,Same Day,CUST-5641,Christopher Harrison,Home Office,East,Furniture,Bookcases
CA-526635,2023-12-09,2025-04-24,Standard Class,CUST-1044,Paul Burns,Consumer,Central,Office Supplies,Paper
CA-366139,2025-02-25,2025-04-15,First Class,CUST-3259,Joan Wilson,Home Office,South,Technology,Phones
CA-823574,2024-07-14,2025-04-16,First Class,CUST-9842,Adrian Sullivan,Home Office,East,Furniture,Tables
CA-892612,2025-01-06,2025-04-17,Same Day,CUST-7792,Mackenzie Edwards,Corporate,Central,Furniture,Bookcases
CA-722540,2024-03-05,2025-05-06,Second Class,CUST-9431,Lisa Harrison,Home Office,Central,Technology,Accessories
CA-410552,2025-03-21,2025-05-08,Second Class,CUST-5309,Gregory Osborne,Corporate,East,Technology,Machines
CA-826037,2024-01-15,2025-04-13,Second Class,CUST-1033,Christopher Mathis,Home Office,West,Technology,Phones
CA-938382,2023-11-27,2025-05-06,Standard Class,CUST-6436,Christina Lopez,Corporate,West,Office Supplies,Art
CA-800321,2024-07-16,2025-04-11,Same Day,CUST-2159,Matthew Hart,Corporate,South,Furniture,Bookcases
CA-741385,2024-06-14,2025-04-20,Second Class,CUST-5022,Joshua Pratt,Consumer,South,Furniture,Bookcases
CA-931439,2023-04-30,2025-05-06,Standard Class,CUST-6423,Christine Anderson,Consumer,West,Technology,Computers
CA-678317,2024-03-21,2025-04-23,First Class,CUST-3219,Daniel Wagner,Corporate,Central,Furniture,Chairs
CA-564706,2023-05-09,2025-04-15,First Class,CUST-2749,Sara Rios,Consumer,Central,Furniture,Chairs
CA-113500,2025-03-26,2025-04-27,Standard Class,CUST-5983,Brooke Le,Home Office,Central,Furniture,Tables
CA-284452,2023-05-03,2025-04-22,Same Day,CUST-2881,Gary Hampton,Consumer,West,Office Supplies,Storage
CA-986438,2025-04-02,2025-05-07,First Class,CUST-2648,Sonia Gonzalez,Consumer,South,Technology,Phones
CA-919042,2024-08-01,2025-05-05,First Class,CUST-9490,Patricia Reynolds,Corporate,South,Technology,Phones
CA-919095,2024-06-03,2025-05-05,Standard Class,CUST-8673,John Jenkins,Home Office,East,Technology,Copiers
CA-975265,2023-09-29,2025-05-08,Second Class,CUST-2929,Damon Cruz,Home Office,West,Technology,Copiers
CA-400879,2023-12-27,2025-04-14,Same Day,CUST-7632,Jill Jackson,Home Office,South,Technology,Phones
CA-869966,2023-11-17,2025-04-13,First Class,CUST-9921,Joshua Howe,Consumer,East,Office Supplies,Art
CA-118791,2023-05-15,2025-05-02,Second Class,CUST-1438,Rebecca Lee,Consumer,South,Technology,Accessories
CA-575130,2024-01-16,2025-05-01,Same Day,CUST-7041,Natalie Simmons,Corporate,West,Furniture,Chairs
CA-906810,2024-12-08,2025-05-02,First Class,CUST-1898,Timothy Wilkinson,Corporate,West,Furniture,Chairs
CA-155493,2023-11-09,2025-04-11,Standard Class,CUST-7997,Thomas Mitchell,Corporate,West,Office Supplies,Binders
CA-695995,2024-03-22,2025-05-05,Standard Class,CUST-1191,Shawn Little,Consumer,West,Technology,Copiers
CA-888928,2024-08-18,2025-04-21,Same Day,CUST-6809,David Meyer,Home Office,South,Furniture,Chairs
CA-430701,2023-07-04,2025-05-05,Second Class,CUST-7412,Tricia Ortega,Home Office,Central,Furniture,Tables
CA-392138,2025-03-10,2025-04-27,Standard Class,CUST-3637,Kimberly Ingram,Corporate,Central,Office Supplies,Paper
CA-104126,2024-10-16,2025-04-23,Second Class,CUST-2638,Denise Merritt,Corporate,West,Office Supplies,Labels
CA-965428,2023-10-10,2025-04-15,Same Day,CUST-8464,Micheal Calderon,Home Office,South,Technology,Phones
CA-730355,2024-12-26,2025-04-13,Same Day,CUST-8828,Linda Alexander,Consumer,South,Furniture,Chairs
CA-466051,2024-03-04,2025-04-11,Standard Class,CUST-2659,David Morgan,Home Office,West,Furniture,Furnishings
CA-675235,2024-07-24,2025-04-19,Second Class,CUST-4707,Michael Thomas,Corporate,West,Office Supplies,Binders
CA-208229,2024-03-29,2025-04-16,Second Class,CUST-7932,Michael Franco,Corporate,East,Technology,Machines
CA-820596,2023-09-22,2025-04-22,Same Day,CUST-3386,Brian Jones,Home Office,South,Technology,Machines
CA-411957,2024-08-13,2025-05-07,Same Day,CUST-6942,William Perez,Consumer,South,Technology,Accessories
CA-251657,2023-09-07,2025-04-22,Standard Class,CUST-8695,Stephanie Wood,Corporate,East,Furniture,Tables
CA-496998,2023-06-06,2025-04-30,Standard Class,CUST-6218,Lisa Carrillo,Home Office,Central,Furniture,Chairs
CA-516317,2023-05-25,2025-04-18,Same Day,CUST-4829,Angie Anderson,Home Office,Central,Office Supplies,Labels
CA-620804,2023-07-15,2025-05-01,Second Class,CUST-3246,Veronica Black,Consumer,West,Office Supplies,Binders
CA-283690,2023-07-26,2025-04-11,Same Day,CUST-2509,Jason Bailey,Home Office,Central,Technology,Machines
CA-668088,2023-08-04,2025-04-21,First Class,CUST-2421,Debra Levine DVM,Corporate,Central,Technology,Machines
CA-671038,2024-06-05,2025-04-13,First Class,CUST-5548,Kevin Perez,Corporate,South,Furniture,Furnishings
CA-206704,2024-03-10,2025-04-12,Same Day,CUST-3813,Holly Ramirez,Corporate,West,Furniture,Bookcases
CA-821131,2023-04-14,2025-05-03,First Class,CUST-4614,Desiree Stephenson,Corporate,South,Technology,Accessories
CA-182131,2023-11-13,2025-04-25,Second Class,CUST-1596,Mark Parker,Corporate,South,Furniture,Chairs
CA-262695,2025-01-20,2025-04-22,First Class,CUST-8652,Lawrence Harrison,Consumer,East,Technology,Copiers
CA-786077,2023-07-30,2025-04-13,Standard Class,CUST-3052,Linda Smith,Corporate,West,Furniture,Tables
CA-450452,2023-12-17,2025-04-26,Standard Class,CUST-6032,Lacey Bryan,Consumer,West,Technology,Accessories
CA-164719,2024-02-22,2025-05-08,Standard Class,CUST-7057,Kristina Green,Consumer,Central,Furniture,Bookcases
CA-945460,2024-05-29,2025-04-29,First Class,CUST-5536,Ian Gutierrez,Consumer,East,Furniture,Bookcases
CA-202718,2025-02-10,2025-04-23,Second Class,CUST-3911,April Edwards,Consumer,East,Office Supplies,Art
CA-288006,2024-01-16,2025-04-09,First Class,CUST-2042,Martin Williams,Consumer,West,Technology,Computers
CA-115880,2023-04-12,2025-04-23,Second Class,CUST-3153,Carrie Liu,Consumer,South,Office Supplies,Labels
CA-754655,2024-12-10,2025-04-30,Standard Class,CUST-7930,Jeffrey Case,Home Office,South,Furniture,Tables
CA-507046,2024-12-11,2025-04-29,Second Class,CUST-8686,Christopher Lucas,Home Office,West,Technology,Phones
CA-267391,2024-09-25,2025-04-13,First Class,CUST-3732,Melissa Kennedy,Home Office,Central,Technology,Computers
CA-779744,2023-08-27,2025-04-27,Standard Class,CUST-2540,Chad Edwards,Home Office,East,Office Supplies,Paper
CA-197757,2023-10-22,2025-04-18,Standard Class,CUST-1512,Steven Wright,Consumer,West,Technology,Computers
CA-375166,2025-02-20,2025-04-11,Standard Class,CUST-3342,Kimberly Henry,Consumer,Central,Technology,Machines
CA-102162,2023-10-13,2025-04-28,Standard Class,CUST-9447,Stephen Davis,Home Office,South,Technology,Computers
CA-237804,2024-01-06,2025-05-03,Second Class,CUST-6545,Andrea Fisher,Corporate,West,Technology,Accessories
CA-101445,2024-10-12,2025-04-28,Standard Class,CUST-3019,Ryan Soto,Home Office,East,Technology,Phones
CA-868617,2024-08-29,2025-05-06,Second Class,CUST-8463,Mary Morrison,Corporate,South,Furniture,Chairs
CA-953018,2024-02-21,2025-05-07,Standard Class,CUST-7316,Pamela Thomas,Consumer,West,Furniture,Chairs
CA-973064,2024-04-24,2025-04-21,Second Class,CUST-7038,Jerry Griffin,Corporate,South,Office Supplies,Art
CA-895542,2023-07-15,2025-04-30,Same Day,CUST-3144,Tammy Coleman,Corporate,Central,Furniture,Furnishings
CA-298807,2025-03-05,2025-04-13,Standard Class,CUST-4839,Tammy Clark,Consumer,South,Furniture,Tables
CA-920871,2024-04-27,2025-04-14,Same Day,CUST-4696,Kathryn Cole,Corporate,West,Office Supplies,Labels
CA-798225,2024-12-11,2025-04-24,Second Class,CUST-8255,Ernest Villarreal,Home Office,West,Furniture,Chairs
CA-122670,2023-09-20,2025-04-09,First Class,CUST-5733,Caitlin Miller,Consumer,Central,Office Supplies,Storage
CA-267183,2024-11-14,2025-04-15,First Class,CUST-4997,Tracy Smith,Home Office,East,Technology,Accessories
CA-735082,2023-10-15,2025-04-17,Standard Class,CUST-5838,Monique Gardner,Consumer,South,Technology,Copiers
CA-252258,2024-07-17,2025-05-01,Same Day,CUST-5632,Matthew Roberts,Corporate,South,Technology,Accessories
CA-197186,2025-01-28,2025-04-23,First Class,CUST-6375,Cory Ibarra,Consumer,West,Office Supplies,Labels
CA-651940,2025-01-31,2025-04-14,Second Class,CUST-8584,Richard Neal,Home Office,West,Furniture,Chairs
CA-979216,2024-01-25,2025-04-23,Same Day,CUST-8074,Carlos Roy,Home Office,West,Technology,Accessories
CA-568059,2025-03-03,2025-04-30,Same Day,CUST-6762,Allen Morrow,Home Office,West,Furniture,Bookcases
CA-901768,2023-07-24,2025-04-29,Second Class,CUST-4306,Michael Mitchell,Consumer,East,Office Supplies,Art
CA-471130,2024-07-29,2025-05-04,Second Class,CUST-4258,Terry Rice,Corporate,East,Furniture,Bookcases
CA-848229,2023-05-12,2025-05-04,First Class,CUST-3266,Sharon Burns DVM,Corporate,West,Furniture,Chairs
CA-412657,2023-10-15,2025-05-05,First Class,CUST-9720,Jillian Wilson,Consumer,West,Furniture,Tables
CA-386482,2024-01-15,2025-04-11,Same Day,CUST-7104,Sherry Gutierrez,Corporate,South,Furniture,Chairs
CA-703817,2024-04-24,2025-04-16,Second Class,CUST-4135,Samantha Bridges,Consumer,West,Technology,Machines
CA-359824,2024-12-17,2025-04-10,Standard Class,CUST-4223,Mary Walsh,Home Office,Central,Office Supplies,Labels
CA-538441,2024-05-31,2025-04-29,Second Class,CUST-9890,Anna Welch,Corporate,East,Technology,Accessories
CA-709469,2024-10-10,2025-04-29,First Class,CUST-9416,Sierra Knox,Corporate,East,Furniture,Bookcases
CA-735310,2024-04-13,2025-04-15,First Class,CUST-2430,Jessica Chen,Home Office,East,Technology,Copiers
CA-479459,2024-10-12,2025-04-18,Same Day,CUST-6336,Anthony Allison,Consumer,East,Furniture,Tables
CA-316818,2023-09-15,2025-04-28,Standard Class,CUST-1502,Alexis Gillespie,Home Office,South,Technology,Accessories
CA-992275,2025-02-15,2025-04-10,Second Class,CUST-2624,Teresa Garcia,Home Office,Central,Office Supplies,Storage
CA-121971,2023-05-06,2025-05-02,Same Day,CUST-6121,Peggy Jones,Corporate,West,Office Supplies,Paper
CA-785827,2023-10-06,2025-04-11,First Class,CUST-2785,Tara Rodriguez,Consumer,South,Technology,Phones
CA-561489,2024-08-30,2025-04-26,Standard Class,CUST-3169,Kelly Rubio,Consumer,West,Furniture,Chairs
CA-950673,2023-10-14,2025-04-25,Standard Class,CUST-1472,Danielle Bowman,Consumer,West,Office Supplies,Art
CA-678701,2024-11-21,2025-04-09,Standard Class,CUST-6823,Ms. Brooke Church PhD,Home Office,East,Furniture,Tables
CA-320877,2023-09-21,2025-04-24,Standard Class,CUST-7059,Jim Chen,Corporate,East,Furniture,Tables
CA-563271,2023-09-17,2025-05-02,First Class,CUST-4960,Sarah Taylor,Consumer,South,Office Supplies,Binders
CA-183384,2024-05-02,2025-04-19,First Class,CUST-7462,Veronica Perry,Home Office,West,Office Supplies,Storage
CA-789299,2023-05-08,2025-04-11,Second Class,CUST-6213,Joseph Weaver,Consumer,Central,Furniture,Furnishings
CA-985914,2024-12-12,2025-05-02,Same Day,CUST-3871,Erin Ferrell,Consumer,East,Technology,Phones
CA-606620,2024-06-02,2025-04-09,Same Day,CUST-5483,Miss Brandy Ruiz,Home Office,South,Office Supplies,Labels
CA-488651,2025-04-04,2025-04-12,First Class,CUST-7638,Alan Harris,Corporate,South,Technology,Computers
CA-397868,2024-06-04,2025-04-10,First Class,CUST-3199,Charles White,Corporate,East,Office Supplies,Storage
CA-532304,2025-04-04,2025-05-07,Second Class,CUST-7221,Jennifer Rogers,Corporate,West,Office Supplies,Binders
CA-118490,2025-02-04,2025-04-10,Same Day,CUST-7411,John Flowers,Corporate,West,Technology,Machines
CA-314188,2024-01-10,2025-04-15,Second Class,CUST-4160,Angela Pierce,Consumer,West,Technology,Machines
CA-335057,2024-02-03,2025-04-15,Standard Class,CUST-7362,Jack Williams,Corporate,West,Office Supplies,Paper
CA-530332,2024-10-07,2025-04-09,Same Day,CUST-4352,Tamara Smith,Home Office,South,Furniture,Furnishings
CA-756852,2024-11-17,2025-04-11,Standard Class,CUST-6769,Andrew Wiggins,Consumer,East,Furniture,Tables
CA-411851,2025-03-26,2025-04-10,Same Day,CUST-7039,Christopher Murray,Corporate,West,Technology,Computers
CA-778802,2023-04-28,2025-04-11,Second Class,CUST-1830,Laurie Sosa,Consumer,West,Office Supplies,Paper
CA-201179,2023-12-08,2025-05-05,Same Day,CUST-3334,Stephen Luna,Home Office,West,Technology,Accessories
CA-318325,2023-10-30,2025-04-19,Second Class,CUST-8502,Dawn Torres,Consumer,South,Technology,Copiers
CA-489602,2024-01-07,2025-05-02,First Class,CUST-8105,Mr. Ryan Young MD,Consumer,East,Furniture,Bookcases
CA-500734,2023-11-07,2025-04-13,First Class,CUST-5805,Stephen Martin,Consumer,Central,Office Supplies,Art
CA-472448,2024-09-08,2025-04-16,Standard Class,CUST-4864,James Murphy,Home Office,West,Office Supplies,Binders
CA-529133,2023-09-03,2025-04-26,Second Class,CUST-1387,Tina Perry,Home Office,West,Technology,Copiers
CA-796986,2024-09-29,2025-05-05,Standard Class,CUST-1131,Scott Bennett,Consumer,East,Furniture,Chairs
CA-859029,2024-04-21,2025-04-23,Same Day,CUST-3050,Andrew Cook,Home Office,South,Furniture,Tables
CA-937967,2023-12-11,2025-04-19,Second Class,CUST-9184,Daniel Miller,Consumer,West,Technology,Copiers
CA-953587,2023-12-30,2025-04-25,Standard Class,CUST-2900,Sherry Powell,Corporate,South,Furniture,Furnishings
CA-969571,2023-12-09,2025-04-21,Same Day,CUST-4535,Michael Jones,Corporate,Central,Technology,Computers
CA-772816,2023-11-12,2025-04-11,Standard Class,CUST-8192,Craig Miller,Home Office,East,Office Supplies,Storage
CA-984013,2023-05-03,2025-05-05,Second Class,CUST-4837,Thomas Campbell,Consumer,South,Furniture,Furnishings
CA-349503,2024-01-13,2025-04-17,Second Class,CUST-4550,Nicholas Cruz,Consumer,South,Technology,Copiers
CA-642292,2024-12-22,2025-04-23,Same Day,CUST-4135,Mark Bennett,Home Office,East,Technology,Phones
CA-832015,2024-04-25,2025-04-28,First Class,CUST-1456,Jonathan Campbell,Home Office,West,Furniture,Tables
CA-648735,2023-10-15,2025-04-28,Standard Class,CUST-9897,Michelle Huff,Home Office,South,Office Supplies,Storage
CA-302955,2024-09-05,2025-04-22,First Class,CUST-5020,Jesse Flynn,Corporate,East,Office Supplies,Paper
CA-953765,2023-10-10,2025-04-27,First Class,CUST-4266,Edward Patterson,Home Office,Central,Technology,Computers
CA-255465,2024-06-02,2025-04-29,Standard Class,CUST-8330,Jerry Baldwin,Home Office,West,Furniture,Chairs
CA-550080,2024-04-21,2025-05-01,Standard Class,CUST-3690,Bethany Rosario,Consumer,West,Furniture,Bookcases
CA-193633,2024-02-03,2025-04-18,Second Class,CUST-5221,Kevin Morgan,Consumer,East,Furniture,Bookcases
CA-549186,2025-01-17,2025-04-29,Same Day,CUST-1175,Monica Francis,Corporate,East,Furniture,Chairs
CA-533958,2023-09-08,2025-04-22,First Class,CUST-4974,Francisco Lawson,Consumer,South,Furniture,Bookcases
CA-561228,2024-11-16,2025-04-17,Same Day,CUST-4866,Sarah Schneider,Home Office,West,Office Supplies,Paper
CA-561093,2023-10-01,2025-04-14,Second Class,CUST-6144,Thomas Stewart,Consumer,Central,Office Supplies,Storage
CA-285271,2023-10-24,2025-04-14,Second Class,CUST-2754,Tony Martin,Corporate,West,Office Supplies,Storage
CA-729660,2025-01-15,2025-04-18,Standard Class,CUST-4791,Nathan Barrera,Corporate,West,Technology,Phones
CA-832549,2025-02-03,2025-05-01,First Class,CUST-4892,Jermaine Floyd,Consumer,Central,Technology,Machines
CA-980838,2024-04-17,2025-04-30,Standard Class,CUST-8208,Nicole Blake,Consumer,West,Technology,Machines
CA-254816,2023-12-16,2025-04-26,Standard Class,CUST-5115,Sonya Allen,Corporate,Central,Office Supplies,Labels
CA-391397,2024-12-10,2025-05-06,Standard Class,CUST-2284,Maria Adams,Corporate,South,Office Supplies,Binders
CA-575234,2023-04-26,2025-04-15,Same Day,CUST-9831,Frank Singh,Corporate,South,Furniture,Tables
CA-751427,2024-11-24,2025-04-11,Second Class,CUST-2622,Jon Hall,Corporate,West,Furniture,Tables
CA-589366,2023-07-14,2025-05-05,Same Day,CUST-8016,Kimberly Butler,Consumer,West,Technology,Machines
CA-378576,2024-11-27,2025-04-15,Standard Class,CUST-8576,John Blevins,Home Office,West,Furniture,Chairs
CA-740383,2023-08-08,2025-04-19,First Class,CUST-8010,Heidi Lopez,Consumer,East,Office Supplies,Binders
CA-161453,2024-06-26,2025-04-12,Second Class,CUST-3072,James Mason,Consumer,Central,Furniture,Furnishings
CA-557169,2024-04-17,2025-04-17,Second Class,CUST-5492,Jennifer Watson,Consumer,West,Furniture,Tables
CA-776371,2025-01-25,2025-04-13,First Class,CUST-8437,Amy Johnson,Corporate,West,Furniture,Furnishings
CA-964848,2024-12-18,2025-04-15,Second Class,CUST-4577,Michael Garrett,Consumer,Central,Office Supplies,Paper
CA-149776,2024-05-25,2025-04-29,Same Day,CUST-6056,Becky Finley,Corporate,South,Furniture,Chairs
CA-757399,2025-02-13,2025-05-04,Second Class,CUST-4712,Brian Richardson,Corporate,South,Office Supplies,Storage
CA-202954,2024-11-09,2025-04-23,Same Day,CUST-4188,Alyssa Willis,Consumer,East,Technology,Machines
CA-290204,2024-10-11,2025-05-01,Same Day,CUST-2110,Sarah Hanna,Corporate,Central,Technology,Computers
CA-546631,2023-10-11,2025-05-06,Second Class,CUST-3256,Terry Taylor,Consumer,West,Office Supplies,Binders
CA-986212,2024-09-18,2025-04-15,Standard Class,CUST-2900,James Cohen,Consumer,West,Furniture,Chairs
CA-162328,2024-10-27,2025-05-01,Second Class,CUST-1378,Ronald Austin,Corporate,South,Office Supplies,Binders
CA-964261,2024-02-15,2025-04-27,Second Class,CUST-1462,Jasmine Zhang,Corporate,West,Furniture,Tables
CA-549917,2024-12-03,2025-04-22,First Class,CUST-4435,Kayla Rivera,Corporate,West,Office Supplies,Binders
CA-484384,2025-03-01,2025-04-23,First Class,CUST-8353,George Perez,Corporate,South,Furniture,Bookcases
CA-195207,2024-03-22,2025-04-24,Same Day,CUST-3510,Denise Green MD,Home Office,East,Office Supplies,Labels
CA-166748,2023-12-18,2025-04-30,Second Class,CUST-2978,Eric Alexander,Home Office,East,Office Supplies,Labels
CA-802014,2023-07-14,2025-05-06,Second Class,CUST-3943,Matthew Moore,Home Office,West,Office Supplies,Storage
CA-173816,2023-08-29,2025-04-24,Standard Class,CUST-9319,Katherine Harris,Consumer,East,Technology,Machines
CA-300174,2024-04-20,2025-05-01,Standard Class,CUST-6282,Keith Moore,Consumer,Central,Technology,Computers
CA-166926,2025-03-04,2025-05-01,Second Class,CUST-5942,Raymond Lee,Consumer,Central,Furniture,Bookcases
CA-116258,2023-11-07,2025-05-02,Same Day,CUST-4710,Kyle Morris,Consumer,West,Technology,Copiers
CA-973010,2024-10-17,2025-04-29,First Class,CUST-5466,Connie Wilson,Consumer,South,Office Supplies,Storage
CA-105749,2024-10-07,2025-04-25,First Class,CUST-4926,Pamela Mercado,Home Office,South,Office Supplies,Storage
CA-186803,2023-11-03,2025-04-25,Second Class,CUST-9778,Victor Clements,Consumer,Central,Technology,Copiers
CA-607420,2024-07-29,2025-04-28,First Class,CUST-3478,Jeffrey Lawson,Consumer,East,Technology,Accessories
CA-443387,2023-08-29,2025-04-14,Standard Class,CUST-4996,Ashlee Anderson,Corporate,South,Technology,Phones
CA-194954,2024-07-21,2025-04-15,First Class,CUST-1466,Andrew Lee,Home Office,Central,Technology,Machines
CA-461538,2023-05-05,2025-05-02,Second Class,CUST-5181,Douglas Russo,Consumer,South,Furniture,Chairs
CA-278455,2024-01-03,2025-04-28,Standard Class,CUST-9652,James Thompson,Home Office,Central,Technology,Phones
CA-605283,2024-10-19,2025-04-10,Second Class,CUST-8669,Victoria Shelton MD,Corporate,West,Office Supplies,Binders
CA-777012,2023-06-09,2025-05-02,Standard Class,CUST-3700,Wendy Hester,Consumer,West,Furniture,Tables
CA-214668,2024-02-08,2025-05-02,Standard Class,CUST-5867,Diane Harris,Consumer,East,Office Supplies,Binders
CA-728591,2023-09-18,2025-04-26,Same Day,CUST-9643,Jessica Marshall,Corporate,West,Technology,Copiers
CA-910128,2024-12-17,2025-04-26,Second Class,CUST-6421,Troy Page,Corporate,East,Technology,Accessories
CA-173665,2023-10-06,2025-04-26,First Class,CUST-8169,Brad Brown,Consumer,West,Technology,Machines
CA-211826,2023-04-24,2025-04-22,Standard Class,CUST-1431,Anthony Marquez,Home Office,Central,Furniture,Tables
CA-476914,2024-09-08,2025-04-09,Same Day,CUST-3569,Jessica Owens,Consumer,Central,Furniture,Furnishings
CA-894924,2024-08-20,2025-04-27,Same Day,CUST-8919,Gregory Jones,Home Office,East,Furniture,Furnishings
CA-631550,2024-03-15,2025-04-18,Standard Class,CUST-2460,Dr. Dawn Hampton,Consumer,South,Furniture,Furnishings
CA-909165,2023-09-26,2025-05-01,Standard Class,CUST-4868,Bill Soto,Home Office,East,Office Supplies,Art
CA-865458,2024-08-18,2025-05-05,Same Day,CUST-5747,Andrew Hernandez DVM,Home Office,Central,Furniture,Tables
CA-408737,2023-08-08,2025-04-25,Standard Class,CUST-9127,Kevin Young,Home Office,South,Office Supplies,Binders
CA-285667,2024-08-31,2025-04-22,First Class,CUST-5612,Joshua Stevens,Home Office,East,Office Supplies,Binders
CA-386713,2024-07-19,2025-04-10,Standard Class,CUST-4374,Eric Fields,Consumer,South,Office Supplies,Binders
CA-702407,2023-05-10,2025-04-15,Second Class,CUST-2873,Mrs. Kathryn Harvey PhD,Corporate,East,Office Supplies,Binders
CA-150354,2024-04-09,2025-05-07,Same Day,CUST-5884,Sally Marshall,Corporate,West,Technology,Copiers
CA-396942,2024-10-12,2025-04-27,Same Day,CUST-4351,Shannon Nelson,Consumer,West,Office Supplies,Labels
CA-642605,2025-02-24,2025-04-09,First Class,CUST-6365,Richard Cole,Consumer,Central,Office Supplies,Labels
CA-717855,2023-08-05,2025-04-27,First Class,CUST-6716,James Crawford,Home Office,South,Office Supplies,Paper
CA-904061,2024-04-06,2025-05-01,Second Class,CUST-5897,Eric Wise,Corporate,East,Technology,Accessories
CA-394328,2024-05-18,2025-05-06,Standard Class,CUST-5721,Derek Maldonado,Home Office,South,Technology,Machines
CA-512418,2023-08-26,2025-05-06,Standard Class,CUST-9773,Allison Nguyen,Consumer,Central,Furniture,Tables
CA-818945,2023-12-30,2025-05-05,First Class,CUST-3206,Melanie Hawkins,Corporate,Central,Furniture,Chairs
CA-250574,2024-06-23,2025-05-05,Standard Class,CUST-9779,Tyler Pierce,Consumer,Central,Office Supplies,Binders
CA-793297,2025-02-12,2025-04-25,Same Day,CUST-1123,Emily Ware,Home Office,West,Office Supplies,Binders
CA-823109,2023-11-14,2025-04-15,Standard Class,CUST-9762,Michael Carter,Home Office,Central,Office Supplies,Labels
CA-906267,2023-12-03,2025-04-30,Standard Class,CUST-6611,Jack Hull,Corporate,West,Technology,Machines
CA-397692,2023-05-14,2025-04-30,Second Class,CUST-2075,Linda Flores,Consumer,Central,Furniture,Furnishings
CA-812975,2023-07-25,2025-04-29,Second Class,CUST-5294,Leslie Hanson,Consumer,East,Technology,Phones
CA-279323,2024-10-26,2025-04-23,Standard Class,CUST-2319,James Sullivan,Corporate,Central,Technology,Copiers
CA-109017,2025-03-20,2025-05-01,Same Day,CUST-1145,Patricia Reynolds,Consumer,South,Furniture,Chairs
CA-859773,2023-08-01,2025-05-05,Same Day,CUST-4907,Alicia Lewis,Consumer,East,Technology,Phones
CA-957650,2024-07-15,2025-05-01,Standard Class,CUST-5853,Carrie Gardner,Corporate,Central,Technology,Copiers
CA-107932,2024-08-20,2025-04-17,Standard Class,CUST-7819,Autumn Lopez,Corporate,West,Technology,Accessories
CA-708555,2023-05-08,2025-04-23,First Class,CUST-2497,Ralph Sampson,Home Office,Central,Technology,Accessories
CA-820398,2023-07-02,2025-04-27,Same Day,CUST-1621,James Lee,Home Office,Central,Technology,Machines
CA-960748,2024-07-21,2025-04-11,Standard Class,CUST-7096,Stephanie Wilson,Consumer,West,Furniture,Chairs
CA-832641,2024-02-04,2025-04-28,Standard Class,CUST-5777,Alexis Allen,Consumer,South,Office Supplies,Paper
CA-817934,2024-05-05,2025-05-04,Second Class,CUST-3609,Kimberly Allen,Home Office,Central,Furniture,Furnishings
CA-242329,2023-07-07,2025-04-19,First Class,CUST-2917,Kyle Summers,Consumer,East,Furniture,Bookcases
CA-513414,2023-08-28,2025-04-30,Same Day,CUST-8098,Jennifer Mills,Consumer,Central,Technology,Computers
CA-374508,2024-04-16,2025-04-21,Standard Class,CUST-8109,Cynthia King,Consumer,Central,Furniture,Bookcases
CA-200537,2024-01-16,2025-04-25,Second Class,CUST-9600,John Smith,Corporate,West,Technology,Accessories
CA-787641,2024-12-19,2025-05-08,Same Day,CUST-1999,Chad Taylor,Consumer,East,Technology,Accessories
CA-846257,2024-09-27,2025-04-22,Same Day,CUST-6008,David Hernandez,Home Office,East,Furniture,Tables
CA-187575,2024-04-23,2025-04-15,Second Class,CUST-9629,Micheal Rodriguez,Corporate,West,Furniture,Furnishings
CA-341338,2025-03-18,2025-05-07,Second Class,CUST-5823,Robert Moore,Consumer,East,Furniture,Tables
CA-771442,2023-08-20,2025-04-27,First Class,CUST-7994,Dr. Cynthia Richard DDS,Home Office,East,Office Supplies,Labels
CA-499612,2023-10-26,2025-04-26,Same Day,CUST-5660,Kevin Reyes,Corporate,West,Technology,Phones
CA-345895,2023-10-06,2025-05-06,Standard Class,CUST-4305,Kelly Munoz,Consumer,East,Furniture,Furnishings
CA-755232,2025-03-12,2025-04-14,First Class,CUST-6384,Melissa Mendez,Corporate,South,Furniture,Tables
CA-285698,2025-01-28,2025-04-26,Same Day,CUST-6364,Tina Pugh,Consumer,West,Furniture,Tables
CA-411435,2025-03-13,2025-04-17,Same Day,CUST-1114,Kevin Adams,Consumer,East,Technology,Phones
CA-709320,2024-02-27,2025-04-23,Same Day,CUST-5193,Sydney King,Consumer,East,Furniture,Chairs
CA-336836,2024-06-10,2025-04-20,Second Class,CUST-4798,Sarah Nunez,Consumer,South,Technology,Computers
CA-302253,2025-03-02,2025-05-04,First Class,CUST-5045,Ashley Mullen,Consumer,West,Furniture,Furnishings
CA-504333,2024-06-22,2025-04-18,Same Day,CUST-8629,Linda Kennedy,Home Office,Central,Office Supplies,Storage
CA-822933,2024-03-20,2025-04-27,Standard Class,CUST-5543,Phillip Howard,Home Office,South,Furniture,Chairs
CA-471042,2025-01-03,2025-05-06,Standard Class,CUST-2410,Rebecca Lewis,Consumer,West,Furniture,Chairs
CA-461756,2024-02-09,2025-04-10,Standard Class,CUST-8529,Lori Ferrell,Corporate,East,Office Supplies,Binders
CA-852151,2025-01-08,2025-04-19,Standard Class,CUST-1633,John Barber,Home Office,South,Technology,Accessories
CA-131738,2023-07-03,2025-04-28,First Class,CUST-6834,Robert Black,Home Office,West,Furniture,Chairs
CA-451582,2023-08-02,2025-04-12,Second Class,CUST-6251,Steven Barnes,Consumer,South,Furniture,Furnishings
CA-382625,2025-02-13,2025-05-08,Standard Class,CUST-7033,Leslie Garcia,Corporate,West,Office Supplies,Binders
CA-660738,2024-11-19,2025-04-28,Standard Class,CUST-4908,Melissa Torres,Home Office,South,Office Supplies,Storage
CA-250482,2023-10-28,2025-04-09,Second Class,CUST-4317,Mary Lopez,Home Office,South,Furniture,Tables
CA-936589,2023-11-18,2025-04-18,Same Day,CUST-6368,Regina Fernandez,Corporate,South,Office Supplies,Art
CA-644017,2024-06-08,2025-05-04,Second Class,CUST-3143,Kevin Reyes,Corporate,East,Technology,Accessories
CA-772869,2025-03-31,2025-05-03,Same Day,CUST-9042,Michael Walker,Corporate,East,Technology,Computers
CA-132275,2025-01-22,2025-04-14,First Class,CUST-4643,Eric Levy,Consumer,West,Furniture,Bookcases
CA-457283,2025-02-10,2025-05-03,First Class,CUST-6629,Christopher Wilcox,Consumer,West,Office Supplies,Binders
CA-104925,2024-10-24,2025-05-03,Same Day,CUST-4470,Shaun Oconnor PhD,Home Office,West,Technology,Phones
CA-392222,2024-05-01,2025-04-24,Same Day,CUST-5565,Valerie Martinez,Consumer,East,Technology,Copiers
CA-906384,2023-08-29,2025-04-21,Same Day,CUST-9691,Ricardo Davis,Corporate,East,Technology,Computers
CA-186683,2024-02-24,2025-04-23,Standard Class,CUST-4169,Donna Adams,Consumer,East,Office Supplies,Storage
CA-176704,2023-04-18,2025-04-11,Second Class,CUST-2603,Angela Walton,Home Office,Central,Office Supplies,Art
CA-980774,2023-06-23,2025-04-10,Same Day,CUST-3280,Mariah Martinez,Consumer,West,Furniture,Tables
CA-805653,2023-08-09,2025-04-09,First Class,CUST-8558,Gary Valentine,Home Office,South,Furniture,Bookcases
CA-220665,2024-10-05,2025-05-08,First Class,CUST-1992,Amy Espinoza,Corporate,Central,Furniture,Furnishings
CA-736064,2023-11-24,2025-04-10,Standard Class,CUST-4708,James Krause,Home Office,East,Furniture,Tables
CA-654592,2024-08-25,2025-05-04,First Class,CUST-1320,Joseph Roman,Consumer,South,Furniture,Furnishings
CA-485523,2024-08-07,2025-05-08,Second Class,CUST-8015,Sherry Melendez,Home Office,South,Furniture,Tables
CA-675822,2024-07-25,2025-04-24,Standard Class,CUST-6890,Erica Ford,Home Office,West,Technology,Phones
CA-470310,2023-07-04,2025-04-16,Second Class,CUST-8283,James Caldwell,Corporate,East,Office Supplies,Art
CA-714784,2023-12-15,2025-05-05,First Class,CUST-5108,Hannah Flores,Consumer,West,Office Supplies,Art
CA-659594,2023-10-14,2025-04-26,Standard Class,CUST-8780,Donald Anthony,Consumer,West,Furniture,Chairs
CA-969526,2023-12-15,2025-04-25,Same Day,CUST-1126,Carla Hartman,Corporate,Central,Technology,Phones
CA-450525,2023-06-16,2025-04-17,Standard Class,CUST-6055,Victor Delacruz,Corporate,Central,Technology,Phones
CA-648989,2024-08-19,2025-04-18,Second Class,CUST-1724,Summer Parks,Corporate,West,Office Supplies,Labels
CA-576139,2024-06-06,2025-04-17,Standard Class,CUST-3876,Mitchell Morrison,Home Office,Central,Technology,Accessories
CA-487299,2024-01-02,2025-04-25,Second Class,CUST-6839,Laura Pearson,Corporate,South,Office Supplies,Labels
CA-271331,2023-08-15,2025-04-10,Standard Class,CUST-2883,Guy Griffin,Consumer,South,Furniture,Tables
CA-266577,2025-02-08,2025-04-10,Standard Class,CUST-8500,Dr. Gary Newton DDS,Home Office,South,Technology,Machines
CA-462762,2023-06-04,2025-05-03,Same Day,CUST-6650,Mary Golden,Home Office,Central,Furniture,Tables
CA-316908,2024-10-01,2025-04-18,Same Day,CUST-9738,Michael Simmons,Home Office,Central,Technology,Copiers
CA-167212,2024-06-05,2025-05-02,Standard Class,CUST-5054,Brittany Brown,Home Office,East,Furniture,Bookcases
CA-277465,2024-12-26,2025-04-21,Same Day,CUST-5046,Pamela Howell,Home Office,East,Technology,Copiers
CA-970358,2023-11-05,2025-04-29,Second Class,CUST-5962,Debra Wagner,Corporate,East,Technology,Copiers
CA-659656,2025-02-13,2025-04-17,First Class,CUST-2637,Robin Mays,Home Office,West,Office Supplies,Storage
CA-729418,2025-03-26,2025-04-22,Second Class,CUST-2950,John Alexander,Home Office,West,Technology,Machines
CA-518112,2024-02-13,2025-04-13,Second Class,CUST-2405,Jenna Robinson,Corporate,South,Office Supplies,Storage
CA-290363,2025-01-04,2025-04-12,Standard Class,CUST-4506,John Harris,Home Office,West,Furniture,Chairs
CA-181066,2025-03-08,2025-04-12,Second Class,CUST-7049,Breanna Hamilton,Corporate,West,Office Supplies,Binders
CA-592208,2025-02-10,2025-04-29,Standard Class,CUST-2631,Zachary Chambers,Consumer,South,Office Supplies,Paper
CA-452364,2023-07-06,2025-04-10,Second Class,CUST-8467,Michael Nelson,Home Office,East,Office Supplies,Art
CA-373154,2023-12-09,2025-05-05,Second Class,CUST-7849,Katie Moore,Home Office,South,Furniture,Furnishings
CA-723792,2024-06-16,2025-04-13,Second Class,CUST-5018,Alexander Dean,Corporate,East,Technology,Computers
CA-379859,2024-09-10,2025-04-24,Standard Class,CUST-9661,Shelley Wright,Consumer,West,Furniture,Chairs
CA-959864,2024-01-13,2025-04-25,Standard Class,CUST-3667,Nicole Torres,Consumer,West,Technology,Phones
CA-591026,2024-04-02,2025-05-05,Standard Class,CUST-7272,Paul Smith,Consumer,South,Technology,Machines
CA-807326,2024-06-23,2025-05-05,Standard Class,CUST-1187,Ruth Bishop,Corporate,West,Office Supplies,Labels
CA-943000,2024-01-20,2025-05-08,Standard Class,CUST-7887,Matthew Goodwin,Corporate,South,Furniture,Furnishings
CA-737531,2023-06-21,2025-05-08,Second Class,CUST-6634,Rachel Hunt,Corporate,East,Office Supplies,Labels
CA-172480,2024-11-11,2025-04-17,Standard Class,CUST-6367,Sheryl Johnson,Home Office,West,Technology,Phones
CA-412797,2023-10-02,2025-05-02,Same Day,CUST-5088,Kaitlyn Martinez,Consumer,South,Furniture,Tables
CA-886034,2024-02-22,2025-04-11,First Class,CUST-3564,Joy Hernandez,Consumer,South,Office Supplies,Binders
CA-221295,2024-12-10,2025-04-30,Second Class,CUST-7943,Tony James,Corporate,East,Office Supplies,Paper
CA-868410,2023-09-15,2025-04-23,First Class,CUST-6677,Tamara Fuller,Corporate,South,Technology,Machines
CA-771336,2023-08-08,2025-04-10,First Class,CUST-2567,Joann Bauer,Consumer,East,Furniture,Bookcases
CA-625729,2025-04-03,2025-04-27,First Class,CUST-5113,John Chavez,Corporate,Central,Office Supplies,Binders
CA-262789,2023-07-10,2025-04-28,Same Day,CUST-6664,Joseph Hudson,Home Office,East,Office Supplies,Labels
CA-355916,2023-08-04,2025-05-01,Standard Class,CUST-6454,Donna Clark,Consumer,West,Technology,Machines
CA-271455,2024-02-28,2025-05-06,First Class,CUST-2539,Leslie Berry,Home Office,West,Office Supplies,Paper
CA-222283,2024-05-04,2025-04-13,Same Day,CUST-4381,Chloe Ruiz,Consumer,South,Technology,Accessories
CA-947558,2024-08-14,2025-04-17,Same Day,CUST-5811,Samantha Harvey,Corporate,West,Furniture,Furnishings
CA-296374,2024-08-18,2025-04-12,First Class,CUST-8165,Samantha Lewis,Corporate,Central,Office Supplies,Binders
CA-806143,2024-10-26,2025-05-03,First Class,CUST-6151,Candace Stephens,Corporate,South,Office Supplies,Storage
CA-349601,2024-01-09,2025-05-03,Standard Class,CUST-6007,Patrick Brown,Home Office,South,Office Supplies,Labels
CA-144461,2023-07-22,2025-04-20,First Class,CUST-1262,Joe Carpenter,Consumer,South,Office Supplies,Art
CA-329890,2023-11-07,2025-04-14,First Class,CUST-3485,Derrick Smith,Home Office,West,Furniture,Bookcases
CA-700205,2024-10-10,2025-04-24,Same Day,CUST-3295,Victoria Hensley,Home Office,South,Technology,Accessories
CA-765123,2024-11-16,2025-05-05,Same Day,CUST-5919,Carl Collins,Home Office,East,Technology,Machines
CA-776394,2024-06-10,2025-04-13,Same Day,CUST-1259,Stephanie Fischer,Consumer,South,Office Supplies,Labels
CA-276047,2024-10-12,2025-04-28,Same Day,CUST-5254,Scott Rivera,Corporate,West,Office Supplies,Art
CA-614235,2024-02-21,2025-04-28,Second Class,CUST-5140,Christopher Griffith,Corporate,West,Technology,Machines
CA-858799,2024-06-10,2025-04-09,First Class,CUST-3983,Sarah Matthews,Consumer,East,Furniture,Chairs
CA-909108,2023-06-04,2025-04-18,Standard Class,CUST-1168,Joshua Jackson,Home Office,Central,Technology,Computers
CA-118302,2023-08-06,2025-05-08,Same Day,CUST-1029,Richard Jenkins,Home Office,East,Office Supplies,Binders
CA-615040,2024-05-19,2025-04-16,Standard Class,CUST-7309,Alyssa Hernandez,Corporate,East,Furniture,Chairs
CA-346954,2024-11-12,2025-04-17,Second Class,CUST-3533,Edward Taylor,Home Office,Central,Furniture,Chairs
CA-696293,2023-11-10,2025-04-24,Second Class,CUST-7445,Dennis Mercer,Consumer,South,Furniture,Tables
CA-411778,2023-11-29,2025-04-22,Same Day,CUST-8802,Rebecca Castro,Home Office,South,Furniture,Bookcases
CA-101836,2025-02-09,2025-04-24,Same Day,CUST-2768,Marcus King,Consumer,South,Office Supplies,Labels
CA-919210,2024-09-18,2025-04-10,Second Class,CUST-1556,Lisa Ward,Home Office,Central,Furniture,Chairs
CA-189198,2024-02-25,2025-04-11,Same Day,CUST-5892,Tiffany Douglas,Consumer,West,Office Supplies,Storage
CA-445380,2024-03-21,2025-05-08,Second Class,CUST-3457,Tammy Alvarado,Consumer,West,Technology,Computers
CA-668695,2024-11-08,2025-05-03,Standard Class,CUST-8204,Jordan Perry,Consumer,South,Office Supplies,Storage
CA-578065,2024-10-22,2025-04-17,Standard Class,CUST-4787,Ray Roy,Corporate,East,Technology,Accessories
CA-207103,2024-02-24,2025-05-07,Standard Class,CUST-4212,Amy Cabrera DDS,Home Office,Central,Furniture,Furnishings
CA-757246,2023-11-19,2025-04-18,Standard Class,CUST-9790,Joe Gonzalez,Corporate,Central,Office Supplies,Binders
CA-512200,2024-10-09,2025-05-08,First Class,CUST-3082,Katrina Myers,Consumer,Central,Technology,Copiers
CA-583903,2024-04-26,2025-04-26,Same Day,CUST-7829,Kyle Fernandez,Consumer,Central,Furniture,Chairs
CA-456857,2024-08-07,2025-04-25,Standard Class,CUST-5242,Charles Medina,Home Office,South,Office Supplies,Labels
CA-785246,2023-05-16,2025-04-15,First Class,CUST-9774,Christina Cunningham,Home Office,East,Furniture,Tables
CA-211358,2023-12-03,2025-04-09,Same Day,CUST-1910,Jennifer Martinez,Home Office,East,Office Supplies,Binders
CA-115628,2024-01-30,2025-04-24,Standard Class,CUST-3092,Julia Wilson,Home Office,Central,Technology,Accessories
CA-527499,2024-05-11,2025-04-23,Same Day,CUST-9170,Kristen Peck,Corporate,Central,Office Supplies,Binders
CA-142739,2023-11-11,2025-04-18,Second Class,CUST-3399,Susan Garcia,Corporate,West,Office Supplies,Storage
CA-746371,2024-04-11,2025-04-09,Same Day,CUST-3990,Kelli Kennedy,Home Office,East,Furniture,Tables
CA-212238,2023-12-24,2025-04-15,Second Class,CUST-8977,Emma Brady,Consumer,South,Office Supplies,Labels
CA-465491,2024-07-26,2025-04-19,Second Class,CUST-1698,Kelsey Gonzales,Corporate,East,Technology,Accessories
CA-626380,2024-11-15,2025-04-09,First Class,CUST-2197,Caitlin Quinn,Consumer,East,Office Supplies,Binders
CA-150403,2023-06-17,2025-04-27,First Class,CUST-2197,Holly Morgan,Home Office,West,Technology,Computers
CA-215666,2025-01-04,2025-04-29,First Class,CUST-5623,Bradley Potter,Home Office,South,Furniture,Bookcases
CA-364898,2024-09-19,2025-04-18,Standard Class,CUST-2956,Michael Estrada,Consumer,South,Furniture,Bookcases
CA-596623,2024-12-29,2025-04-26,Same Day,CUST-7334,Carrie Craig,Home Office,West,Furniture,Bookcases
CA-756554,2024-06-19,2025-04-11,Second Class,CUST-5199,Nicole Steele,Corporate,West,Furniture,Furnishings
CA-627493,2023-06-20,2025-04-14,Second Class,CUST-3099,Joshua York,Consumer,South,Furniture,Bookcases
CA-155085,2023-06-11,2025-04-25,Standard Class,CUST-6949,Terri Smith,Home Office,South,Technology,Computers
CA-842175,2023-11-20,2025-04-28,Same Day,CUST-6623,Steven Williamson,Home Office,South,Technology,Copiers
CA-797152,2024-01-05,2025-05-06,Standard Class,CUST-5091,Paul Rangel,Consumer,West,Office Supplies,Labels
CA-548048,2023-06-28,2025-05-01,First Class,CUST-2704,Janice Chan,Consumer,East,Office Supplies,Storage
CA-743277,2024-11-11,2025-04-09,Standard Class,CUST-8835,Stacey Smith,Consumer,South,Furniture,Tables
CA-732589,2024-04-15,2025-04-11,First Class,CUST-4323,Benjamin Bradley,Home Office,Central,Furniture,Bookcases
CA-835727,2023-08-04,2025-04-19,Same Day,CUST-2989,Austin Watts,Corporate,West,Technology,Computers
CA-961772,2025-03-07,2025-04-28,Second Class,CUST-6291,Alex Hamilton,Consumer,West,Office Supplies,Art
CA-965723,2024-06-16,2025-04-24,Second Class,CUST-4124,Joseph Campbell,Home Office,Central,Office Supplies,Labels
CA-369298,2023-07-06,2025-04-16,Standard Class,CUST-1445,Ryan Harris,Home Office,South,Technology,Phones
CA-348012,2023-12-14,2025-04-30,Same Day,CUST-6945,Bonnie Jensen,Consumer,West,Office Supplies,Art
CA-600189,2025-01-09,2025-04-22,First Class,CUST-8132,Wayne Simmons,Corporate,South,Furniture,Furnishings
CA-368736,2024-12-22,2025-04-09,Standard Class,CUST-3962,David Boyd,Home Office,West,Office Supplies,Paper
CA-800333,2024-07-17,2025-05-07,Same Day,CUST-9404,Matthew Rivera,Corporate,East,Furniture,Chairs
CA-716921,2023-04-18,2025-04-26,Same Day,CUST-4172,Jennifer Kirk,Home Office,South,Office Supplies,Paper
CA-814099,2023-09-20,2025-04-27,Second Class,CUST-7596,Heather Meyers,Consumer,West,Technology,Computers
CA-691457,2023-09-05,2025-05-06,Second Class,CUST-6146,Lisa Ramos,Home Office,South,Office Supplies,Storage
CA-806927,2025-02-21,2025-04-22,Second Class,CUST-4303,Amy Hines,Home Office,West,Office Supplies,Art
CA-487085,2024-10-08,2025-04-23,Second Class,CUST-6910,Alan Carr,Consumer,Central,Technology,Accessories
CA-716289,2024-11-10,2025-04-30,Second Class,CUST-2555,Kendra Tran,Corporate,East,Furniture,Chairs
CA-314807,2024-04-09,2025-04-27,Second Class,CUST-5065,Matthew Li,Consumer,West,Furniture,Tables
CA-900921,2023-09-20,2025-04-25,Second Class,CUST-3026,Adam Green,Corporate,South,Office Supplies,Art
CA-158923,2024-02-08,2025-04-26,Same Day,CUST-1426,April Ponce,Corporate,East,Office Supplies,Storage
CA-366155,2024-05-29,2025-04-23,Standard Class,CUST-6817,Nicole Randolph,Corporate,East,Technology,Accessories
CA-389759,2024-05-17,2025-04-14,Standard Class,CUST-8415,Steven Ruiz,Corporate,South,Office Supplies,Binders
CA-641917,2025-04-06,2025-04-26,Second Class,CUST-5961,Julie Aguirre,Consumer,West,Office Supplies,Art
CA-467742,2023-08-29,2025-04-10,Second Class,CUST-4902,Rebecca Cook,Home Office,West,Technology,Copiers
CA-312843,2023-07-24,2025-04-12,First Class,CUST-7006,Matthew Sutton,Consumer,Central,Technology,Machines
CA-487654,2024-03-12,2025-04-10,Standard Class,CUST-8884,Carla Velez,Corporate,East,Office Supplies,Binders
CA-695815,2024-05-17,2025-04-17,Standard Class,CUST-1731,Rhonda Cowan,Corporate,West,Furniture,Furnishings
CA-697570,2024-08-09,2025-04-29,First Class,CUST-7302,Donald Stark,Consumer,Central,Technology,Phones
CA-902687,2025-02-08,2025-04-23,Second Class,CUST-9040,John Ward,Home Office,West,Furniture,Furnishings
CA-805621,2025-01-22,2025-04-13,Same Day,CUST-3168,Samuel Knight,Corporate,West,Office Supplies,Labels
CA-129148,2024-09-07,2025-04-26,First Class,CUST-8601,Noah Jimenez,Home Office,West,Office Supplies,Art
CA-613771,2023-04-30,2025-04-30,Second Class,CUST-7195,Aimee Brown,Corporate,East,Furniture,Chairs
CA-950414,2024-03-09,2025-04-15,Second Class,CUST-4028,Mario Sanchez,Corporate,South,Furniture,Tables
CA-570588,2023-10-12,2025-04-28,Second Class,CUST-9379,Helen Green,Consumer,West,Furniture,Bookcases
CA-809345,2023-12-10,2025-04-22,First Class,CUST-4368,Mrs. Crystal Black,Corporate,East,Office Supplies,Binders
CA-150218,2024-12-13,2025-05-05,Standard Class,CUST-9338,Renee Rivera,Home Office,West,Office Supplies,Storage
CA-796650,2024-07-31,2025-04-27,Same Day,CUST-1810,John Lewis,Consumer,South,Office Supplies,Storage
CA-647409,2024-04-14,2025-04-09,Same Day,CUST-1129,Sandra Pham,Corporate,West,Furniture,Bookcases
CA-138520,2025-01-17,2025-05-02,First Class,CUST-9766,Sandra Francis,Consumer,Central,Technology,Accessories
CA-906595,2023-10-24,2025-04-20,Second Class,CUST-9537,Michael Cunningham,Consumer,West,Furniture,Tables
CA-599894,2024-12-06,2025-04-13,Second Class,CUST-2100,Charlene Young,Home Office,East,Furniture,Chairs
CA-512381,2023-07-21,2025-04-16,Standard Class,CUST-3132,Amber Butler,Corporate,East,Office Supplies,Storage
CA-875789,2023-09-09,2025-05-01,Standard Class,CUST-3483,Ana Nguyen,Consumer,Central,Furniture,Bookcases
CA-111520,2025-03-09,2025-05-03,First Class,CUST-8350,Heather King,Home Office,Central,Office Supplies,Art
CA-776894,2024-05-07,2025-04-11,Standard Class,CUST-8665,Caleb Lane,Corporate,West,Office Supplies,Binders
CA-307580,2024-02-13,2025-04-14,Second Class,CUST-3447,Jennifer Love,Corporate,West,Technology,Computers
CA-295226,2024-09-01,2025-05-08,First Class,CUST-6772,Trevor Jenkins,Consumer,East,Furniture,Furnishings
CA-997084,2024-04-03,2025-04-13,First Class,CUST-3612,Jennifer Riddle,Consumer,Central,Furniture,Chairs
CA-117936,2024-06-10,2025-04-16,Second Class,CUST-2929,Brooke Mason,Home Office,East,Office Supplies,Binders
CA-969308,2023-05-30,2025-04-29,First Class,CUST-2120,Dr. Diana Duran,Home Office,West,Technology,Phones
CA-704038,2023-12-20,2025-04-21,Second Class,CUST-5987,John Lee,Consumer,South,Furniture,Tables
CA-714695,2025-02-02,2025-04-10,First Class,CUST-1769,Brandon Fuentes,Corporate,East,Technology,Machines
CA-786847,2025-01-13,2025-05-03,Standard Class,CUST-3786,Jordan Haynes,Consumer,West,Technology,Machines
CA-106171,2024-12-03,2025-04-14,Standard Class,CUST-8539,Stephanie Lee,Corporate,East,Office Supplies,Art
CA-564520,2024-03-05,2025-04-27,Second Class,CUST-8771,Samuel Vasquez,Consumer,Central,Office Supplies,Storage
CA-295888,2024-10-18,2025-04-16,Standard Class,CUST-4733,David Garza,Home Office,East,Office Supplies,Paper
CA-980085,2024-04-17,2025-04-19,First Class,CUST-3248,Teresa Dixon,Consumer,East,Technology,Machines
CA-731686,2024-03-23,2025-04-29,Standard Class,CUST-3509,Margaret Jones,Home Office,East,Office Supplies,Labels
CA-328039,2024-07-16,2025-04-19,Standard Class,CUST-5131,John Crawford,Corporate,South,Technology,Computers
CA-870148,2024-06-10,2025-04-09,Second Class,CUST-5989,Holly Vaughn,Consumer,South,Furniture,Chairs
CA-431236,2023-07-24,2025-04-10,First Class,CUST-6443,Randy Chavez,Home Office,South,Technology,Phones
CA-991765,2024-12-25,2025-05-06,First Class,CUST-4119,Lauren Weaver,Home Office,South,Technology,Phones
CA-210951,2025-02-28,2025-04-21,Same Day,CUST-5405,Hannah Norman,Consumer,Central,Office Supplies,Binders
CA-582900,2025-01-02,2025-04-25,Standard Class,CUST-1731,Ronald Williams,Consumer,East,Furniture,Tables
CA-854961,2024-10-05,2025-04-12,Standard Class,CUST-9712,Timothy Hall,Corporate,South,Furniture,Bookcases
CA-201676,2024-06-28,2025-04-19,First Class,CUST-5107,Laura Zimmerman,Corporate,Central,Furniture,Furnishings
CA-195246,2023-10-09,2025-04-19,Second Class,CUST-2644,Sharon Lewis,Consumer,Central,Technology,Copiers
CA-317003,2023-05-20,2025-04-10,Second Class,CUST-1953,Dr. Karen Shaw,Consumer,South,Furniture,Furnishings
CA-616563,2024-09-13,2025-04-25,Standard Class,CUST-2484,Kenneth Johnson,Corporate,South,Furniture,Furnishings
CA-693523,2025-01-17,2025-04-23,Second Class,CUST-4395,Gerald Harrison,Home Office,East,Furniture,Chairs
CA-666809,2024-11-23,2025-04-21,Second Class,CUST-3882,Erin Reyes,Consumer,East,Technology,Accessories
CA-511315,2025-02-04,2025-04-26,Second Class,CUST-2968,Amanda Mckinney,Corporate,West,Technology,Phones
CA-353297,2024-02-24,2025-04-18,Second Class,CUST-2839,Diana Hanson,Home Office,South,Technology,Accessories
CA-535388,2024-01-28,2025-05-01,Second Class,CUST-4735,Susan Woodward,Consumer,West,Office Supplies,Labels
CA-879822,2024-09-06,2025-04-13,Second Class,CUST-5503,Teresa Miller,Home Office,South,Technology,Phones
CA-438287,2024-03-14,2025-04-12,Second Class,CUST-6002,Matthew Brown,Corporate,East,Furniture,Furnishings
CA-739624,2024-08-16,2025-04-14,Same Day,CUST-9737,Maria Jones,Home Office,South,Furniture,Bookcases
CA-754373,2024-05-28,2025-05-03,Standard Class,CUST-6914,Cheryl Ramirez,Home Office,East,Technology,Copiers
CA-262209,2023-11-24,2025-04-30,Second Class,CUST-9919,Michelle Allen,Corporate,West,Office Supplies,Art
CA-726087,2024-02-17,2025-04-28,Standard Class,CUST-6203,Stephanie Harris,Corporate,East,Furniture,Furnishings
CA-113646,2024-09-13,2025-04-23,Standard Class,CUST-4578,Jennifer Rodriguez,Home Office,East,Technology,Accessories
CA-637221,2024-08-29,2025-05-07,First Class,CUST-4969,Amanda Cameron,Corporate,East,Furniture,Chairs
CA-322545,2025-01-30,2025-04-22,Same Day,CUST-5562,Adrian Murphy,Consumer,South,Furniture,Chairs
CA-600409,2025-03-16,2025-05-01,First Class,CUST-7380,Christian Ortiz,Home Office,South,Office Supplies,Paper
CA-581440,2025-01-04,2025-05-04,First Class,CUST-8378,William Kent,Home Office,East,Office Supplies,Binders
CA-496843,2024-05-20,2025-05-05,Same Day,CUST-8753,Gina Stevens,Home Office,Central,Furniture,Bookcases
CA-710707,2023-09-29,2025-05-04,Standard Class,CUST-5580,Angela Wagner,Home Office,East,Furniture,Bookcases
CA-869300,2023-09-14,2025-05-01,Same Day,CUST-1432,David Howard,Consumer,East,Technology,Accessories
CA-236573,2024-08-17,2025-05-07,First Class,CUST-6969,Megan Nguyen,Consumer,East,Technology,Accessories
CA-343235,2025-01-20,2025-04-23,Same Day,CUST-1958,Edward Malone,Home Office,West,Office Supplies,Paper
CA-765851,2023-06-18,2025-04-26,Same Day,CUST-7665,Lindsay Chan,Home Office,East,Furniture,Furnishings
CA-148070,2023-09-16,2025-04-24,First Class,CUST-2836,Sandra Alvarez,Corporate,West,Furniture,Tables
CA-232659,2024-11-15,2025-04-30,First Class,CUST-3152,Anthony Mason,Home Office,West,Office Supplies,Paper
CA-316253,2024-03-19,2025-04-27,Standard Class,CUST-2702,Dr. Jennifer Gallegos,Corporate,Central,Office Supplies,Art
CA-457866,2024-02-02,2025-05-07,Second Class,CUST-8181,Annette Gutierrez,Home Office,East,Furniture,Tables
CA-145815,2023-07-15,2025-04-26,Second Class,CUST-2890,Samantha Holden,Consumer,South,Office Supplies,Labels
CA-218892,2024-08-26,2025-05-06,Same Day,CUST-5368,Elizabeth Johnson,Home Office,Central,Office Supplies,Storage
CA-166937,2024-05-04,2025-05-01,Second Class,CUST-3799,Sarah Randolph,Corporate,South,Office Supplies,Art
CA-556698,2024-03-16,2025-05-08,First Class,CUST-4523,Rachel Bowers,Home Office,West,Technology,Accessories
CA-599846,2023-05-02,2025-04-16,Second Class,CUST-1269,Christie Cox,Home Office,Central,Furniture,Chairs
CA-932776,2024-07-29,2025-04-17,Same Day,CUST-2351,Heather Love,Corporate,South,Technology,Computers
CA-659756,2024-07-15,2025-04-24,Same Day,CUST-9827,Barbara Hudson,Corporate,East,Office Supplies,Binders
CA-731450,2025-03-27,2025-05-06,Same Day,CUST-7659,Emily Martinez,Consumer,West,Office Supplies,Labels
CA-766868,2024-02-23,2025-04-16,Second Class,CUST-8537,James Miller,Corporate,East,Furniture,Tables
CA-649217,2023-09-28,2025-04-10,Second Class,CUST-3973,Lynn Moyer,Consumer,West,Technology,Accessories
CA-793350,2025-02-15,2025-05-05,Standard Class,CUST-5765,Angela Marsh,Corporate,East,Technology,Computers
CA-382052,2024-04-18,2025-04-20,Standard Class,CUST-9005,Karen Johnson,Corporate,Central,Furniture,Furnishings
CA-677858,2024-06-28,2025-05-04,Second Class,CUST-5195,Patrick Livingston,Home Office,Central,Furniture,Tables
CA-115574,2024-10-05,2025-04-16,Standard Class,CUST-7446,Jacob Mendoza,Consumer,South,Office Supplies,Paper
CA-379242,2023-04-11,2025-05-06,Standard Class,CUST-7631,Elizabeth Petty MD,Consumer,Central,Office Supplies,Storage
CA-968150,2024-08-04,2025-05-04,First Class,CUST-7494,Morgan Brock,Home Office,Central,Technology,Copiers
CA-777205,2024-04-23,2025-04-15,Second Class,CUST-8362,Stephen Jackson,Home Office,East,Furniture,Furnishings
CA-717920,2024-04-29,2025-05-08,Second Class,CUST-5222,Carlos Thornton,Corporate,West,Furniture,Furnishings
CA-241462,2024-07-29,2025-04-11,Same Day,CUST-5985,James Fuller,Home Office,East,Furniture,Chairs
CA-970166,2023-10-06,2025-04-16,First Class,CUST-8475,Tonya Miller,Corporate,South,Furniture,Bookcases
CA-523364,2024-04-09,2025-05-02,Same Day,CUST-4574,Jeffrey Perry,Consumer,West,Office Supplies,Binders
CA-917060,2023-07-28,2025-04-09,Standard Class,CUST-5617,Jocelyn Juarez MD,Corporate,West,Furniture,Bookcases
CA-743560,2024-11-18,2025-04-13,Standard Class,CUST-4996,Justin Harris,Consumer,East,Technology,Accessories
CA-918554,2023-11-24,2025-04-26,First Class,CUST-2827,Leslie Prince,Corporate,South,Furniture,Chairs
CA-927543,2023-06-05,2025-04-14,Second Class,CUST-1359,Heather Jones,Home Office,South,Furniture,Chairs
CA-458319,2023-11-23,2025-05-04,First Class,CUST-9588,Stacy Bennett,Consumer,East,Furniture,Furnishings
CA-939812,2024-07-23,2025-04-10,First Class,CUST-2349,Donald Baird,Corporate,South,Technology,Phones
CA-205115,2024-08-21,2025-04-23,Second Class,CUST-3095,Kristin Brown,Consumer,West,Technology,Copiers
CA-415927,2024-09-26,2025-04-11,Same Day,CUST-1389,Meredith Garza,Consumer,South,Office Supplies,Binders
CA-848416,2025-04-02,2025-04-17,Standard Class,CUST-1044,Tiffany Carlson,Corporate,West,Furniture,Furnishings
CA-924816,2023-05-09,2025-04-20,Same Day,CUST-6104,Bryan Matthews,Corporate,South,Furniture,Furnishings
CA-577025,2024-12-02,2025-05-05,Second Class,CUST-9137,Richard Miller,Consumer,South,Furniture,Furnishings
CA-153047,2024-12-16,2025-04-29,Second Class,CUST-3415,Aaron Torres,Corporate,South,Technology,Copiers
CA-435458,2024-07-13,2025-04-18,Same Day,CUST-6106,Sarah Jenkins,Corporate,South,Technology,Copiers
CA-198273,2023-08-13,2025-04-21,First Class,CUST-8416,Jonathan Petersen,Corporate,East,Furniture,Bookcases
CA-963574,2023-07-05,2025-04-19,Same Day,CUST-7393,Spencer Potter,Home Office,Central,Technology,Phones
CA-363746,2023-09-21,2025-05-02,Same Day,CUST-4933,Alex Young,Consumer,South,Office Supplies,Paper
CA-213935,2024-12-17,2025-04-23,Same Day,CUST-5845,Jerry Perkins,Consumer,East,Furniture,Tables
CA-968960,2024-09-12,2025-04-09,Standard Class,CUST-5947,Carla Harrison,Corporate,South,Office Supplies,Paper
CA-132758,2023-06-21,2025-04-25,Standard Class,CUST-1399,Nathan Mason,Home Office,East,Furniture,Bookcases
CA-414902,2024-05-13,2025-04-29,Second Class,CUST-5667,Tiffany Robbins,Corporate,West,Technology,Copiers
CA-213937,2024-03-13,2025-04-18,Standard Class,CUST-6579,Christine Lopez,Consumer,East,Technology,Copiers
CA-773667,2025-02-25,2025-04-27,Second Class,CUST-7228,John Sandoval,Home Office,South,Technology,Copiers
CA-177413,2023-07-11,2025-04-12,Second Class,CUST-6868,Jasmine Wright,Consumer,Central,Office Supplies,Labels
CA-152483,2023-10-21,2025-04-17,Second Class,CUST-2449,James Smith,Corporate,East,Furniture,Chairs
CA-145532,2024-04-21,2025-04-21,Second Class,CUST-7376,Melanie Fernandez,Home Office,Central,Technology,Machines
CA-489271,2023-08-01,2025-04-19,Second Class,CUST-6331,John Taylor,Consumer,East,Technology,Machines
CA-492120,2023-10-07,2025-05-07,Second Class,CUST-8545,Ryan Arellano,Corporate,East,Furniture,Tables
CA-353235,2025-01-15,2025-04-11,Same Day,CUST-5372,David Williams,Corporate,Central,Technology,Accessories
CA-889968,2024-11-15,2025-04-15,Second Class,CUST-3971,Rebecca Castro,Consumer,South,Furniture,Chairs
CA-991874,2023-05-10,2025-04-20,Same Day,CUST-9450,Joe Gray,Home Office,West,Technology,Computers
CA-218787,2023-11-16,2025-05-02,Same Day,CUST-8632,Taylor Gilbert,Consumer,West,Technology,Computers
CA-215742,2023-07-12,2025-04-29,Same Day,CUST-4465,Tiffany Lynn,Corporate,West,Furniture,Bookcases
CA-799207,2024-08-19,2025-04-27,Standard Class,CUST-9361,Joseph Curry,Corporate,West,Office Supplies,Art
CA-854524,2023-05-15,2025-05-03,Standard Class,CUST-7190,Angela Harvey,Consumer,Central,Furniture,Tables
CA-427123,2024-12-31,2025-04-21,Standard Class,CUST-7010,Angela Ruiz,Consumer,West,Technology,Computers
CA-411867,2024-03-27,2025-05-02,First Class,CUST-9011,Angie Floyd,Home Office,East,Technology,Copiers
CA-282074,2024-07-01,2025-04-13,Same Day,CUST-7422,Anthony Stewart,Home Office,South,Technology,Copiers
CA-446274,2023-04-20,2025-05-06,Same Day,CUST-6744,Debra Collins,Home Office,Central,Office Supplies,Storage
CA-476654,2025-03-05,2025-05-06,Standard Class,CUST-6312,Whitney Fox,Consumer,Central,Office Supplies,Labels
CA-937871,2024-02-05,2025-05-01,Standard Class,CUST-9658,Mallory Phillips,Consumer,East,Office Supplies,Paper
CA-459129,2024-04-13,2025-05-08,First Class,CUST-5774,Ashley Hughes,Home Office,East,Office Supplies,Binders
CA-304816,2023-09-13,2025-04-09,Standard Class,CUST-9233,Peter Benson,Corporate,East,Furniture,Furnishings
CA-182492,2024-02-19,2025-04-23,Same Day,CUST-9617,Samantha Heath,Home Office,South,Furniture,Bookcases
CA-510766,2023-04-29,2025-05-04,Second Class,CUST-4998,Amanda Todd,Consumer,South,Furniture,Furnishings
CA-850060,2024-04-29,2025-04-21,Standard Class,CUST-8174,David Stein,Home Office,East,Furniture,Bookcases
CA-900055,2024-10-16,2025-04-18,First Class,CUST-2103,Jacqueline Ford,Home Office,South,Furniture,Tables
CA-404740,2023-05-15,2025-05-04,Same Day,CUST-6792,Amber Wallace,Home Office,West,Furniture,Tables
CA-380583,2023-12-31,2025-04-30,First Class,CUST-2937,Michael Bowers,Corporate,East,Technology,Accessories
CA-760328,2024-09-15,2025-05-07,Same Day,CUST-9970,David Allen,Consumer,Central,Technology,Machines
CA-894907,2024-05-03,2025-05-06,First Class,CUST-5690,Tracy Reed,Home Office,Central,Technology,Phones
CA-651091,2023-11-09,2025-04-20,Second Class,CUST-3546,Jacqueline Clark,Consumer,West,Furniture,Bookcases
CA-256009,2025-02-08,2025-04-29,Second Class,CUST-8907,Sierra Edwards,Corporate,West,Technology,Copiers
CA-656789,2023-11-30,2025-04-18,Second Class,CUST-5871,Dawn Jackson,Corporate,East,Furniture,Furnishings
CA-280134,2024-11-06,2025-04-25,Same Day,CUST-7842,Deborah Watkins,Consumer,West,Furniture,Bookcases
CA-273414,2023-04-13,2025-05-08,Same Day,CUST-3990,Jose Shaw,Consumer,Central,Office Supplies,Binders
CA-719246,2023-11-11,2025-05-08,First Class,CUST-7562,Roger Higgins,Consumer,West,Office Supplies,Paper
CA-950890,2025-04-07,2025-04-14,Standard Class,CUST-4913,Alejandra Williams,Corporate,Central,Technology,Accessories
CA-869193,2024-12-22,2025-04-30,Same Day,CUST-9750,Chelsea Mcclain,Consumer,East,Technology,Computers
CA-701428,2024-10-24,2025-05-03,Standard Class,CUST-7878,Gregory Kaufman,Corporate,Central,Technology,Accessories
CA-787639,2024-02-17,2025-05-02,First Class,CUST-1966,Joel Campbell,Consumer,East,Technology,Copiers
CA-459477,2023-11-29,2025-04-16,First Class,CUST-7827,Kyle Maxwell,Corporate,Central,Furniture,Chairs
CA-896632,2025-02-16,2025-04-24,Same Day,CUST-3514,Benjamin Thompson,Corporate,South,Office Supplies,Binders
CA-746872,2024-09-26,2025-04-17,First Class,CUST-4030,Jane Hardin,Home Office,South,Technology,Copiers
CA-208307,2023-06-03,2025-04-21,First Class,CUST-1540,Donna Smith,Home Office,Central,Technology,Phones
CA-744357,2024-10-27,2025-05-02,Same Day,CUST-1589,Erica Meyer,Corporate,West,Furniture,Tables
CA-382919,2023-11-29,2025-04-13,Same Day,CUST-5445,Misty Davis,Home Office,South,Office Supplies,Art
CA-931721,2023-09-13,2025-04-12,Second Class,CUST-8654,Dr. Desiree West,Consumer,West,Technology,Accessories
CA-936070,2023-08-08,2025-04-27,Same Day,CUST-8158,Jean Mcbride,Corporate,Central,Office Supplies,Storage
CA-688331,2024-03-16,2025-04-09,Same Day,CUST-4251,Robert Bradley,Corporate,East,Office Supplies,Storage
CA-271885,2024-01-19,2025-04-24,Second Class,CUST-6794,Ricardo Jenkins,Corporate,Central,Office Supplies,Binders
CA-606455,2024-07-02,2025-04-17,Second Class,CUST-3011,Jay Lewis,Consumer,West,Office Supplies,Storage
CA-626228,2025-03-31,2025-05-05,First Class,CUST-3736,Mitchell Foster,Home Office,West,Furniture,Bookcases
CA-518533,2023-08-10,2025-04-20,Standard Class,CUST-7597,Donald Reyes,Consumer,East,Furniture,Chairs
CA-431678,2023-10-03,2025-04-19,Same Day,CUST-7989,Christine Richardson,Consumer,South,Furniture,Furnishings
CA-397596,2023-12-26,2025-04-24,Same Day,CUST-8163,Zachary Simpson,Home Office,South,Furniture,Chairs
CA-811866,2024-05-17,2025-04-18,First Class,CUST-3249,Anna Goodwin,Corporate,East,Furniture,Bookcases
CA-552325,2024-05-01,2025-05-07,Second Class,CUST-8262,Carrie Chase,Corporate,Central,Office Supplies,Storage
CA-684675,2023-12-01,2025-05-01,Standard Class,CUST-9481,Kayla Cohen,Corporate,South,Technology,Machines
CA-525094,2023-11-19,2025-04-16,Same Day,CUST-6881,Laura Harrison,Corporate,West,Furniture,Bookcases
CA-658938,2024-06-04,2025-04-17,Second Class,CUST-4326,Mark Davis,Consumer,South,Technology,Accessories
CA-872135,2025-01-14,2025-04-11,Second Class,CUST-2568,Mr. Aaron Chen Jr.,Corporate,West,Technology,Machines
CA-228410,2023-04-19,2025-05-02,Second Class,CUST-5193,Nathan Weeks,Consumer,Central,Technology,Copiers
CA-557272,2025-04-03,2025-05-03,Same Day,CUST-2553,Shaun Lewis,Home Office,East,Office Supplies,Storage
CA-805205,2024-02-13,2025-05-07,Standard Class,CUST-1283,April Keller,Corporate,West,Office Supplies,Labels
CA-565954,2024-12-06,2025-04-25,First Class,CUST-2522,Aaron Martinez,Consumer,South,Technology,Computers
CA-898135,2023-12-25,2025-05-04,First Class,CUST-9378,Jessica Fisher,Home Office,Central,Office Supplies,Binders
CA-650902,2025-01-16,2025-04-15,First Class,CUST-6961,Michael Rose,Corporate,West,Technology,Accessories
CA-551622,2024-05-01,2025-04-27,First Class,CUST-6099,Lori Chase,Home Office,Central,Technology,Phones
CA-167058,2025-03-06,2025-04-23,Second Class,CUST-7584,Patrick Porter,Consumer,South,Furniture,Bookcases
CA-583824,2025-04-01,2025-04-25,Same Day,CUST-5366,John Wolf,Consumer,Central,Furniture,Furnishings
CA-849279,2023-12-22,2025-04-18,Standard Class,CUST-2748,Patricia Butler,Consumer,East,Technology,Accessories
CA-278180,2024-01-19,2025-04-19,Standard Class,CUST-4758,Michele Wagner,Consumer,East,Office Supplies,Storage
CA-900773,2023-12-11,2025-05-04,First Class,CUST-9530,Stephanie Robbins,Corporate,South,Technology,Copiers
CA-978723,2024-06-27,2025-04-20,First Class,CUST-5687,Ryan Hunter,Corporate,South,Furniture,Chairs
CA-695427,2024-11-19,2025-05-01,Standard Class,CUST-4750,Shannon Brooks,Corporate,South,Office Supplies,Art
CA-428564,2025-03-17,2025-05-05,Second Class,CUST-5947,Nathaniel Walker,Consumer,West,Office Supplies,Labels
CA-760323,2024-08-22,2025-04-19,First Class,CUST-6448,Steven Reynolds,Corporate,South,Office Supplies,Paper
CA-168901,2023-12-01,2025-05-01,Second Class,CUST-1888,Brian Mcdonald,Corporate,South,Office Supplies,Art
CA-970069,2025-02-18,2025-05-07,First Class,CUST-8675,Jessica Velasquez,Home Office,East,Technology,Machines
CA-513700,2023-11-12,2025-04-13,Same Day,CUST-2661,Devon Cannon,Corporate,South,Technology,Copiers
CA-224348,2024-03-14,2025-04-27,Second Class,CUST-3194,Robert Cole,Home Office,East,Technology,Computers
CA-826874,2024-08-09,2025-05-08,First Class,CUST-1036,Dr. Alexander Martin,Corporate,South,Furniture,Bookcases
CA-698298,2024-09-09,2025-05-06,Second Class,CUST-5841,Carlos Mcgrath,Home Office,West,Technology,Phones
CA-646707,2023-09-23,2025-04-22,Second Class,CUST-6777,Susan Sherman,Consumer,South,Furniture,Furnishings
CA-143827,2024-05-06,2025-04-15,Second Class,CUST-6108,Steven Sharp,Corporate,South,Office Supplies,Art
CA-147296,2024-09-29,2025-04-11,Same Day,CUST-3754,Sandy Jensen,Home Office,West,Technology,Machines
CA-956918,2025-01-03,2025-04-28,Standard Class,CUST-8951,Suzanne Leonard,Corporate,West,Furniture,Tables
CA-429212,2023-05-04,2025-04-18,Standard Class,CUST-5366,Todd Parker,Consumer,South,Office Supplies,Binders
CA-579888,2023-07-18,2025-04-09,First Class,CUST-8946,Jeremy Allen,Corporate,West,Office Supplies,Binders
CA-539315,2025-03-29,2025-05-01,Same Day,CUST-6780,Kelly Hernandez,Corporate,East,Office Supplies,Binders
CA-952155,2023-08-31,2025-04-14,Second Class,CUST-6878,Cory Drake,Consumer,Central,Technology,Accessories
CA-901310,2024-05-18,2025-04-19,Standard Class,CUST-8937,Elizabeth Williams,Home Office,South,Office Supplies,Binders
CA-908072,2023-06-03,2025-04-15,Standard Class,CUST-5339,Yvette Griffith,Corporate,Central,Technology,Computers
CA-403573,2023-06-21,2025-04-22,Same Day,CUST-3498,Todd Johnson,Corporate,Central,Furniture,Chairs
CA-495819,2024-05-06,2025-04-29,Same Day,CUST-6458,Joshua Carpenter,Corporate,West,Office Supplies,Labels
CA-432877,2023-06-05,2025-04-26,Standard Class,CUST-4521,Lindsay Ruiz,Corporate,Central,Office Supplies,Paper
CA-929971,2024-02-08,2025-05-04,First Class,CUST-1712,Theresa Lopez,Corporate,East,Technology,Machines
CA-540949,2024-09-11,2025-04-23,Standard Class,CUST-3453,Thomas Mendoza,Consumer,Central,Technology,Phones
CA-765354,2023-11-06,2025-04-22,First Class,CUST-8809,Jason Strong,Corporate,South,Technology,Accessories
CA-575505,2023-10-30,2025-04-24,Same Day,CUST-4477,Karla Cross,Corporate,West,Technology,Copiers
CA-906999,2024-06-25,2025-04-10,Same Day,CUST-1288,Linda Young,Home Office,East,Furniture,Bookcases
CA-596876,2024-04-16,2025-04-25,Second Class,CUST-6623,John Luna,Home Office,West,Office Supplies,Storage
CA-384049,2024-08-13,2025-04-18,Standard Class,CUST-7249,Kristi Davidson,Consumer,Central,Furniture,Chairs
CA-639875,2024-07-05,2025-04-17,Same Day,CUST-6610,Stephen Brown,Home Office,East,Furniture,Chairs
CA-269786,2023-05-14,2025-04-21,Second Class,CUST-4166,Christopher Torres,Home Office,Central,Office Supplies,Binders
CA-840300,2025-03-05,2025-04-12,Same Day,CUST-8013,Karen Martinez,Corporate,West,Technology,Phones
CA-698278,2023-05-03,2025-04-17,First Class,CUST-3622,William Roy,Corporate,West,Office Supplies,Paper
CA-115387,2024-06-06,2025-05-05,Same Day,CUST-2609,Richard Byrd,Home Office,East,Office Supplies,Art
CA-112690,2024-12-13,2025-04-29,Same Day,CUST-6821,Heather Vega,Consumer,South,Office Supplies,Labels
CA-125965,2025-01-30,2025-05-02,First Class,CUST-5193,Sarah Lee,Home Office,Central,Office Supplies,Paper
CA-408096,2023-08-12,2025-04-29,Second Class,CUST-2673,Mrs. Deborah Fox,Consumer,Central,Furniture,Furnishings
CA-617660,2024-06-05,2025-05-07,Same Day,CUST-5196,Wendy Williams,Consumer,South,Furniture,Furnishings
CA-804399,2024-05-22,2025-04-24,Same Day,CUST-9607,Joshua Green,Corporate,East,Technology,Copiers
CA-894909,2024-05-04,2025-04-26,Standard Class,CUST-1772,Kevin Martinez,Corporate,East,Furniture,Bookcases
CA-734966,2025-02-24,2025-04-22,First Class,CUST-8439,Cheryl Figueroa,Home Office,South,Office Supplies,Binders
CA-618581,2024-09-29,2025-04-18,Standard Class,CUST-2016,Jaclyn Mason,Consumer,Central,Office Supplies,Labels
CA-822679,2023-11-07,2025-05-06,Second Class,CUST-8703,Jared Waters,Corporate,East,Technology,Accessories
CA-637589,2024-03-26,2025-05-01,Same Day,CUST-5663,Michael Smith,Consumer,East,Technology,Computers
CA-594963,2023-08-02,2025-04-22,Standard Class,CUST-1078,Katie Henderson,Consumer,Central,Furniture,Furnishings
CA-136489,2024-06-10,2025-04-25,Same Day,CUST-2189,Lisa Patterson,Corporate,East,Office Supplies,Storage
CA-535167,2024-02-05,2025-05-05,First Class,CUST-4666,John Frank,Corporate,East,Furniture,Tables
CA-533219,2024-03-25,2025-04-18,Same Day,CUST-9024,Thomas Adams,Corporate,South,Furniture,Bookcases
CA-652040,2023-12-17,2025-04-17,Same Day,CUST-4965,Jacob Petersen,Home Office,South,Furniture,Tables
CA-832457,2024-07-01,2025-04-22,Standard Class,CUST-2926,Brandi Buchanan,Home Office,West,Office Supplies,Binders
CA-139223,2024-01-28,2025-04-27,First Class,CUST-1572,Antonio Gates,Corporate,Central,Office Supplies,Labels
CA-947351,2023-07-03,2025-05-07,Standard Class,CUST-3518,Christina Gibson,Home Office,West,Furniture,Tables
CA-331686,2023-12-30,2025-04-13,Same Day,CUST-1652,Linda Lee,Corporate,South,Furniture,Bookcases
CA-529203,2025-03-21,2025-05-04,Standard Class,CUST-8610,Sarah Robinson,Corporate,Central,Furniture,Furnishings
CA-567486,2025-01-15,2025-04-14,Standard Class,CUST-4934,Michael Wolfe,Corporate,Central,Office Supplies,Binders
CA-127652,2023-10-27,2025-04-18,Same Day,CUST-7207,Margaret Hall MD,Home Office,South,Furniture,Tables
CA-750384,2023-08-04,2025-05-08,Same Day,CUST-1867,Kim King,Home Office,South,Furniture,Furnishings
CA-306307,2023-07-25,2025-04-22,First Class,CUST-8978,Dwayne Gonzalez,Consumer,East,Technology,Computers
CA-519702,2024-05-16,2025-04-23,First Class,CUST-5091,Kristen Henderson,Consumer,Central,Technology,Accessories
CA-864628,2024-04-13,2025-05-04,Same Day,CUST-5474,William Kline,Corporate,Central,Technology,Phones
CA-674089,2023-12-27,2025-04-10,Standard Class,CUST-8307,Kaylee Cruz,Consumer,South,Office Supplies,Paper
CA-168362,2024-06-04,2025-04-13,Standard Class,CUST-7065,Courtney Marsh,Corporate,West,Technology,Phones
CA-368152,2025-02-28,2025-04-10,Same Day,CUST-1880,Zachary Barr,Home Office,South,Furniture,Tables
CA-800912,2023-04-13,2025-04-11,Second Class,CUST-7183,Chloe Davis,Corporate,East,Technology,Copiers
CA-640682,2024-10-08,2025-04-16,Standard Class,CUST-8423,Jessica Robbins,Consumer,West,Office Supplies,Binders
CA-208588,2024-11-10,2025-04-19,Standard Class,CUST-9135,Victoria Clark,Consumer,South,Office Supplies,Binders
CA-976125,2023-12-26,2025-05-05,First Class,CUST-9679,Jessica Ali,Consumer,Central,Technology,Accessories
CA-740849,2023-10-04,2025-04-18,Second Class,CUST-3794,Denise Murphy,Corporate,East,Technology,Accessories
CA-816335,2024-01-30,2025-05-02,Second Class,CUST-9825,Melissa Soto,Consumer,Central,Technology,Copiers
CA-687752,2024-08-20,2025-04-15,First Class,CUST-8756,Pamela Wilson,Consumer,East,Office Supplies,Storage
CA-718911,2024-07-27,2025-04-10,Standard Class,CUST-9748,Mrs. Sarah Chang MD,Consumer,West,Furniture,Bookcases
CA-105564,2024-11-23,2025-04-27,Standard Class,CUST-7697,Christine Ramirez,Consumer,South,Technology,Computers
CA-599192,2024-10-25,2025-05-06,Second Class,CUST-9613,Angela Fisher,Home Office,West,Furniture,Tables
CA-136309,2023-11-25,2025-04-09,Same Day,CUST-8759,Linda Turner,Consumer,Central,Office Supplies,Labels
CA-221404,2023-11-30,2025-04-10,First Class,CUST-1794,Kathleen Trevino,Corporate,South,Technology,Machines
CA-311123,2025-03-02,2025-05-08,Same Day,CUST-2533,Stephanie Burton,Home Office,South,Furniture,Tables
CA-322434,2024-12-24,2025-04-26,First Class,CUST-9096,Ariel Russell,Corporate,East,Office Supplies,Labels
CA-446781,2023-05-26,2025-05-03,Standard Class,CUST-3916,David Howard,Consumer,East,Furniture,Bookcases
CA-663229,2023-11-05,2025-04-18,First Class,CUST-1504,Andrew Gibbs,Consumer,East,Office Supplies,Binders
CA-287124,2024-06-28,2025-04-19,Standard Class,CUST-6547,Christopher Johnson,Consumer,West,Technology,Copiers
CA-685824,2023-05-12,2025-04-14,Same Day,CUST-1841,Megan Miller,Corporate,East,Furniture,Chairs
CA-460711,2024-06-29,2025-05-04,Standard Class,CUST-8223,Timothy Cook,Home Office,Central,Office Supplies,Labels
CA-838450,2023-11-30,2025-05-04,Standard Class,CUST-7967,Susan Smith,Consumer,West,Furniture,Bookcases
CA-672884,2024-12-04,2025-04-20,First Class,CUST-1846,Travis Chen,Corporate,South,Furniture,Tables
CA-215315,2023-10-04,2025-05-08,First Class,CUST-5008,Sara Padilla,Consumer,West,Office Supplies,Labels
CA-996189,2025-02-15,2025-05-04,Second Class,CUST-6116,William Anderson,Home Office,Central,Furniture,Chairs
CA-785799,2024-12-10,2025-04-09,Same Day,CUST-7835,Darren Klein,Consumer,West,Technology,Machines
CA-669470,2024-03-02,2025-04-23,First Class,CUST-9097,Alexandra Howard,Home Office,West,Office Supplies,Paper
CA-895105,2024-06-14,2025-04-29,Second Class,CUST-5722,Frank Robinson,Consumer,South,Furniture,Furnishings
CA-496782,2023-07-29,2025-04-30,First Class,CUST-8645,Annette Bolton,Corporate,Central,Office Supplies,Labels
CA-526364,2024-08-03,2025-04-19,First Class,CUST-8983,Adam Case,Consumer,West,Office Supplies,Art
CA-642461,2024-04-09,2025-05-01,Second Class,CUST-4889,Sarah Mueller,Consumer,Central,Furniture,Bookcases
CA-244614,2024-11-25,2025-04-16,Second Class,CUST-1670,Gregory Green,Consumer,West,Technology,Accessories
CA-224914,2024-09-29,2025-04-14,Second Class,CUST-2237,Matthew Snow,Home Office,East,Technology,Copiers
CA-498060,2025-01-29,2025-04-28,Same Day,CUST-5114,Kristin Mathews DVM,Home Office,East,Office Supplies,Art
CA-313369,2023-05-18,2025-04-27,Second Class,CUST-7090,Gilbert Foster,Home Office,Central,Furniture,Tables
CA-558023,2024-04-24,2025-04-30,Second Class,CUST-4455,Kayla Daniels,Consumer,Central,Technology,Accessories
CA-942086,2025-04-08,2025-04-10,First Class,CUST-3734,Hannah Watkins,Corporate,West,Technology,Copiers
CA-932232,2023-07-20,2025-04-27,Same Day,CUST-1249,Samantha Mccormick,Corporate,South,Office Supplies,Labels
CA-513878,2024-12-29,2025-04-30,Same Day,CUST-4233,Paula Cooper,Corporate,Central,Office Supplies,Binders
CA-815803,2024-06-14,2025-04-24,Standard Class,CUST-1031,Sheila Paul,Consumer,East,Technology,Computers
CA-560500,2024-01-03,2025-04-20,Same Day,CUST-7800,Amy Williams,Corporate,East,Furniture,Chairs
CA-176260,2024-07-20,2025-04-27,Same Day,CUST-1412,Jill Spence,Consumer,South,Office Supplies,Paper
CA-558581,2023-10-18,2025-04-23,First Class,CUST-1337,Zachary Rodriguez,Corporate,West,Technology,Machines
CA-298264,2024-04-29,2025-05-04,Second Class,CUST-5516,William Walker,Consumer,West,Technology,Phones
CA-154433,2024-12-31,2025-05-04,Standard Class,CUST-3320,Preston Berry,Home Office,West,Furniture,Chairs
CA-774782,2024-12-11,2025-05-08,First Class,CUST-1231,Dr. Ray Miller,Consumer,Central,Office Supplies,Storage
CA-380114,2024-10-15,2025-05-04,First Class,CUST-3922,Rebecca Hunt,Corporate,East,Technology,Accessories
CA-710631,2024-08-25,2025-04-20,First Class,CUST-3052,Eric Anderson,Corporate,Central,Furniture,Bookcases
CA-680282,2023-10-03,2025-05-06,Same Day,CUST-8128,Katie Parker,Corporate,South,Furniture,Chairs
CA-274057,2025-03-17,2025-04-21,Second Class,CUST-8856,Joshua Martinez,Home Office,South,Office Supplies,Storage
CA-317524,2024-12-08,2025-04-30,Same Day,CUST-6884,Paul Kerr,Consumer,West,Technology,Phones
CA-642744,2023-10-23,2025-04-15,First Class,CUST-3829,Sabrina Kelly,Corporate,West,Technology,Accessories
CA-153267,2023-07-06,2025-05-03,First Class,CUST-1429,Robert Drake,Consumer,South,Furniture,Bookcases
CA-263020,2024-08-01,2025-05-05,Same Day,CUST-1131,Melanie Mueller,Consumer,Central,Office Supplies,Storage
CA-181878,2025-03-11,2025-04-21,Standard Class,CUST-3096,Alex Dyer,Consumer,East,Office Supplies,Labels
CA-149406,2024-01-21,2025-04-30,Second Class,CUST-4600,Julie Wong,Home Office,Central,Technology,Copiers
CA-818277,2024-02-20,2025-04-14,Standard Class,CUST-9638,Rachel Snyder,Home Office,Central,Technology,Machines
CA-228867,2024-08-29,2025-05-03,Second Class,CUST-6912,Jennifer Rodriguez,Corporate,South,Office Supplies,Binders
CA-479253,2024-09-16,2025-04-20,Standard Class,CUST-6190,John Myers,Consumer,South,Office Supplies,Paper
CA-321315,2024-08-15,2025-04-15,Same Day,CUST-7102,Jean Miller,Corporate,West,Technology,Accessories
CA-395917,2025-01-14,2025-04-29,Standard Class,CUST-8874,Bethany Holt,Home Office,West,Office Supplies,Art
CA-861627,2023-08-20,2025-05-07,Standard Class,CUST-7395,Kelsey Turner,Consumer,Central,Office Supplies,Binders
CA-102442,2023-10-14,2025-05-04,Standard Class,CUST-5105,Bruce Jenkins,Home Office,East,Office Supplies,Storage
CA-319000,2024-06-02,2025-04-21,Second Class,CUST-6298,Nicole Bender,Home Office,East,Technology,Phones
CA-255565,2024-06-12,2025-04-30,Same Day,CUST-9220,Christina Martin,Home Office,South,Office Supplies,Labels
CA-905046,2024-09-18,2025-04-22,Same Day,CUST-3444,Janet Murphy,Home Office,Central,Technology,Machines
CA-565585,2024-07-17,2025-05-03,First Class,CUST-2304,Dr. Christopher Myers,Corporate,Central,Technology,Copiers
CA-989291,2023-09-18,2025-05-04,Standard Class,CUST-3503,Tiffany Perry,Consumer,Central,Furniture,Chairs
CA-941150,2024-08-28,2025-04-29,First Class,CUST-2944,Jennifer Harrington,Home Office,Central,Office Supplies,Labels
CA-233089,2024-09-15,2025-04-25,Second Class,CUST-6762,Anthony White,Consumer,South,Furniture,Tables
CA-391036,2023-05-15,2025-04-20,First Class,CUST-9228,Destiny Munoz,Consumer,East,Technology,Phones
CA-353926,2024-11-16,2025-04-28,Standard Class,CUST-9595,James Perez,Corporate,West,Technology,Accessories
CA-823002,2023-07-19,2025-04-30,Second Class,CUST-4209,Kyle Roberts,Consumer,Central,Technology,Copiers
CA-542071,2024-10-18,2025-04-09,Standard Class,CUST-6627,Jessica Gonzalez,Corporate,West,Office Supplies,Labels
CA-542359,2023-09-05,2025-04-22,Second Class,CUST-6001,Jane Fuller,Consumer,Central,Technology,Computers
CA-447456,2023-07-13,2025-04-22,First Class,CUST-2760,Laurie Perez,Corporate,Central,Technology,Computers
CA-419755,2023-09-21,2025-05-05,Standard Class,CUST-3716,Angelica Cline,Home Office,West,Furniture,Furnishings
CA-555438,2024-04-21,2025-05-04,Standard Class,CUST-2011,Erica Davis,Corporate,West,Technology,Phones
CA-585389,2024-09-12,2025-04-25,Same Day,CUST-6464,Sara Ellis,Consumer,East,Technology,Copiers
CA-293386,2023-10-14,2025-04-10,Standard Class,CUST-2708,Cody King,Consumer,South,Furniture,Bookcases
CA-482470,2023-06-03,2025-04-17,Same Day,CUST-1188,Patrick Hodge,Consumer,East,Furniture,Furnishings
CA-310128,2023-10-11,2025-04-26,First Class,CUST-6908,Linda Evans,Home Office,West,Furniture,Tables
CA-176649,2024-11-22,2025-04-15,Second Class,CUST-5951,Nicole Pierce,Home Office,Central,Furniture,Bookcases
CA-502969,2024-08-04,2025-04-23,Same Day,CUST-3284,Belinda Harrington,Consumer,West,Office Supplies,Storage
CA-880368,2024-04-05,2025-04-17,Second Class,CUST-1559,Jodi Gonzalez,Consumer,South,Technology,Accessories
CA-663582,2024-04-17,2025-04-10,Standard Class,CUST-8851,Jason Tate,Corporate,East,Technology,Machines
CA-218035,2025-01-11,2025-04-30,Second Class,CUST-2080,Darlene Kennedy,Consumer,Central,Office Supplies,Paper
CA-635471,2025-02-08,2025-05-03,Same Day,CUST-7838,Robert Martinez,Home Office,East,Technology,Accessories
CA-441547,2024-09-02,2025-04-15,Standard Class,CUST-6038,Kim Juarez,Consumer,West,Furniture,Bookcases
CA-872569,2024-10-02,2025-04-19,Standard Class,CUST-8948,Anna Carson,Home Office,Central,Technology,Copiers
CA-654162,2024-02-10,2025-04-16,Second Class,CUST-8824,Lawrence Thomas,Home Office,South,Office Supplies,Labels
CA-340955,2025-03-05,2025-04-11,Second Class,CUST-3363,Daniel Horne,Home Office,Central,Office Supplies,Paper
CA-358991,2023-08-11,2025-04-18,Second Class,CUST-6119,Jennifer Deleon,Consumer,West,Technology,Phones
CA-488554,2023-04-16,2025-05-07,Second Class,CUST-3620,Dustin Lewis,Home Office,East,Technology,Copiers
CA-290353,2024-03-08,2025-04-15,Same Day,CUST-4448,Andre Mendoza,Consumer,West,Furniture,Bookcases
CA-486312,2023-08-18,2025-04-23,Standard Class,CUST-7840,Ronald Johnson,Corporate,Central,Technology,Phones
CA-362639,2025-01-05,2025-05-02,First Class,CUST-1833,Denise Carter,Consumer,West,Furniture,Bookcases
CA-814294,2023-06-16,2025-05-02,Second Class,CUST-2442,David Johnson,Home Office,East,Furniture,Tables
CA-406401,2024-06-10,2025-05-08,Same Day,CUST-6809,Victoria Velasquez,Home Office,West,Furniture,Chairs
CA-779418,2023-06-10,2025-04-30,Standard Class,CUST-2025,Kimberly Anthony,Home Office,Central,Office Supplies,Art
CA-378549,2023-06-15,2025-04-26,First Class,CUST-4846,Mary Wood,Consumer,West,Furniture,Chairs
CA-978131,2024-12-18,2025-04-14,Standard Class,CUST-9853,Susan Lucero,Corporate,South,Technology,Accessories
CA-792003,2023-12-26,2025-05-03,Second Class,CUST-1855,David Holt,Consumer,Central,Technology,Accessories
CA-122125,2025-03-21,2025-04-15,First Class,CUST-7318,Scott Hunt,Home Office,East,Office Supplies,Art
CA-322639,2024-10-21,2025-05-03,First Class,CUST-4608,Anne Rivera,Consumer,Central,Office Supplies,Paper
CA-932043,2025-04-05,2025-04-25,First Class,CUST-4777,Blake Black,Corporate,East,Office Supplies,Paper
CA-266615,2024-04-24,2025-05-01,Second Class,CUST-4159,Michael Williams,Home Office,Central,Office Supplies,Labels
CA-169834,2023-08-15,2025-04-16,First Class,CUST-6820,Jennifer Miller,Home Office,Central,Furniture,Tables
CA-888724,2024-08-26,2025-04-17,First Class,CUST-8241,Gabrielle Fischer,Consumer,Central,Technology,Computers
CA-657265,2023-04-27,2025-04-14,Same Day,CUST-1420,Joshua Saunders,Consumer,West,Technology,Copiers
CA-719616,2024-08-02,2025-04-19,Standard Class,CUST-3915,Jenna Rodriguez,Consumer,Central,Technology,Machines
CA-771082,2023-12-02,2025-04-13,Same Day,CUST-8487,Todd Mcdaniel,Consumer,West,Furniture,Bookcases
CA-302239,2024-01-26,2025-04-12,Standard Class,CUST-3189,Jessica Herman,Consumer,East,Furniture,Furnishings
CA-693530,2025-01-09,2025-04-09,Standard Class,CUST-9647,Sarah Andrade,Consumer,East,Furniture,Bookcases
CA-776659,2023-06-29,2025-04-24,Standard Class,CUST-2433,Tyler Alvarez,Corporate,East,Furniture,Chairs
CA-736028,2024-12-22,2025-04-22,First Class,CUST-7909,Mary Jackson,Home Office,South,Furniture,Furnishings
CA-361606,2023-08-26,2025-04-23,Same Day,CUST-5273,Calvin Vazquez,Corporate,East,Technology,Copiers
CA-507676,2025-01-24,2025-04-18,Standard Class,CUST-5425,Amanda Hoffman,Home Office,East,Technology,Machines
CA-630940,2024-08-08,2025-04-25,Same Day,CUST-8413,Stephanie Christian,Corporate,Central,Technology,Machines
CA-363758,2025-03-08,2025-04-10,First Class,CUST-1076,Katelyn Kemp,Corporate,West,Furniture,Tables
CA-342853,2024-12-06,2025-04-29,First Class,CUST-8175,Anita Boyd,Home Office,West,Furniture,Tables
CA-706049,2025-04-02,2025-05-07,Same Day,CUST-3554,Tonya Robinson,Home Office,Central,Technology,Computers
CA-382157,2024-08-31,2025-04-17,First Class,CUST-3843,Eduardo Garcia,Corporate,South,Furniture,Chairs
CA-923387,2024-09-28,2025-04-18,Same Day,CUST-4764,Matthew Jimenez,Corporate,Central,Office Supplies,Labels
CA-284837,2024-10-07,2025-04-15,First Class,CUST-4279,Gabriel Olsen,Home Office,East,Furniture,Furnishings
CA-648638,2023-09-30,2025-04-22,Standard Class,CUST-8262,Jasmine Bell,Home Office,South,Furniture,Chairs
CA-804659,2024-09-05,2025-04-20,First Class,CUST-2111,Julie Barrett,Home Office,Central,Furniture,Bookcases
CA-315465,2023-10-18,2025-05-01,First Class,CUST-7069,Stephen Coleman,Home Office,Central,Technology,Computers
CA-174789,2024-02-18,2025-05-02,Standard Class,CUST-6486,Catherine Webb,Home Office,South,Office Supplies,Paper
CA-187019,2024-08-31,2025-04-13,First Class,CUST-2054,Megan Hughes,Corporate,South,Furniture,Tables
CA-166253,2023-08-15,2025-04-19,Second Class,CUST-5094,Andre Richards,Home Office,Central,Furniture,Chairs
CA-637119,2023-10-22,2025-04-21,Second Class,CUST-9162,Sydney Chan,Consumer,Central,Furniture,Furnishings
CA-505458,2023-12-01,2025-04-27,Standard Class,CUST-3955,Cathy Rogers,Consumer,West,Office Supplies,Binders
CA-355871,2023-11-09,2025-04-30,Standard Class,CUST-8708,Patricia Shah,Consumer,Central,Furniture,Bookcases
CA-636440,2023-05-09,2025-04-30,Standard Class,CUST-8156,Cynthia Atkinson,Home Office,West,Furniture,Chairs
CA-143014,2024-04-27,2025-04-12,Same Day,CUST-4310,Shelby Klein,Consumer,West,Office Supplies,Paper
CA-626823,2023-08-25,2025-04-23,Same Day,CUST-2551,Jessica Torres,Corporate,South,Furniture,Chairs
CA-837953,2023-08-17,2025-05-01,Second Class,CUST-4970,Joseph Duran,Corporate,West,Technology,Copiers
CA-570387,2024-06-16,2025-05-07,Same Day,CUST-5704,Robert Stevenson,Consumer,East,Office Supplies,Paper
CA-133379,2025-01-28,2025-04-21,Standard Class,CUST-5402,Eric Wyatt,Corporate,West,Technology,Computers
CA-612248,2024-02-06,2025-04-09,Same Day,CUST-8990,Jessica Bentley,Home Office,East,Office Supplies,Labels
CA-811696,2025-02-24,2025-05-02,Standard Class,CUST-9628,Patricia Long,Consumer,South,Technology,Computers
CA-127459,2023-10-05,2025-04-27,Standard Class,CUST-4063,Sara Holt,Corporate,East,Office Supplies,Storage
CA-567114,2023-05-13,2025-05-03,Second Class,CUST-7816,Misty Conner,Corporate,Central,Office Supplies,Storage
CA-599830,2024-12-29,2025-04-29,Same Day,CUST-1931,David Tucker,Home Office,East,Office Supplies,Art
CA-178352,2024-06-17,2025-04-21,First Class,CUST-5143,Patricia Lopez,Corporate,West,Technology,Machines
CA-369350,2024-10-10,2025-04-09,First Class,CUST-2264,Tara Weaver,Home Office,Central,Technology,Accessories
CA-107580,2023-05-06,2025-04-09,Second Class,CUST-5847,Darin King,Home Office,East,Office Supplies,Art
CA-552250,2024-05-03,2025-05-08,First Class,CUST-1746,Kevin Scott,Consumer,East,Office Supplies,Paper
CA-632764,2024-07-22,2025-04-20,First Class,CUST-5598,Laurie Chavez,Consumer,East,Office Supplies,Binders
CA-926642,2023-05-29,2025-04-13,Second Class,CUST-2924,Karen Walters,Home Office,Central,Furniture,Furnishings
CA-805780,2024-02-23,2025-04-29,Second Class,CUST-2127,Caitlyn Fowler,Home Office,South,Technology,Phones
CA-118187,2024-05-04,2025-04-29,Standard Class,CUST-6698,Rebecca Campbell,Home Office,South,Technology,Machines
CA-765093,2024-08-10,2025-04-16,First Class,CUST-6307,Margaret Douglas,Corporate,West,Furniture,Furnishings
CA-538636,2025-03-16,2025-05-07,Same Day,CUST-4970,Brandon Garcia,Home Office,East,Furniture,Bookcases
CA-612561,2025-01-18,2025-04-29,Standard Class,CUST-2813,Melissa Stephens,Home Office,Central,Technology,Machines
CA-725261,2024-04-21,2025-05-05,First Class,CUST-7727,Julie Aguirre,Consumer,East,Technology,Computers
CA-332275,2023-09-19,2025-04-09,First Class,CUST-9948,Justin Williams,Consumer,East,Furniture,Chairs
CA-533174,2023-12-25,2025-05-01,Same Day,CUST-1548,Anthony Smith,Consumer,West,Technology,Phones
CA-912982,2023-12-01,2025-04-15,Standard Class,CUST-1779,Sharon Lewis,Corporate,East,Office Supplies,Paper
CA-346331,2023-05-23,2025-04-21,Same Day,CUST-9882,Nicole Harper,Corporate,South,Office Supplies,Labels
CA-559238,2024-12-06,2025-04-13,First Class,CUST-2433,Marcus Henry,Corporate,Central,Technology,Machines
CA-436020,2024-11-15,2025-04-12,First Class,CUST-4887,Luis Brown,Home Office,East,Office Supplies,Binders
CA-954778,2025-03-30,2025-04-26,Same Day,CUST-3341,Tyler Chapman,Corporate,Central,Furniture,Tables
CA-739453,2024-04-05,2025-04-20,Second Class,CUST-4963,Alejandra Johnson,Home Office,East,Office Supplies,Labels
CA-956960,2023-07-28,2025-04-11,Second Class,CUST-1368,Michael Browning,Corporate,Central,Office Supplies,Binders
CA-842160,2024-10-10,2025-05-07,Standard Class,CUST-8173,Mr. Francisco Benson,Corporate,South,Office Supplies,Art
CA-755053,2024-07-21,2025-04-11,Standard Class,CUST-2363,Michael Mann,Home Office,South,Technology,Copiers
CA-668366,2024-12-22,2025-04-16,First Class,CUST-1486,Christopher Huffman,Consumer,East,Office Supplies,Paper
CA-263366,2024-12-28,2025-05-04,Standard Class,CUST-5608,Tammy Patel,Consumer,South,Technology,Machines
CA-617097,2024-09-09,2025-04-30,Same Day,CUST-7017,Tiffany Bishop,Home Office,Central,Office Supplies,Binders
CA-833926,2024-11-18,2025-04-24,Standard Class,CUST-1758,Brian Vincent,Corporate,East,Office Supplies,Binders
CA-527953,2024-11-19,2025-04-24,Same Day,CUST-9315,Stephanie Santos,Consumer,West,Technology,Accessories
CA-520593,2023-04-12,2025-04-14,Second Class,CUST-6324,David Armstrong,Corporate,Central,Furniture,Bookcases
CA-243093,2024-09-13,2025-04-10,Second Class,CUST-8196,Donna Sullivan,Consumer,West,Office Supplies,Storage
CA-386185,2023-10-17,2025-04-27,Second Class,CUST-4709,Gregory Schwartz,Consumer,South,Office Supplies,Labels
CA-499931,2025-01-24,2025-04-13,Same Day,CUST-8849,Erica Anderson,Corporate,East,Office Supplies,Paper
CA-612348,2025-01-02,2025-04-19,Second Class,CUST-2693,Tony Cooper,Corporate,West,Technology,Copiers
CA-576447,2023-07-18,2025-04-10,First Class,CUST-1463,Dean Scott,Consumer,South,Furniture,Chairs
CA-638252,2023-11-16,2025-04-14,Standard Class,CUST-1716,Christina Farmer,Consumer,South,Office Supplies,Art
CA-267339,2024-10-23,2025-05-07,Second Class,CUST-1381,Thomas Guerrero,Corporate,Central,Office Supplies,Labels
CA-348759,2025-03-23,2025-05-06,Same Day,CUST-3827,Kelly Larson,Consumer,Central,Office Supplies,Storage
CA-900295,2025-02-16,2025-04-27,First Class,CUST-7677,Sarah Roberts,Home Office,West,Technology,Accessories
CA-586992,2025-03-08,2025-04-28,Second Class,CUST-8597,Martin Townsend,Corporate,South,Technology,Phones
CA-721401,2023-11-30,2025-05-05,First Class,CUST-5159,Kevin Brown,Home Office,South,Technology,Copiers
CA-447762,2024-06-28,2025-04-29,Same Day,CUST-9583,Juan White,Consumer,South,Office Supplies,Paper
CA-630672,2025-04-07,2025-04-30,First Class,CUST-9223,Adam Ewing,Corporate,South,Office Supplies,Binders
CA-696794,2024-06-11,2025-04-28,Same Day,CUST-6866,Melissa Meyers,Home Office,West,Office Supplies,Storage
CA-970419,2023-12-22,2025-04-22,Same Day,CUST-2675,John Murphy,Corporate,South,Technology,Machines
CA-801072,2023-12-22,2025-05-03,Standard Class,CUST-3243,Shannon Terry,Consumer,South,Technology,Machines
CA-463513,2023-05-20,2025-04-10,Standard Class,CUST-8737,Tammy Rodriguez,Home Office,West,Office Supplies,Art
CA-145001,2024-10-02,2025-04-25,Same Day,CUST-7920,Terri Pena,Corporate,Central,Office Supplies,Paper
CA-732882,2024-11-13,2025-04-20,Standard Class,CUST-2054,Michael Benton,Home Office,Central,Office Supplies,Paper
CA-850144,2023-10-16,2025-04-12,First Class,CUST-5851,Deborah Brown,Consumer,Central,Office Supplies,Paper
CA-607784,2024-07-11,2025-04-19,Second Class,CUST-7586,Drew Marsh,Home Office,West,Technology,Accessories
CA-416360,2023-08-23,2025-04-09,Second Class,CUST-8733,Michael Thomas,Consumer,East,Furniture,Furnishings
CA-686035,2023-04-18,2025-05-04,Standard Class,CUST-8893,Andrew Baker,Home Office,Central,Technology,Phones
CA-572668,2023-04-12,2025-05-07,Second Class,CUST-1819,Andrew Frost,Corporate,East,Technology,Computers
CA-432337,2024-06-20,2025-04-22,First Class,CUST-6759,Lance Monroe,Corporate,West,Furniture,Bookcases
CA-745685,2023-11-27,2025-04-29,First Class,CUST-2194,Samantha Jones,Corporate,Central,Technology,Phones
CA-582608,2023-07-28,2025-04-30,First Class,CUST-7579,Catherine Gilbert,Home Office,South,Technology,Accessories
CA-411812,2023-09-15,2025-04-11,Second Class,CUST-1543,Joshua Daniel,Home Office,East,Office Supplies,Paper
CA-634121,2025-01-27,2025-05-04,First Class,CUST-5799,David Munoz,Corporate,West,Office Supplies,Labels
CA-958242,2023-05-30,2025-04-16,First Class,CUST-3037,Michael Williams,Corporate,South,Office Supplies,Labels
CA-725147,2024-06-20,2025-04-16,Same Day,CUST-2773,Joshua Berry,Home Office,East,Technology,Computers
CA-855448,2024-10-13,2025-04-27,Same Day,CUST-2061,Cynthia Stone,Consumer,Central,Technology,Machines
CA-421190,2024-09-14,2025-04-24,First Class,CUST-4326,Andrew Williams,Corporate,West,Furniture,Bookcases
CA-178379,2024-03-24,2025-04-28,Same Day,CUST-9666,Michael Nelson,Home Office,East,Office Supplies,Labels
CA-718130,2023-11-28,2025-04-12,Same Day,CUST-6045,Scott Cooper Jr.,Corporate,Central,Office Supplies,Art
CA-951346,2024-06-23,2025-04-25,First Class,CUST-1816,Mr. Daniel Garrison,Home Office,Central,Technology,Computers
CA-603979,2024-11-10,2025-04-16,Second Class,CUST-6091,Erica Brooks,Home Office,Central,Technology,Computers
CA-623308,2023-12-03,2025-04-21,Second Class,CUST-8124,Daniel Duncan,Corporate,East,Technology,Computers
CA-550831,2025-03-28,2025-04-10,Same Day,CUST-9653,Brian Lopez,Corporate,South,Office Supplies,Labels
CA-501893,2023-08-10,2025-04-12,Same Day,CUST-2538,David Reynolds,Consumer,Central,Furniture,Bookcases
CA-769468,2023-12-17,2025-04-29,First Class,CUST-7592,George Garcia,Corporate,West,Furniture,Bookcases
CA-107069,2024-04-25,2025-05-07,Second Class,CUST-8037,Jeffery Ruiz,Corporate,West,Office Supplies,Storage
CA-410553,2024-05-28,2025-04-12,Second Class,CUST-7517,Craig White,Corporate,South,Office Supplies,Binders
CA-585598,2024-05-18,2025-04-21,Same Day,CUST-6823,Edward Hunter,Corporate,West,Office Supplies,Storage
CA-858640,2024-09-22,2025-05-06,Same Day,CUST-6715,Lisa Owens,Home Office,Central,Furniture,Bookcases
CA-219006,2024-09-27,2025-04-18,Standard Class,CUST-7022,Paula Andrews,Home Office,Central,Office Supplies,Art
CA-839930,2024-10-01,2025-05-03,First Class,CUST-2080,Casey Sanchez,Consumer,East,Office Supplies,Paper
CA-283658,2024-09-07,2025-04-26,Standard Class,CUST-8261,Eddie Adams,Corporate,East,Technology,Accessories
CA-980730,2023-12-28,2025-05-08,Same Day,CUST-5512,Jessica Hamilton,Consumer,South,Office Supplies,Binders
CA-494989,2024-07-28,2025-05-06,First Class,CUST-3838,Mrs. Deborah Marshall,Corporate,Central,Technology,Computers
CA-411529,2023-05-20,2025-05-01,Second Class,CUST-1970,Charles Barrett,Home Office,East,Office Supplies,Art
CA-681701,2024-09-04,2025-04-15,Same Day,CUST-4999,Jason Moore,Consumer,South,Office Supplies,Art
CA-388513,2024-07-04,2025-04-09,First Class,CUST-6126,Emily Roberts,Consumer,Central,Office Supplies,Labels
CA-549319,2023-06-15,2025-05-01,Second Class,CUST-9712,Eric Dyer,Corporate,South,Technology,Copiers
CA-723201,2024-11-10,2025-04-20,Second Class,CUST-1624,Jonathan Russell,Consumer,South,Office Supplies,Art
CA-608164,2023-06-14,2025-04-18,First Class,CUST-5336,Kyle Mclean,Corporate,West,Office Supplies,Storage
CA-273370,2024-09-01,2025-04-09,Same Day,CUST-8270,Jason Freeman,Consumer,Central,Technology,Accessories
CA-358837,2024-02-18,2025-04-30,Second Class,CUST-9191,Brian Zhang,Home Office,West,Office Supplies,Paper
CA-195748,2023-09-10,2025-04-12,Standard Class,CUST-2874,Sarah Scott,Home Office,Central,Furniture,Chairs
CA-715037,2024-03-04,2025-04-25,First Class,CUST-3461,Brenda Roberts,Home Office,South,Technology,Copiers
CA-207783,2024-02-05,2025-05-07,Same Day,CUST-8757,William Foster,Corporate,Central,Furniture,Tables
CA-899298,2024-06-15,2025-04-16,Same Day,CUST-8157,Melissa Taylor,Home Office,East,Office Supplies,Storage
CA-279212,2023-09-07,2025-04-29,Second Class,CUST-7465,Alicia Mercado,Consumer,West,Office Supplies,Paper
CA-134948,2024-07-15,2025-05-05,Second Class,CUST-2447,John Cox,Consumer,South,Furniture,Furnishings
CA-258091,2023-09-04,2025-04-18,Second Class,CUST-7558,Jeffrey Stanley,Corporate,West,Technology,Copiers
CA-589717,2025-02-23,2025-04-27,Standard Class,CUST-9562,Maria Washington,Home Office,Central,Furniture,Furnishings
CA-861167,2024-10-28,2025-04-26,Same Day,CUST-8727,Thomas Meyer,Consumer,Central,Furniture,Chairs
CA-512878,2024-11-26,2025-04-23,Same Day,CUST-7666,Alison Little,Home Office,South,Furniture,Furnishings
CA-511165,2024-08-15,2025-04-12,Same Day,CUST-2873,Jason Spencer,Corporate,West,Technology,Accessories
CA-353078,2023-09-07,2025-05-01,Standard Class,CUST-2856,John Shields,Consumer,South,Office Supplies,Storage
CA-295243,2025-02-06,2025-04-09,First Class,CUST-2576,Eric Santiago,Consumer,South,Furniture,Chairs
CA-118511,2023-12-31,2025-05-01,Second Class,CUST-3714,Amber Hernandez,Home Office,Central,Technology,Machines
CA-876463,2025-01-17,2025-04-29,Same Day,CUST-9115,Raymond Calhoun,Corporate,East,Furniture,Chairs
CA-450940,2025-04-08,2025-04-15,Same Day,CUST-4728,Michael Crane,Corporate,Central,Furniture,Furnishings
CA-397806,2023-10-28,2025-04-20,Same Day,CUST-5207,Zachary Gibbs,Home Office,Central,Office Supplies,Storage
CA-637456,2023-04-10,2025-05-07,Second Class,CUST-4271,Raymond Ramos,Corporate,Central,Technology,Computers
CA-183955,2025-01-27,2025-05-04,Standard Class,CUST-5634,Andrew Ellis,Corporate,West,Technology,Computers
CA-299828,2024-07-15,2025-04-23,First Class,CUST-7555,Mary Lewis,Consumer,Central,Technology,Phones
CA-116402,2025-01-07,2025-04-14,Same Day,CUST-1596,Donald Fletcher,Home Office,East,Technology,Computers
CA-392782,2023-11-01,2025-05-01,Same Day,CUST-5457,Jennifer Cardenas,Corporate,East,Office Supplies,Labels
CA-168909,2023-11-02,2025-04-16,Same Day,CUST-3595,Brian Baird,Consumer,Central,Furniture,Tables
CA-823425,2025-03-21,2025-04-15,Standard Class,CUST-9449,Kenneth Ayala,Home Office,South,Office Supplies,Paper
CA-196402,2025-01-29,2025-04-20,Second Class,CUST-3647,Kristin Ferguson,Home Office,South,Office Supplies,Binders
CA-242019,2025-03-18,2025-04-30,First Class,CUST-2997,Paul Garcia,Home Office,Central,Furniture,Tables
CA-701336,2024-08-06,2025-04-27,Second Class,CUST-4380,Vanessa Fields,Consumer,East,Furniture,Tables
CA-734205,2023-11-25,2025-04-25,Second Class,CUST-6674,Bobby Russo,Consumer,West,Office Supplies,Art
CA-274027,2025-03-05,2025-04-28,Same Day,CUST-2037,Andrew Holmes,Corporate,East,Office Supplies,Labels
CA-606128,2024-09-03,2025-05-01,Standard Class,CUST-7189,Katelyn Williams,Consumer,South,Technology,Phones
CA-799201,2024-07-28,2025-04-27,Standard Class,CUST-1828,Amy Barnes,Corporate,South,Office Supplies,Labels
CA-316872,2024-02-18,2025-04-19,Second Class,CUST-1779,Katelyn Fernandez,Consumer,East,Technology,Accessories
CA-691739,2024-09-20,2025-04-23,First Class,CUST-5558,Derrick Bird,Consumer,Central,Furniture,Bookcases
CA-277087,2025-01-14,2025-05-05,Second Class,CUST-4926,Mrs. Anna Smith,Consumer,East,Office Supplies,Binders
CA-310285,2024-11-30,2025-04-21,Second Class,CUST-4184,Robert Reynolds,Consumer,Central,Furniture,Tables
CA-938260,2023-06-12,2025-04-19,Second Class,CUST-6304,Isaac Williams,Corporate,East,Furniture,Tables
CA-616677,2024-07-10,2025-05-06,Same Day,CUST-4956,Jeremiah Burns,Home Office,East,Furniture,Tables
CA-764856,2024-10-22,2025-05-08,Second Class,CUST-5457,Joseph Jones,Home Office,East,Furniture,Bookcases
CA-192144,2024-01-31,2025-05-02,Same Day,CUST-5554,Jordan Mendoza,Corporate,East,Furniture,Furnishings
CA-544485,2023-05-23,2025-04-09,Second Class,CUST-2834,Jessica Jones,Consumer,South,Office Supplies,Art
CA-179801,2024-02-10,2025-05-02,Same Day,CUST-8398,Christina Edwards,Home Office,East,Office Supplies,Art
CA-652670,2023-10-12,2025-04-10,Standard Class,CUST-5667,Jake Patterson,Home Office,South,Technology,Copiers
CA-638634,2023-09-20,2025-04-27,Second Class,CUST-8486,Sarah Armstrong,Home Office,Central,Office Supplies,Binders
CA-653276,2024-11-11,2025-04-10,First Class,CUST-2724,Anthony Cortez,Home Office,South,Office Supplies,Storage
CA-153800,2024-08-11,2025-04-22,First Class,CUST-6179,Jason Juarez,Home Office,West,Furniture,Bookcases
CA-822830,2023-06-04,2025-04-09,Same Day,CUST-3365,Geoffrey Olsen DVM,Corporate,South,Technology,Copiers
CA-202419,2024-10-06,2025-05-03,First Class,CUST-6028,Sharon Ramos,Home Office,Central,Office Supplies,Paper
CA-376056,2023-12-03,2025-04-29,First Class,CUST-9505,Judy Evans,Consumer,South,Furniture,Bookcases
CA-456761,2024-03-08,2025-05-01,First Class,CUST-1742,Cynthia Holmes,Consumer,West,Technology,Phones
CA-316347,2024-04-11,2025-04-23,Same Day,CUST-7199,Gerald Smith,Consumer,West,Technology,Accessories
CA-922375,2024-10-20,2025-05-05,First Class,CUST-9495,Walter Garcia,Home Office,West,Furniture,Tables
CA-260597,2023-10-28,2025-04-09,First Class,CUST-2406,Michael Perry,Home Office,Central,Office Supplies,Binders
CA-851614,2023-07-23,2025-05-03,Same Day,CUST-1834,Mr. Tyler Douglas,Consumer,East,Furniture,Chairs
CA-601077,2023-12-25,2025-04-09,Same Day,CUST-5404,Brandon Charles,Home Office,Central,Technology,Phones
CA-627829,2024-02-07,2025-05-04,Same Day,CUST-1969,Dr. William Alexander,Corporate,West,Office Supplies,Binders
CA-431991,2024-08-10,2025-04-13,Same Day,CUST-1672,Monica Esparza,Home Office,South,Technology,Machines
CA-610940,2024-12-28,2025-04-28,First Class,CUST-3174,Thomas Wright,Corporate,Central,Technology,Computers
CA-555873,2024-03-12,2025-04-17,First Class,CUST-8239,Sandra Williams,Consumer,Central,Technology,Machines
CA-654281,2025-02-11,2025-04-30,Second Class,CUST-1129,Roberto Snow,Consumer,East,Technology,Computers
CA-344059,2025-01-10,2025-04-18,Second Class,CUST-9067,Kenneth Mclaughlin,Consumer,West,Furniture,Chairs
CA-515070,2024-01-02,2025-04-23,Same Day,CUST-8852,Alicia Thompson,Corporate,Central,Office Supplies,Labels
CA-753391,2024-06-20,2025-04-09,Same Day,CUST-4484,Brittany Moran,Corporate,West,Office Supplies,Paper
CA-350611,2025-04-04,2025-04-30,First Class,CUST-5713,Sara Singh,Consumer,Central,Office Supplies,Paper
CA-378227,2024-07-24,2025-05-08,First Class,CUST-4409,Tracey Davis,Corporate,East,Technology,Phones
CA-356479,2023-12-28,2025-05-03,Same Day,CUST-1433,Nathaniel Rodriguez,Home Office,Central,Office Supplies,Labels
CA-498797,2024-01-20,2025-04-19,Standard Class,CUST-9414,Derrick Dorsey,Consumer,East,Office Supplies,Binders
CA-915566,2024-10-08,2025-04-18,First Class,CUST-7486,Luis Sims,Consumer,West,Office Supplies,Storage
CA-626163,2023-07-04,2025-05-04,Standard Class,CUST-5538,Jennifer White,Home Office,East,Office Supplies,Paper
CA-348670,2024-03-22,2025-04-18,First Class,CUST-7667,Joseph Johnson,Consumer,West,Furniture,Bookcases
CA-679917,2024-02-13,2025-04-25,Second Class,CUST-6958,Corey Wilkerson,Home Office,East,Office Supplies,Storage
CA-564090,2024-12-20,2025-04-12,Same Day,CUST-6315,Sarah Garcia,Corporate,South,Office Supplies,Binders
CA-784892,2024-04-01,2025-04-24,First Class,CUST-7265,Hector Bradford,Home Office,West,Technology,Machines
CA-768246,2025-03-05,2025-05-08,Standard Class,CUST-7079,Jessica Grimes,Home Office,East,Furniture,Chairs
CA-868548,2024-03-07,2025-05-01,First Class,CUST-8041,Patrick Tucker,Corporate,Central,Technology,Accessories
CA-530019,2025-01-13,2025-04-18,Second Class,CUST-4105,Cody Hart,Consumer,East,Office Supplies,Binders
CA-600169,2025-04-08,2025-04-24,Same Day,CUST-9928,Jeffrey Houston,Consumer,West,Technology,Computers
CA-792054,2023-09-16,2025-04-26,Standard Class,CUST-7495,Joshua Roberts,Home Office,East,Furniture,Tables
CA-436110,2024-05-17,2025-04-23,Second Class,CUST-9357,Andrew Park,Home Office,South,Technology,Phones
CA-204325,2024-03-18,2025-04-17,Same Day,CUST-4367,Kevin Payne,Home Office,South,Office Supplies,Paper
CA-471081,2023-07-19,2025-04-19,Standard Class,CUST-8493,Jessica Mcdaniel,Corporate,Central,Office Supplies,Storage
CA-458854,2024-03-25,2025-05-07,First Class,CUST-3858,Sara Blake,Home Office,West,Furniture,Chairs
CA-163298,2025-01-07,2025-04-23,Same Day,CUST-8643,Jacob Frank,Consumer,Central,Office Supplies,Paper
CA-389292,2024-03-06,2025-04-25,Same Day,CUST-5295,Monica Coleman,Home Office,West,Office Supplies,Storage
CA-321381,2024-02-22,2025-04-14,Second Class,CUST-4788,Brian Robinson,Corporate,South,Technology,Phones
CA-771896,2023-05-18,2025-04-22,Second Class,CUST-3385,Lori Martin,Corporate,South,Technology,Copiers
CA-104123,2024-01-25,2025-05-06,Standard Class,CUST-2528,John Taylor,Consumer,West,Office Supplies,Binders
CA-477951,2024-06-20,2025-05-08,Standard Class,CUST-4099,Michelle Smith,Home Office,Central,Furniture,Chairs
CA-942095,2023-08-02,2025-04-18,Same Day,CUST-5228,Jeremy Hodges,Corporate,South,Furniture,Chairs
CA-417606,2023-11-28,2025-05-02,Same Day,CUST-7187,Mr. Ryan Young,Consumer,Central,Office Supplies,Storage
CA-278217,2024-07-19,2025-04-19,Second Class,CUST-9749,Johnathan Sullivan,Consumer,South,Furniture,Tables
CA-836779,2025-04-06,2025-05-07,Second Class,CUST-9927,Elizabeth Wright,Consumer,South,Office Supplies,Labels
CA-631275,2023-06-14,2025-04-21,Same Day,CUST-5720,Mary Sweeney,Consumer,South,Furniture,Tables
CA-401652,2023-08-22,2025-04-23,Second Class,CUST-6888,Kimberly Copeland,Corporate,Central,Furniture,Tables
CA-452164,2024-04-21,2025-04-15,Second Class,CUST-9439,Craig Patel,Consumer,West,Furniture,Tables
CA-429125,2023-05-02,2025-04-10,First Class,CUST-5734,Juan Moss,Corporate,South,Furniture,Chairs
CA-372894,2024-09-06,2025-04-15,Second Class,CUST-7614,Ralph Scott,Corporate,East,Technology,Phones
CA-767887,2023-12-23,2025-04-20,First Class,CUST-7393,Ronald Nielsen,Consumer,South,Furniture,Tables
CA-484192,2024-06-27,2025-04-23,Standard Class,CUST-6503,Ronald Watkins,Corporate,Central,Office Supplies,Binders
CA-209562,2023-05-04,2025-04-19,Second Class,CUST-3651,Deborah Velasquez,Consumer,West,Technology,Phones
CA-709067,2025-04-05,2025-04-12,Standard Class,CUST-5330,Clinton Hall,Consumer,South,Technology,Phones
CA-593952,2024-01-17,2025-04-24,Same Day,CUST-9544,Steven Vazquez,Home Office,East,Technology,Accessories
CA-800635,2024-01-08,2025-04-28,First Class,CUST-4985,Renee Valdez,Home Office,Central,Office Supplies,Binders
CA-793700,2024-02-29,2025-04-30,Standard Class,CUST-7271,Kristy Henderson,Home Office,West,Office Supplies,Storage
CA-161404,2024-11-22,2025-04-27,Standard Class,CUST-7831,Michael Young,Consumer,Central,Furniture,Tables
CA-213525,2024-01-15,2025-04-12,Standard Class,CUST-6283,Roger Murray,Corporate,Central,Technology,Machines
CA-585410,2023-10-01,2025-04-30,Standard Class,CUST-4864,Margaret Lara,Corporate,West,Office Supplies,Labels
CA-968705,2023-08-30,2025-04-17,Second Class,CUST-9557,Mr. Bryce Soto MD,Home Office,Central,Technology,Copiers
CA-199773,2024-04-18,2025-04-18,Same Day,CUST-1639,Mr. Christopher Reed,Corporate,West,Office Supplies,Storage
CA-519825,2024-12-24,2025-04-22,Second Class,CUST-2678,Amber Spencer,Consumer,East,Office Supplies,Binders
CA-380927,2024-03-23,2025-04-28,Standard Class,CUST-3329,Christine Schmidt,Corporate,East,Technology,Machines
CA-216996,2024-08-22,2025-05-06,Standard Class,CUST-3176,Robert Williams,Home Office,East,Technology,Accessories
CA-118893,2023-12-15,2025-04-09,First Class,CUST-8163,Vincent Williams,Consumer,South,Furniture,Furnishings
CA-139719,2023-09-16,2025-04-19,Standard Class,CUST-7112,Emily Jordan,Corporate,West,Furniture,Bookcases
CA-719071,2023-05-03,2025-04-23,Same Day,CUST-7082,William Jackson,Consumer,East,Technology,Copiers
CA-210409,2024-05-06,2025-04-18,First Class,CUST-1570,Alyssa Park,Corporate,South,Technology,Machines
CA-880972,2024-05-12,2025-04-14,Second Class,CUST-2689,Miranda Moore,Corporate,South,Technology,Phones
CA-665701,2024-06-05,2025-05-06,First Class,CUST-9261,Janet Hall,Corporate,West,Furniture,Furnishings
CA-733131,2024-04-12,2025-04-26,Same Day,CUST-4494,Cole Young,Consumer,West,Technology,Computers
CA-491995,2023-11-07,2025-04-19,Second Class,CUST-8162,Amanda Galvan,Home Office,West,Furniture,Tables
CA-915570,2025-03-26,2025-04-19,First Class,CUST-3143,Paula Rose,Consumer,East,Office Supplies,Paper
CA-599561,2024-05-10,2025-05-02,Standard Class,CUST-9060,Jonathan Noble,Consumer,West,Furniture,Chairs
CA-646294,2024-05-22,2025-04-30,Second Class,CUST-6816,Sherry Lowe,Corporate,South,Furniture,Bookcases
CA-256832,2023-07-31,2025-04-10,Second Class,CUST-4314,Chelsey Morris,Corporate,West,Furniture,Bookcases
CA-521016,2024-03-04,2025-05-02,Same Day,CUST-7805,Marcia Torres,Home Office,Central,Office Supplies,Storage
CA-162961,2024-01-04,2025-04-25,First Class,CUST-3921,Dr. Andrea Smith DDS,Consumer,South,Technology,Machines
CA-249251,2024-09-05,2025-04-16,Second Class,CUST-5164,Joel Meza,Home Office,East,Furniture,Chairs
CA-810929,2024-08-22,2025-04-28,First Class,CUST-2011,Chelsea Neal,Home Office,West,Technology,Computers
CA-677612,2024-03-24,2025-04-21,Same Day,CUST-1206,Ruben Wood,Corporate,West,Furniture,Furnishings
CA-199105,2023-08-29,2025-05-04,Standard Class,CUST-9530,Billy Sanchez,Home Office,Central,Furniture,Bookcases
CA-471731,2024-01-25,2025-04-17,Same Day,CUST-8055,Colleen Reyes,Corporate,Central,Furniture,Furnishings
CA-398100,2024-01-02,2025-05-06,Same Day,CUST-4438,Veronica Gibson,Corporate,East,Technology,Accessories
CA-103159,2023-08-11,2025-04-17,Standard Class,CUST-6413,Michelle Johnson,Consumer,South,Office Supplies,Binders
CA-416155,2024-01-25,2025-05-05,Standard Class,CUST-4184,Crystal Davis,Corporate,East,Office Supplies,Binders
CA-121192,2023-12-27,2025-04-16,Same Day,CUST-8429,Samantha Huang,Home Office,West,Technology,Computers
CA-745472,2024-05-19,2025-04-28,Standard Class,CUST-7499,Andrew Davis,Consumer,West,Technology,Computers
CA-889164,2024-04-25,2025-05-05,First Class,CUST-6282,Michelle Carroll,Home Office,South,Furniture,Chairs
CA-960068,2024-11-19,2025-05-06,Second Class,CUST-3553,Madison Morris,Consumer,West,Furniture,Chairs
CA-391642,2024-04-26,2025-05-06,Second Class,CUST-4773,Cameron Rivera,Corporate,Central,Furniture,Furnishings
CA-323258,2025-02-22,2025-04-10,Same Day,CUST-2249,Lawrence Grant,Home Office,East,Technology,Phones
CA-377355,2025-02-06,2025-04-22,First Class,CUST-2834,John Richardson,Corporate,East,Office Supplies,Storage
CA-415400,2025-01-08,2025-04-10,Second Class,CUST-7011,Mrs. Nancy Smith,Corporate,West,Office Supplies,Labels
CA-328571,2024-02-15,2025-04-13,Standard Class,CUST-3057,Donald Martin,Home Office,West,Office Supplies,Binders
CA-407865,2024-09-28,2025-05-06,Standard Class,CUST-6789,Alicia Johnson,Corporate,East,Office Supplies,Art
CA-889370,2023-06-08,2025-04-12,Standard Class,CUST-5702,Kelsey Murphy,Consumer,South,Office Supplies,Storage
CA-892419,2025-01-30,2025-04-19,First Class,CUST-2940,Gwendolyn Kirk,Home Office,West,Furniture,Tables
CA-739026,2023-09-29,2025-04-26,First Class,CUST-6327,Travis Scott,Consumer,South,Technology,Copiers
CA-875328,2024-09-26,2025-04-17,First Class,CUST-2155,Scott Watson,Home Office,West,Office Supplies,Storage
CA-562580,2024-01-27,2025-05-06,Standard Class,CUST-2941,Luis Boyd,Consumer,East,Office Supplies,Art
CA-241208,2023-08-14,2025-04-13,First Class,CUST-6371,Catherine Williams,Home Office,West,Technology,Machines
CA-772977,2024-03-07,2025-04-14,Second Class,CUST-9629,Thomas Castaneda,Corporate,East,Furniture,Chairs
CA-969741,2024-08-03,2025-05-05,First Class,CUST-2398,Mr. Joseph Stout MD,Consumer,East,Furniture,Tables
CA-227918,2023-11-10,2025-04-16,Standard Class,CUST-5383,Christopher Jacobson,Corporate,East,Office Supplies,Binders
CA-246572,2024-08-16,2025-04-28,Same Day,CUST-2719,Michelle Kennedy,Corporate,East,Furniture,Chairs
CA-142289,2023-06-05,2025-04-22,Standard Class,CUST-5485,Mary Castro,Home Office,East,Office Supplies,Binders
CA-317476,2024-03-24,2025-04-19,First Class,CUST-6142,Trevor Woods,Corporate,South,Furniture,Tables
CA-225989,2023-10-05,2025-04-13,Standard Class,CUST-7897,Veronica Norton,Corporate,South,Technology,Accessories
CA-308702,2024-10-05,2025-04-26,First Class,CUST-9934,Andrea Hoover,Consumer,West,Office Supplies,Paper
CA-529521,2024-06-27,2025-04-12,First Class,CUST-2169,Jacqueline Thomas,Consumer,South,Technology,Machines
CA-507030,2023-12-14,2025-04-28,Second Class,CUST-2149,Kevin Espinoza,Consumer,West,Office Supplies,Art
CA-767890,2023-12-26,2025-05-06,Second Class,CUST-9678,Brenda Pope,Corporate,West,Technology,Accessories
CA-840090,2025-03-10,2025-04-29,Second Class,CUST-3537,Jennifer Soto,Home Office,Central,Furniture,Chairs
CA-958375,2024-11-24,2025-04-10,Same Day,CUST-8727,Andrew Warren,Corporate,South,Furniture,Chairs
CA-543696,2023-10-01,2025-04-29,Same Day,CUST-1937,Patricia Bowman,Consumer,Central,Technology,Accessories
CA-187210,2023-10-05,2025-05-07,Same Day,CUST-9865,Tammy Nicholson,Home Office,Central,Office Supplies,Paper
CA-577466,2023-08-11,2025-05-03,Same Day,CUST-5045,Brenda Thomas,Consumer,West,Furniture,Chairs
CA-902752,2023-12-22,2025-04-09,Standard Class,CUST-9706,Kevin Cooper,Corporate,South,Office Supplies,Binders
CA-417108,2023-06-14,2025-04-28,Same Day,CUST-8977,Jessica Ingram,Corporate,Central,Office Supplies,Art
CA-562024,2023-07-02,2025-05-02,Second Class,CUST-6483,Kevin Vaughn,Consumer,West,Furniture,Furnishings
CA-579687,2024-11-06,2025-04-17,Same Day,CUST-9927,Christine Morgan,Corporate,Central,Furniture,Bookcases
CA-620098,2024-11-27,2025-04-29,Standard Class,CUST-9924,Jesse Webb,Consumer,South,Office Supplies,Storage
CA-194598,2024-12-02,2025-05-01,Standard Class,CUST-8440,James Bradshaw,Home Office,West,Office Supplies,Storage
CA-333180,2024-11-25,2025-04-12,First Class,CUST-8627,Julie Hall,Corporate,Central,Furniture,Chairs
CA-742908,2023-10-30,2025-04-23,Same Day,CUST-6567,Dave Davis,Home Office,East,Furniture,Chairs
CA-810582,2023-10-19,2025-04-10,Second Class,CUST-6633,Edward Roberts,Home Office,Central,Office Supplies,Art
CA-609073,2025-01-14,2025-04-21,Same Day,CUST-1913,Timothy Lopez,Corporate,East,Technology,Phones
CA-809734,2025-02-16,2025-04-20,First Class,CUST-2511,Samuel Holmes,Consumer,South,Technology,Phones
CA-933652,2023-07-31,2025-04-11,Standard Class,CUST-4284,Mitchell Shepard,Corporate,Central,Technology,Machines
CA-198635,2024-04-16,2025-05-03,First Class,CUST-4620,Lauren Fox,Home Office,East,Technology,Phones
CA-305072,2024-04-03,2025-05-01,First Class,CUST-8571,Matthew Poole,Consumer,Central,Furniture,Bookcases
CA-782246,2025-01-14,2025-04-26,Standard Class,CUST-4028,Raymond Mcdaniel,Consumer,Central,Technology,Computers
CA-301043,2024-01-09,2025-04-19,Same Day,CUST-8808,Rhonda Phillips,Consumer,West,Technology,Computers
CA-835481,2023-10-29,2025-05-05,First Class,CUST-6102,Danny Nguyen,Corporate,Central,Furniture,Tables
CA-902674,2025-03-21,2025-04-26,Standard Class,CUST-9356,Karen Morgan,Consumer,Central,Technology,Copiers
CA-347464,2023-08-02,2025-05-06,Same Day,CUST-8036,Holly Stephens,Corporate,South,Furniture,Chairs
CA-685039,2025-02-09,2025-04-12,Second Class,CUST-5502,Debbie Arroyo,Corporate,South,Technology,Copiers
CA-413303,2023-05-31,2025-04-24,Second Class,CUST-9756,Luis Hernandez,Consumer,East,Furniture,Tables
CA-738646,2024-01-11,2025-04-14,Same Day,CUST-2192,Amy Moreno,Consumer,West,Office Supplies,Storage
CA-320815,2024-07-14,2025-05-05,First Class,CUST-8714,Kathleen Baldwin,Corporate,South,Furniture,Furnishings
CA-510830,2024-06-10,2025-05-07,First Class,CUST-4000,Jack Watkins,Consumer,Central,Office Supplies,Storage
CA-119866,2024-05-03,2025-04-19,Second Class,CUST-5540,Robert Smith,Home Office,East,Furniture,Chairs
CA-981211,2023-05-22,2025-04-12,First Class,CUST-3443,Alexandra Anderson,Corporate,South,Technology,Computers
CA-130231,2023-07-25,2025-05-01,Same Day,CUST-2883,Michelle Giles,Consumer,Central,Technology,Accessories
CA-798331,2024-04-26,2025-04-11,First Class,CUST-1646,Rhonda Harrell,Consumer,Central,Office Supplies,Binders
CA-874184,2023-10-24,2025-04-28,Standard Class,CUST-8619,George Whitaker,Corporate,South,Technology,Machines
CA-884708,2023-07-01,2025-04-30,Standard Class,CUST-4580,Shawna Hill,Home Office,Central,Office Supplies,Storage
CA-674080,2024-06-12,2025-05-07,Same Day,CUST-4006,Debra Jimenez,Consumer,West,Furniture,Chairs
CA-540142,2023-10-18,2025-05-05,First Class,CUST-9731,Amanda Brown,Home Office,Central,Office Supplies,Binders
CA-903229,2025-03-24,2025-05-05,Same Day,CUST-7772,Diana Lee,Home Office,West,Office Supplies,Storage
CA-156274,2023-07-02,2025-04-18,Second Class,CUST-1632,Erin Moore,Home Office,East,Technology,Computers
CA-555611,2024-06-02,2025-04-29,Standard Class,CUST-9905,Chelsea Marshall,Home Office,West,Furniture,Furnishings
CA-540895,2024-06-24,2025-04-23,Second Class,CUST-6363,Cameron Sawyer,Consumer,South,Technology,Computers
CA-930389,2025-04-04,2025-04-17,Second Class,CUST-2027,James Pearson,Consumer,West,Technology,Copiers
CA-160059,2023-10-09,2025-04-24,Standard Class,CUST-6975,Karina Miller,Consumer,South,Furniture,Furnishings
CA-897180,2023-10-04,2025-05-01,First Class,CUST-8030,John Davis,Home Office,East,Technology,Copiers
CA-123143,2023-09-24,2025-04-10,Second Class,CUST-8816,Richard Molina,Corporate,West,Furniture,Furnishings
CA-555023,2024-11-20,2025-04-09,First Class,CUST-1917,Mrs. Valerie Hunt,Consumer,West,Office Supplies,Paper
CA-317401,2023-09-20,2025-04-23,Standard Class,CUST-3670,Jesus Coleman,Consumer,West,Furniture,Tables
CA-785084,2024-08-25,2025-04-26,First Class,CUST-3653,Heidi Garner,Consumer,East,Furniture,Furnishings
CA-983685,2023-11-10,2025-04-27,Standard Class,CUST-1072,Douglas Fritz,Home Office,Central,Technology,Phones
CA-791120,2023-06-26,2025-04-24,Second Class,CUST-4993,Jennifer Walker,Corporate,West,Office Supplies,Art
CA-656348,2023-07-02,2025-05-07,Second Class,CUST-3546,Brandon Edwards,Consumer,South,Office Supplies,Binders
CA-413108,2023-08-06,2025-05-02,Standard Class,CUST-8056,Casey Schmidt,Home Office,East,Technology,Phones
CA-621049,2024-10-27,2025-04-26,Same Day,CUST-2007,Theresa Allen,Consumer,Central,Office Supplies,Labels
CA-970531,2025-04-08,2025-04-16,Same Day,CUST-8860,Nicole Curtis,Home Office,East,Furniture,Bookcases
CA-109732,2023-12-20,2025-05-03,Standard Class,CUST-9347,Melissa Brock,Consumer,South,Office Supplies,Labels
CA-528424,2024-11-21,2025-04-24,Second Class,CUST-6477,Kevin Taylor,Home Office,Central,Furniture,Furnishings
CA-997354,2024-08-27,2025-04-15,Standard Class,CUST-8194,Mark Butler,Corporate,East,Technology,Phones
CA-277125,2023-09-18,2025-04-29,First Class,CUST-9166,Andrea Jackson,Corporate,West,Furniture,Chairs
CA-846185,2023-07-06,2025-04-21,Standard Class,CUST-4079,Gary Wise,Consumer,West,Office Supplies,Labels
CA-761781,2023-08-26,2025-04-19,First Class,CUST-8953,Melissa Byrd,Consumer,South,Furniture,Chairs
CA-513228,2023-10-02,2025-04-28,Same Day,CUST-9144,Peter Alexander,Home Office,Central,Furniture,Tables
CA-250976,2025-01-30,2025-04-12,Same Day,CUST-3472,Nicholas Reynolds,Corporate,Central,Technology,Machines
CA-906314,2024-10-06,2025-04-09,Same Day,CUST-7069,Drew Tyler,Home Office,South,Office Supplies,Paper
CA-957130,2023-09-12,2025-05-04,Same Day,CUST-6885,William Sutton,Home Office,Central,Office Supplies,Art
CA-969234,2024-06-21,2025-04-23,Same Day,CUST-6392,Zachary Norris,Corporate,East,Furniture,Furnishings
CA-357493,2024-10-05,2025-04-10,Standard Class,CUST-8256,Mitchell Brown,Corporate,West,Office Supplies,Paper
CA-663543,2023-06-23,2025-04-24,First Class,CUST-2261,John Huber,Consumer,Central,Technology,Phones
CA-800005,2024-10-19,2025-04-17,First Class,CUST-2736,Matthew Aguirre,Home Office,Central,Furniture,Chairs
CA-894082,2024-06-14,2025-04-16,Same Day,CUST-3873,Bonnie Davis,Home Office,West,Furniture,Furnishings
CA-943383,2023-07-22,2025-04-21,Second Class,CUST-3415,Derek Mckenzie,Consumer,Central,Furniture,Furnishings
CA-868688,2024-12-13,2025-04-10,Same Day,CUST-9862,Maria Sherman,Corporate,South,Office Supplies,Binders
CA-886121,2023-09-13,2025-05-05,Standard Class,CUST-3823,Stacie Camacho,Home Office,West,Furniture,Furnishings
CA-164666,2023-07-11,2025-04-10,Same Day,CUST-5081,Katie Herrera,Home Office,West,Furniture,Bookcases
CA-140664,2024-05-10,2025-04-26,Standard Class,CUST-6572,Doris Grimes,Corporate,West,Technology,Computers
CA-205713,2023-07-17,2025-05-07,Standard Class,CUST-7662,Joshua Smith,Home Office,South,Office Supplies,Storage
CA-144134,2023-10-13,2025-04-24,Standard Class,CUST-6472,Richard Martin,Home Office,West,Technology,Computers
CA-842554,2024-04-11,2025-04-20,Same Day,CUST-9116,Brian Hines,Consumer,West,Office Supplies,Binders
CA-811688,2024-08-04,2025-04-16,Second Class,CUST-5583,Mark Arnold DDS,Home Office,South,Furniture,Bookcases
CA-462460,2024-04-18,2025-04-28,Second Class,CUST-3862,Heather Christensen,Consumer,East,Office Supplies,Paper
CA-619096,2025-02-26,2025-04-10,Standard Class,CUST-5893,Gabriella Bowman,Corporate,South,Office Supplies,Labels
CA-887488,2024-06-25,2025-05-04,Standard Class,CUST-9185,Joseph Johnson,Corporate,Central,Furniture,Chairs
CA-135516,2025-01-28,2025-04-16,Standard Class,CUST-8980,Matthew Anderson,Corporate,East,Office Supplies,Storage
CA-347699,2023-06-13,2025-05-05,Second Class,CUST-7028,Grace Gonzalez,Home Office,Central,Office Supplies,Art
CA-257668,2023-07-29,2025-04-30,Same Day,CUST-9760,Mary Roberts,Consumer,East,Furniture,Tables
CA-988213,2023-07-17,2025-04-20,First Class,CUST-7580,Linda Lowe,Home Office,East,Furniture,Chairs
CA-194012,2025-01-11,2025-04-15,First Class,CUST-6554,Laura Lopez PhD,Consumer,South,Technology,Machines
CA-339886,2025-03-05,2025-04-19,Second Class,CUST-5149,Jennifer Schneider,Home Office,Central,Furniture,Bookcases
CA-287642,2024-04-04,2025-04-17,Standard Class,CUST-4815,Joshua Garcia,Home Office,East,Technology,Computers
CA-605448,2023-08-24,2025-04-13,First Class,CUST-2898,Nicole Allen,Consumer,East,Furniture,Tables
CA-622939,2024-01-18,2025-05-02,Standard Class,CUST-1884,Patricia Diaz,Home Office,Central,Furniture,Tables
CA-414695,2024-06-09,2025-04-18,Second Class,CUST-6061,Carlos Murray,Consumer,West,Furniture,Bookcases
CA-326397,2024-12-17,2025-05-03,Same Day,CUST-7223,Jared Kim,Home Office,East,Furniture,Chairs
CA-119971,2024-05-26,2025-04-14,First Class,CUST-1711,Ann Johnson,Consumer,West,Furniture,Bookcases
CA-982386,2024-03-01,2025-04-16,Same Day,CUST-3030,Cameron Cruz,Home Office,Central,Office Supplies,Paper
CA-112507,2023-07-05,2025-04-17,First Class,CUST-7594,Todd Mckinney,Consumer,South,Furniture,Bookcases
CA-190184,2024-02-12,2025-04-27,Same Day,CUST-2919,Michael Jones,Corporate,Central,Furniture,Tables
CA-842545,2025-03-08,2025-04-23,Second Class,CUST-7694,Philip Johnson,Corporate,Central,Technology,Copiers
CA-973414,2024-01-14,2025-04-17,Same Day,CUST-6006,Shawn Wheeler,Home Office,East,Office Supplies,Paper
CA-227072,2024-11-07,2025-04-30,Standard Class,CUST-3355,Melissa Sullivan,Home Office,West,Office Supplies,Storage
CA-538138,2023-04-27,2025-05-03,Same Day,CUST-8975,Sarah Zavala,Consumer,East,Office Supplies,Storage
CA-353922,2025-04-04,2025-04-28,Standard Class,CUST-7076,Justin Brown,Consumer,Central,Furniture,Furnishings
CA-542373,2024-10-16,2025-04-17,Same Day,CUST-2341,Belinda Freeman,Corporate,South,Office Supplies,Storage
CA-398673,2024-10-30,2025-05-07,Second Class,CUST-2296,Kelly Novak,Consumer,West,Furniture,Tables
CA-651821,2024-12-15,2025-04-17,Second Class,CUST-1976,Steven Allen,Home Office,East,Office Supplies,Paper
CA-267465,2024-12-18,2025-04-10,First Class,CUST-2281,Michele Warner,Consumer,West,Technology,Machines
CA-943491,2023-10-14,2025-05-03,Same Day,CUST-7840,Julie Morgan,Corporate,South,Office Supplies,Binders
CA-544374,2024-06-27,2025-05-08,Second Class,CUST-1275,Amy Fuller,Corporate,East,Office Supplies,Storage
CA-754118,2024-06-10,2025-04-27,Same Day,CUST-2770,Joseph Rose,Consumer,West,Furniture,Chairs
CA-175129,2024-01-17,2025-05-01,Standard Class,CUST-7412,Beth Romero,Home Office,West,Technology,Machines
CA-353831,2023-12-07,2025-05-03,First Class,CUST-4429,Lisa Moreno,Corporate,West,Office Supplies,Labels
CA-545459,2025-03-27,2025-04-29,Second Class,CUST-4613,Thomas Harris,Corporate,East,Technology,Copiers
CA-383469,2023-04-30,2025-04-27,Second Class,CUST-9818,Bonnie Williams,Corporate,South,Furniture,Bookcases
CA-349879,2024-02-16,2025-04-23,Second Class,CUST-6867,April Rosales,Consumer,Central,Technology,Phones
CA-201096,2024-03-29,2025-04-16,Second Class,CUST-3981,James Snyder,Consumer,East,Technology,Computers
CA-391463,2023-10-31,2025-04-26,Standard Class,CUST-8939,Chad Lawrence,Corporate,South,Technology,Accessories
CA-860141,2024-01-10,2025-04-20,Second Class,CUST-1028,Erica Gutierrez,Corporate,South,Technology,Machines
CA-162111,2025-03-31,2025-04-25,First Class,CUST-9383,Danny Ford,Consumer,West,Furniture,Bookcases
CA-796238,2025-01-13,2025-04-29,Same Day,CUST-7964,Mary Avila,Consumer,West,Office Supplies,Storage
CA-762650,2024-04-06,2025-04-10,First Class,CUST-9568,Marissa Perry,Consumer,Central,Office Supplies,Storage
CA-699879,2024-02-04,2025-04-09,First Class,CUST-2161,David Smith,Corporate,South,Technology,Copiers
CA-726193,2023-08-21,2025-04-14,First Class,CUST-8956,Dylan George,Consumer,Central,Furniture,Furnishings
CA-472716,2023-04-29,2025-05-03,Second Class,CUST-3631,Joseph Stanton,Home Office,Central,Furniture,Bookcases
CA-257143,2025-02-18,2025-04-21,Standard Class,CUST-8891,Carla James,Home Office,South,Office Supplies,Paper
CA-868272,2023-10-26,2025-05-01,First Class,CUST-7252,James Brooks,Home Office,West,Furniture,Tables
CA-805364,2024-06-11,2025-04-20,Standard Class,CUST-4567,George Williams,Consumer,East,Technology,Accessories
CA-959523,2025-03-19,2025-04-25,Same Day,CUST-9523,Sara Stephenson,Home Office,South,Technology,Accessories
CA-716422,2024-08-01,2025-05-06,Same Day,CUST-1457,Wyatt Kirk,Corporate,East,Technology,Computers
CA-295093,2025-03-15,2025-04-29,Standard Class,CUST-7631,Dylan Smith,Home Office,West,Technology,Phones
CA-567254,2023-06-05,2025-05-04,First Class,CUST-4042,Deborah Price,Consumer,South,Office Supplies,Binders
CA-923294,2024-08-09,2025-04-21,Standard Class,CUST-7118,Deborah Henderson,Corporate,South,Furniture,Furnishings
CA-965809,2023-11-28,2025-05-08,Standard Class,CUST-7835,Matthew Pena,Consumer,West,Furniture,Chairs
CA-598485,2024-10-15,2025-04-16,Second Class,CUST-9712,Heidi Taylor,Corporate,East,Technology,Machines
CA-527615,2024-01-21,2025-04-30,Same Day,CUST-1749,Chelsea Huang,Consumer,East,Technology,Phones
CA-303909,2024-06-25,2025-04-18,Standard Class,CUST-5525,James Brown,Corporate,West,Technology,Computers
CA-173702,2024-08-31,2025-04-22,First Class,CUST-8248,Molly Griffin,Home Office,Central,Technology,Copiers
CA-722891,2024-08-06,2025-04-16,Second Class,CUST-1981,Amy Allen,Home Office,West,Office Supplies,Art
CA-872291,2024-08-31,2025-05-07,Standard Class,CUST-9080,Monique Fowler,Home Office,West,Furniture,Furnishings
CA-904144,2023-08-08,2025-04-15,Second Class,CUST-5584,Jared Howard,Corporate,Central,Furniture,Tables
CA-329308,2023-12-16,2025-04-29,Second Class,CUST-4503,Thomas Bell,Home Office,Central,Office Supplies,Labels
CA-330750,2024-01-26,2025-04-30,Same Day,CUST-8662,James Brown,Corporate,East,Furniture,Tables
CA-616516,2024-05-07,2025-05-06,First Class,CUST-4500,Danielle Sims,Corporate,East,Furniture,Tables
CA-679007,2024-10-27,2025-05-07,Second Class,CUST-4557,Susan Day,Consumer,South,Technology,Computers
CA-770411,2024-10-26,2025-04-16,Same Day,CUST-1612,Martin Kirby,Corporate,South,Technology,Phones
CA-261331,2024-08-01,2025-05-01,First Class,CUST-7722,Monica Horton,Home Office,Central,Technology,Machines
CA-780565,2024-03-13,2025-04-25,Standard Class,CUST-3458,Seth Harmon,Corporate,South,Technology,Machines
CA-244222,2023-11-20,2025-04-14,Same Day,CUST-7089,Brandi Moore,Home Office,Central,Office Supplies,Art
CA-269431,2024-09-12,2025-04-09,Same Day,CUST-4338,Brittany Thompson,Corporate,South,Office Supplies,Paper
CA-735428,2023-07-26,2025-05-08,First Class,CUST-9251,Jackie Garcia,Consumer,West,Office Supplies,Labels
CA-690556,2023-04-12,2025-05-07,Standard Class,CUST-1941,Julia Parker,Consumer,South,Furniture,Chairs
CA-149684,2024-12-29,2025-04-25,First Class,CUST-5885,Kelly Young,Consumer,South,Office Supplies,Storage
CA-760131,2024-11-24,2025-05-07,Standard Class,CUST-7392,Wanda Koch,Corporate,East,Furniture,Bookcases
CA-813379,2024-08-13,2025-04-24,Second Class,CUST-6351,Jacob Powell,Home Office,South,Furniture,Tables
CA-356511,2023-05-05,2025-04-11,Standard Class,CUST-9088,Marc Wallace,Consumer,Central,Furniture,Bookcases
CA-926431,2023-06-14,2025-05-02,First Class,CUST-5407,Donald Walters,Corporate,East,Furniture,Tables
CA-485452,2024-03-09,2025-05-06,Second Class,CUST-6380,Frank Hicks,Corporate,East,Furniture,Furnishings
CA-395240,2024-12-31,2025-04-19,First Class,CUST-8225,Marilyn Hughes,Corporate,South,Technology,Machines
CA-156803,2023-05-16,2025-04-09,Second Class,CUST-3779,Kayla Anderson,Consumer,West,Office Supplies,Labels
CA-583582,2025-01-06,2025-05-07,Same Day,CUST-7975,Karen Ross,Home Office,West,Technology,Accessories
CA-323691,2023-10-24,2025-04-21,Same Day,CUST-4849,Erin Terry,Corporate,South,Technology,Machines
CA-262065,2024-01-02,2025-04-15,First Class,CUST-2073,Julian Knight,Home Office,East,Furniture,Tables
CA-659258,2024-08-23,2025-05-07,First Class,CUST-6118,Damon Ortega,Home Office,West,Furniture,Chairs
CA-754228,2024-05-07,2025-04-09,First Class,CUST-4550,Shawn Cain,Consumer,South,Office Supplies,Storage
CA-147445,2023-12-07,2025-04-12,Standard Class,CUST-2035,Sarah Mcintyre,Home Office,Central,Technology,Computers
CA-531660,2024-11-25,2025-05-01,Second Class,CUST-9418,Lori Melendez,Corporate,West,Office Supplies,Art
CA-227045,2023-12-18,2025-04-28,Standard Class,CUST-3220,John Tapia,Corporate,Central,Technology,Accessories
CA-638893,2024-12-22,2025-04-27,Standard Class,CUST-2488,Kimberly Pitts,Corporate,South,Office Supplies,Labels
CA-819781,2023-04-17,2025-04-26,Same Day,CUST-3802,Morgan Page,Home Office,South,Office Supplies,Storage
CA-928185,2025-03-16,2025-05-02,Same Day,CUST-7962,Lisa Hayden,Consumer,South,Technology,Accessories
CA-176695,2024-01-24,2025-04-26,Second Class,CUST-3491,Ms. Samantha Miller,Home Office,East,Furniture,Bookcases
CA-611649,2025-03-28,2025-05-06,Same Day,CUST-6918,Victoria Riggs,Corporate,East,Office Supplies,Labels
CA-355857,2023-09-04,2025-04-14,Same Day,CUST-5508,Emily Novak,Corporate,Central,Technology,Accessories
CA-729871,2024-02-24,2025-04-11,Same Day,CUST-8428,Alexandra Friedman,Corporate,East,Furniture,Furnishings
CA-295271,2024-04-22,2025-05-03,Standard Class,CUST-7276,Alvin Powell,Corporate,South,Technology,Accessories
CA-846979,2023-09-06,2025-04-22,Same Day,CUST-4621,Alex Torres,Home Office,West,Office Supplies,Paper
CA-320027,2023-12-29,2025-05-06,Second Class,CUST-3152,Craig Tate,Corporate,Central,Furniture,Tables
CA-794966,2025-02-19,2025-05-06,Same Day,CUST-4024,Dr. Shawn Gonzalez,Home Office,Central,Office Supplies,Art
CA-989735,2023-07-05,2025-05-03,Second Class,CUST-7484,Jennifer Castaneda,Corporate,South,Technology,Computers
CA-186725,2023-10-05,2025-04-18,Standard Class,CUST-3092,David Chen,Consumer,South,Office Supplies,Paper
CA-838953,2024-05-27,2025-04-17,First Class,CUST-5000,Cassandra Smith,Consumer,Central,Office Supplies,Art
CA-661773,2024-09-06,2025-04-27,Second Class,CUST-5488,Timothy Macdonald,Corporate,East,Office Supplies,Paper
CA-397513,2023-07-20,2025-04-24,Same Day,CUST-1500,Jessica Miller,Home Office,West,Office Supplies,Binders
CA-844457,2023-06-25,2025-04-09,First Class,CUST-7007,Troy Davidson,Consumer,South,Office Supplies,Paper
CA-375317,2023-06-05,2025-05-02,Same Day,CUST-5326,Brian Peterson,Home Office,East,Furniture,Chairs
CA-672894,2024-08-20,2025-05-03,Second Class,CUST-1535,Michael Cook,Corporate,Central,Furniture,Bookcases
CA-837393,2024-02-24,2025-04-22,First Class,CUST-5098,Kayla Mcintyre,Home Office,Central,Furniture,Tables
CA-494643,2025-01-29,2025-04-17,Standard Class,CUST-9631,Aaron Parker,Home Office,East,Furniture,Chairs
CA-874640,2025-04-01,2025-04-12,Same Day,CUST-3190,Leah Rogers,Corporate,Central,Furniture,Bookcases
CA-331828,2024-05-28,2025-04-20,First Class,CUST-5436,Stephanie Martin,Corporate,South,Office Supplies,Binders
CA-454741,2023-06-30,2025-04-19,First Class,CUST-9940,David Baker,Home Office,East,Technology,Accessories
CA-575383,2025-02-10,2025-04-25,Same Day,CUST-8960,George Morton,Corporate,East,Furniture,Tables
CA-406978,2024-03-24,2025-04-13,Same Day,CUST-6032,Ryan Bryant,Home Office,West,Technology,Phones
CA-919160,2023-12-21,2025-04-20,Standard Class,CUST-9205,Matthew Lewis,Consumer,Central,Office Supplies,Labels
CA-427080,2024-03-19,2025-04-17,Same Day,CUST-3404,Miguel Ferguson,Home Office,South,Furniture,Tables
CA-350839,2023-12-20,2025-04-18,Standard Class,CUST-7367,David Davis,Home Office,South,Office Supplies,Labels
CA-784553,2025-02-06,2025-05-01,First Class,CUST-5826,Mikayla Taylor,Home Office,West,Office Supplies,Paper
CA-504796,2024-06-14,2025-04-14,First Class,CUST-2291,Richard Lewis,Corporate,South,Office Supplies,Art
CA-274851,2024-01-05,2025-04-26,Second Class,CUST-7217,Gail Mitchell,Corporate,South,Technology,Phones
CA-227339,2023-09-16,2025-05-03,Same Day,CUST-9383,Melanie Bond,Home Office,South,Office Supplies,Paper
CA-294074,2023-09-06,2025-05-04,Same Day,CUST-6616,Walter Kelley,Home Office,South,Technology,Computers
CA-775572,2023-07-31,2025-05-03,Standard Class,CUST-5457,Kimberly Gonzalez,Consumer,South,Technology,Phones
CA-289583,2024-11-10,2025-04-22,Same Day,CUST-9639,Christopher Richardson,Consumer,West,Technology,Phones
CA-468770,2024-07-24,2025-05-01,Second Class,CUST-9677,Joseph Burch,Home Office,West,Furniture,Tables
CA-204623,2023-04-30,2025-05-06,Standard Class,CUST-6120,Brian Carter,Consumer,West,Technology,Machines
CA-977465,2024-02-11,2025-05-02,First Class,CUST-3397,Jason Dixon,Corporate,West,Technology,Computers
CA-674461,2025-04-01,2025-04-24,Same Day,CUST-4626,Christine Lynch,Home Office,East,Furniture,Chairs
CA-382246,2023-08-27,2025-04-19,Standard Class,CUST-7389,Stacey Mccormick,Consumer,East,Furniture,Bookcases
CA-439961,2024-03-26,2025-05-02,First Class,CUST-5024,Ryan Garza,Consumer,South,Furniture,Furnishings
CA-721055,2023-06-20,2025-04-11,Standard Class,CUST-6299,Stephanie Anderson,Corporate,East,Office Supplies,Labels
CA-119825,2024-12-12,2025-04-30,First Class,CUST-1443,Jared Gonzalez,Corporate,West,Office Supplies,Binders
CA-373590,2024-03-05,2025-04-18,Same Day,CUST-1445,Leslie Rodriguez,Consumer,West,Office Supplies,Storage
CA-428422,2024-09-20,2025-04-29,Second Class,CUST-1507,Cody Webster,Home Office,Central,Technology,Machines
CA-497755,2023-09-05,2025-05-01,Second Class,CUST-1964,David Thompson,Home Office,East,Technology,Phones
CA-459127,2024-12-17,2025-04-18,Same Day,CUST-3148,Amber Ellis,Consumer,Central,Technology,Computers
CA-611457,2023-07-10,2025-04-20,First Class,CUST-4845,Anthony Olson,Corporate,West,Technology,Phones
CA-532916,2023-06-27,2025-04-18,Standard Class,CUST-9427,Adam Rodgers,Corporate,West,Furniture,Bookcases
CA-876325,2025-03-12,2025-04-15,Second Class,CUST-8531,Belinda Carter,Home Office,South,Technology,Computers
CA-972681,2024-10-12,2025-05-03,Same Day,CUST-4206,Nicole Smith,Corporate,East,Technology,Accessories
CA-935904,2024-11-09,2025-05-06,Same Day,CUST-7697,Frank Edwards,Home Office,East,Office Supplies,Art
CA-482109,2024-03-07,2025-04-10,Standard Class,CUST-7554,Stephen Burns,Home Office,Central,Technology,Phones
CA-582503,2024-01-31,2025-04-15,Standard Class,CUST-1455,Vickie Braun,Consumer,Central,Office Supplies,Paper
CA-409021,2024-08-03,2025-04-18,Standard Class,CUST-1205,Mr. Wesley Smith MD,Home Office,West,Furniture,Chairs
CA-694854,2024-12-25,2025-04-25,First Class,CUST-8158,Luke Ward,Consumer,South,Furniture,Tables
CA-751629,2024-12-20,2025-05-01,Same Day,CUST-4635,Ashley Bates,Consumer,South,Office Supplies,Labels
CA-215044,2024-09-03,2025-04-16,Standard Class,CUST-7471,Erica Montoya,Home Office,West,Furniture,Tables
CA-201386,2023-12-26,2025-04-14,First Class,CUST-1339,Megan Walker,Corporate,East,Furniture,Furnishings
CA-169583,2023-05-12,2025-04-28,First Class,CUST-6469,Kimberly Brooks,Corporate,East,Office Supplies,Labels
CA-677712,2024-10-08,2025-04-10,First Class,CUST-6259,Crystal Meyer,Corporate,East,Office Supplies,Storage
CA-779729,2023-12-20,2025-04-24,Same Day,CUST-5998,Alexis Delgado,Home Office,East,Office Supplies,Storage
CA-625994,2023-06-12,2025-04-19,Second Class,CUST-5847,Sheila Hodges,Corporate,East,Technology,Copiers
CA-406682,2023-06-01,2025-05-04,Second Class,CUST-9941,Corey French,Consumer,East,Furniture,Furnishings
CA-996296,2025-02-05,2025-04-28,Standard Class,CUST-7247,David Smith,Home Office,South,Furniture,Tables
CA-861592,2024-04-27,2025-04-28,Second Class,CUST-2842,Heidi Gonzalez,Home Office,Central,Technology,Computers
CA-884874,2024-01-18,2025-04-26,Standard Class,CUST-8655,Dawn Smith,Consumer,East,Furniture,Tables
CA-600442,2023-05-22,2025-04-30,First Class,CUST-9785,Anita Wright,Corporate,Central,Office Supplies,Storage
CA-211227,2023-05-19,2025-05-08,Standard Class,CUST-9257,James Levine,Home Office,East,Office Supplies,Storage
CA-921043,2023-09-03,2025-05-01,Same Day,CUST-9895,Kendra Ray,Consumer,South,Furniture,Chairs
CA-677333,2024-11-05,2025-05-02,Standard Class,CUST-3252,Katrina Mcgrath,Consumer,South,Technology,Computers
CA-301194,2024-10-22,2025-04-23,Same Day,CUST-2144,Andrew Smith,Consumer,West,Office Supplies,Binders
CA-252655,2025-03-04,2025-04-22,Same Day,CUST-3545,Vanessa Martinez,Home Office,East,Furniture,Chairs
CA-191044,2023-11-21,2025-05-04,Same Day,CUST-8398,Ashley Young,Consumer,South,Technology,Computers
CA-556687,2023-06-25,2025-04-10,Second Class,CUST-8231,Dr. Jeffrey Collins,Corporate,South,Furniture,Furnishings
CA-299254,2023-07-08,2025-04-24,Same Day,CUST-4551,Frank Hill,Home Office,East,Technology,Computers
CA-520034,2024-01-23,2025-04-09,Same Day,CUST-9111,Samantha Horne,Consumer,West,Technology,Copiers
CA-755451,2025-01-01,2025-05-05,Standard Class,CUST-7438,James Coleman,Corporate,East,Office Supplies,Binders
CA-631630,2024-04-24,2025-04-14,Standard Class,CUST-6955,Anna Silva,Home Office,West,Office Supplies,Paper
CA-252505,2023-04-09,2025-04-29,Standard Class,CUST-4584,Michael Neal,Consumer,West,Office Supplies,Binders
CA-243130,2023-12-16,2025-04-21,First Class,CUST-4812,Shelby Pennington,Home Office,East,Furniture,Tables
CA-784591,2024-03-20,2025-04-26,Standard Class,CUST-6194,Karen Richards,Corporate,East,Office Supplies,Art
CA-612817,2024-09-05,2025-05-05,Same Day,CUST-4576,John Farmer,Corporate,South,Furniture,Furnishings
CA-632848,2023-06-16,2025-04-10,First Class,CUST-5072,Jennifer Thompson,Consumer,Central,Technology,Copiers
CA-679392,2024-06-09,2025-04-26,Same Day,CUST-1352,Keith Green,Corporate,East,Technology,Phones
CA-516444,2023-09-19,2025-04-22,Standard Class,CUST-2395,Dr. Edwin Chase PhD,Home Office,Central,Technology,Phones
CA-871240,2023-07-31,2025-05-06,Standard Class,CUST-9061,Joshua Case,Home Office,West,Technology,Machines
CA-812126,2024-09-24,2025-04-20,Second Class,CUST-2553,Alyssa Mcguire,Corporate,Central,Technology,Accessories
CA-498064,2024-10-27,2025-04-19,Same Day,CUST-7442,Jonathan Nelson,Home Office,East,Office Supplies,Art
CA-428364,2023-05-28,2025-04-21,Same Day,CUST-5970,Cindy Barnett,Corporate,Central,Office Supplies,Labels
CA-784552,2024-02-04,2025-04-23,First Class,CUST-2665,Justin Lewis,Home Office,West,Furniture,Chairs
CA-139000,2023-08-13,2025-05-08,Second Class,CUST-1760,Stephanie Dean,Corporate,East,Furniture,Furnishings
CA-715876,2024-06-22,2025-04-28,Second Class,CUST-4708,Andrew Phillips,Consumer,West,Office Supplies,Art
CA-564674,2024-08-19,2025-04-10,Same Day,CUST-3537,Nancy Ross,Home Office,West,Furniture,Furnishings
CA-268606,2024-01-25,2025-04-20,Second Class,CUST-4451,Sean Hayes,Consumer,West,Office Supplies,Paper
CA-517887,2023-12-02,2025-04-30,Second Class,CUST-5115,Heather Martin,Home Office,South,Office Supplies,Storage
CA-569076,2023-04-19,2025-04-22,Second Class,CUST-7733,Kenneth Lee,Consumer,Central,Furniture,Tables
CA-534662,2023-12-01,2025-04-17,First Class,CUST-3515,Zachary Moore,Corporate,Central,Office Supplies,Labels
CA-544238,2024-02-19,2025-04-14,First Class,CUST-8407,Mary Hughes,Home Office,West,Office Supplies,Paper
CA-270071,2024-12-09,2025-05-03,Same Day,CUST-9915,Tyler Lutz,Corporate,West,Office Supplies,Labels
CA-494531,2023-06-24,2025-04-24,First Class,CUST-3590,Samuel Jackson,Home Office,West,Furniture,Bookcases
CA-629311,2025-04-03,2025-05-01,First Class,CUST-5123,Maria Bryant,Home Office,East,Technology,Copiers
CA-385115,2025-02-06,2025-04-18,Standard Class,CUST-5525,Ashley Dyer,Consumer,East,Office Supplies,Labels
CA-785107,2024-08-08,2025-04-20,Standard Class,CUST-2630,Susan Hamilton,Corporate,Central,Technology,Machines
CA-910856,2023-12-05,2025-05-08,Same Day,CUST-9965,Tasha Rush,Home Office,South,Technology,Accessories
CA-364700,2023-07-07,2025-05-05,First Class,CUST-4120,Susan Becker,Corporate,Central,Furniture,Tables
CA-431119,2023-05-28,2025-05-08,Same Day,CUST-6262,Michele Sanders,Corporate,East,Office Supplies,Art
CA-658672,2023-06-14,2025-04-21,Same Day,CUST-6744,Derek Wright,Consumer,West,Technology,Phones
CA-186156,2023-11-01,2025-05-01,First Class,CUST-5694,Justin Sims,Home Office,West,Technology,Copiers
CA-331231,2024-07-15,2025-04-11,First Class,CUST-9264,Andrew Cowan,Consumer,Central,Technology,Machines
CA-973984,2024-11-23,2025-04-18,Second Class,CUST-5771,Wendy West,Corporate,West,Office Supplies,Binders
CA-918665,2024-11-23,2025-05-04,Second Class,CUST-1919,Travis Franklin,Consumer,Central,Office Supplies,Art
CA-105486,2024-12-25,2025-04-13,Second Class,CUST-7888,Cynthia Wyatt,Consumer,South,Office Supplies,Labels
CA-567937,2023-09-24,2025-04-29,Second Class,CUST-9114,Roger Moreno,Consumer,South,Furniture,Tables
CA-936798,2024-09-09,2025-04-27,Second Class,CUST-8381,Daniel Stewart,Corporate,South,Furniture,Furnishings
CA-767348,2023-09-14,2025-04-15,Same Day,CUST-9639,Rachel Garcia,Corporate,East,Furniture,Furnishings
CA-553050,2025-02-19,2025-04-10,First Class,CUST-3002,Brian Walker DDS,Corporate,South,Office Supplies,Art
CA-997975,2024-07-04,2025-04-11,Standard Class,CUST-6454,Amber Smith,Home Office,Central,Office Supplies,Storage
CA-820702,2023-12-28,2025-04-19,Standard Class,CUST-4187,Ricardo Ayala,Corporate,South,Technology,Accessories
CA-532609,2023-08-21,2025-05-02,Same Day,CUST-6547,Rachel Eaton,Consumer,Central,Office Supplies,Art
CA-362060,2023-11-17,2025-04-30,Standard Class,CUST-3406,Michael Pratt,Home Office,West,Technology,Machines
CA-224344,2023-08-10,2025-05-02,First Class,CUST-7790,Walter Herrera,Corporate,South,Furniture,Chairs
CA-822394,2024-12-29,2025-04-14,First Class,CUST-7571,Jessica Holmes,Consumer,Central,Technology,Accessories
CA-528691,2024-07-27,2025-04-15,First Class,CUST-6745,Steven Keith,Consumer,Central,Furniture,Chairs
CA-132108,2025-01-22,2025-04-14,Second Class,CUST-9292,Stacey Pace,Consumer,Central,Office Supplies,Storage
CA-323060,2023-10-07,2025-04-18,First Class,CUST-4810,Susan Haynes,Home Office,East,Furniture,Furnishings
CA-632336,2024-07-03,2025-05-01,Same Day,CUST-9033,Nicole Galvan,Home Office,South,Office Supplies,Binders
CA-889132,2025-02-17,2025-05-04,Second Class,CUST-4462,Alicia White,Home Office,Central,Office Supplies,Storage
CA-573640,2023-11-24,2025-05-08,Second Class,CUST-7290,Christopher Hughes,Home Office,Central,Technology,Phones
CA-973896,2024-06-06,2025-04-29,Second Class,CUST-6533,William Davis,Consumer,West,Technology,Copiers
CA-835275,2024-03-25,2025-04-13,Same Day,CUST-7518,Douglas Davis,Corporate,Central,Technology,Phones
CA-106242,2024-08-11,2025-05-04,Second Class,CUST-6119,Carol Macdonald,Home Office,East,Office Supplies,Labels
CA-311577,2024-09-09,2025-04-10,First Class,CUST-3233,Jason Hurst,Corporate,West,Furniture,Chairs
CA-896048,2024-05-22,2025-04-11,Standard Class,CUST-1241,Benjamin Jones,Corporate,Central,Technology,Accessories
CA-990390,2025-03-17,2025-05-02,Second Class,CUST-7291,Teresa Estrada,Home Office,South,Technology,Copiers
CA-181544,2023-04-16,2025-05-06,Second Class,CUST-2341,Ashley Wells,Home Office,South,Furniture,Furnishings
CA-727750,2024-08-25,2025-04-27,First Class,CUST-6797,Shelly Brown,Home Office,South,Office Supplies,Art
CA-956419,2023-12-29,2025-04-09,Same Day,CUST-8798,Heather Rich,Consumer,Central,Technology,Accessories
CA-264281,2025-01-25,2025-04-15,Standard Class,CUST-9288,Matthew Johnson,Consumer,West,Office Supplies,Binders
CA-301051,2024-09-13,2025-04-21,Same Day,CUST-7600,Timothy Mack,Corporate,East,Furniture,Bookcases
CA-462208,2023-05-15,2025-04-24,Same Day,CUST-8032,Felicia Hicks,Home Office,West,Office Supplies,Paper
CA-110685,2025-01-06,2025-04-21,Second Class,CUST-5408,Emily Lozano,Corporate,West,Office Supplies,Paper
CA-997694,2024-04-26,2025-04-27,Second Class,CUST-2579,Nicholas Little,Consumer,South,Office Supplies,Art
CA-400111,2024-05-01,2025-04-28,Same Day,CUST-9800,Roger Taylor,Consumer,East,Technology,Copiers
CA-952405,2024-10-06,2025-04-20,Second Class,CUST-7938,Brooke Williams,Consumer,West,Office Supplies,Storage
CA-633897,2025-03-23,2025-05-06,First Class,CUST-3843,Jacob Bolton,Corporate,West,Furniture,Chairs
CA-904152,2024-08-11,2025-04-29,First Class,CUST-7719,Ryan Rodgers,Corporate,East,Technology,Computers
CA-400715,2023-11-27,2025-04-09,First Class,CUST-6494,Caitlin Hill,Home Office,Central,Furniture,Tables
CA-428830,2024-06-02,2025-05-03,First Class,CUST-5257,Martha Green,Corporate,West,Furniture,Bookcases
CA-980108,2023-08-20,2025-04-28,Second Class,CUST-9640,Kimberly Wagner,Home Office,West,Technology,Phones
CA-294358,2024-12-11,2025-04-27,Standard Class,CUST-2741,John Rodriguez,Consumer,South,Furniture,Tables
CA-465656,2024-11-04,2025-05-08,Second Class,CUST-8087,Jacqueline Holder,Consumer,South,Technology,Phones
CA-519857,2025-01-02,2025-04-18,Standard Class,CUST-1481,Nicholas Lawrence,Home Office,East,Furniture,Furnishings
CA-382396,2024-05-24,2025-05-03,Same Day,CUST-8504,Lance Jordan,Consumer,Central,Office Supplies,Art
CA-276419,2025-03-21,2025-04-11,Second Class,CUST-2107,Rebecca Grant,Corporate,West,Technology,Computers
CA-892153,2024-05-05,2025-04-17,First Class,CUST-1271,Nathan Leonard,Corporate,South,Office Supplies,Art
CA-159030,2024-03-15,2025-04-21,First Class,CUST-6031,Richard Marshall,Home Office,East,Office Supplies,Paper
CA-684582,2024-06-27,2025-04-30,First Class,CUST-6019,Ann Bates,Home Office,Central,Furniture,Furnishings
CA-543567,2024-10-09,2025-05-06,Same Day,CUST-9346,Shawn Dixon,Consumer,Central,Office Supplies,Paper
CA-605433,2024-12-28,2025-04-18,Same Day,CUST-8828,Christine Preston,Corporate,South,Technology,Machines
CA-404009,2023-06-27,2025-04-11,Same Day,CUST-7012,Taylor Ford,Consumer,West,Office Supplies,Paper
CA-612991,2023-11-30,2025-04-11,Same Day,CUST-1890,Kimberly Oconnell,Consumer,South,Furniture,Tables
CA-667023,2025-01-03,2025-05-06,First Class,CUST-2446,Tiffany Glenn,Consumer,Central,Technology,Phones
CA-176460,2024-12-13,2025-05-01,Standard Class,CUST-7625,Rhonda Wilson,Corporate,West,Office Supplies,Art
CA-196700,2023-04-19,2025-04-18,Second Class,CUST-1582,Katrina Walker,Home Office,Central,Office Supplies,Paper
CA-145473,2024-06-26,2025-05-05,Second Class,CUST-3907,Jennifer Young,Consumer,South,Furniture,Bookcases
CA-443007,2023-04-30,2025-04-26,Standard Class,CUST-7961,Krystal Murray,Corporate,East,Office Supplies,Paper
CA-743330,2023-10-25,2025-04-17,First Class,CUST-5586,Rebecca Johnson,Corporate,Central,Furniture,Tables
CA-744435,2024-04-13,2025-04-09,Standard Class,CUST-2883,Jose Russell DDS,Corporate,East,Office Supplies,Binders
CA-808726,2023-11-21,2025-04-24,Standard Class,CUST-9075,Michael Leonard,Consumer,South,Technology,Machines
CA-105755,2023-05-04,2025-04-22,Second Class,CUST-3349,Melissa Gibson,Home Office,South,Office Supplies,Paper
CA-173183,2024-03-20,2025-05-05,Second Class,CUST-9963,Howard Perez,Consumer,West,Furniture,Furnishings
CA-818684,2023-05-07,2025-04-14,First Class,CUST-5990,Jennifer Ayers MD,Home Office,West,Furniture,Furnishings
CA-102265,2023-05-29,2025-04-21,Second Class,CUST-3737,William Stone,Corporate,South,Office Supplies,Labels
CA-625079,2024-07-06,2025-04-24,First Class,CUST-3152,Amber Powell,Consumer,West,Technology,Machines
CA-154248,2023-04-19,2025-05-08,Same Day,CUST-1091,Matthew Meadows,Corporate,South,Technology,Computers
CA-170340,2024-03-12,2025-04-14,First Class,CUST-7442,James Castaneda,Home Office,East,Technology,Copiers
CA-602073,2024-10-31,2025-04-28,Same Day,CUST-4864,Brett Moore,Consumer,East,Technology,Copiers
CA-856264,2024-10-02,2025-05-07,Second Class,CUST-7055,George Rodriguez,Corporate,South,Technology,Copiers
CA-516615,2025-01-15,2025-04-11,Second Class,CUST-8843,Donald Mcknight,Consumer,Central,Technology,Computers
CA-698954,2024-07-09,2025-04-17,Standard Class,CUST-1015,Kelly Duncan,Consumer,South,Office Supplies,Storage
CA-447686,2024-05-04,2025-04-14,Second Class,CUST-7207,Brenda Wright,Home Office,Central,Technology,Computers
CA-250239,2023-09-14,2025-04-14,Same Day,CUST-9189,Daniel Delacruz,Home Office,Central,Technology,Copiers
CA-445453,2024-12-15,2025-04-16,Same Day,CUST-1545,Laura Yates,Consumer,Central,Furniture,Bookcases
CA-976284,2024-01-26,2025-04-27,Second Class,CUST-2959,Heather Forbes,Corporate,Central,Technology,Accessories
CA-347378,2025-03-31,2025-04-13,First Class,CUST-2374,Catherine Miller,Consumer,Central,Technology,Copiers
CA-434031,2024-01-12,2025-04-27,First Class,CUST-3199,Michael Green,Home Office,West,Office Supplies,Paper
CA-999795,2023-09-01,2025-05-06,Second Class,CUST-2686,Nicholas Martin,Home Office,Central,Technology,Machines
CA-698900,2025-01-04,2025-04-19,Standard Class,CUST-3569,Anthony Clark,Home Office,East,Technology,Phones
CA-803381,2023-09-03,2025-04-15,Standard Class,CUST-3604,Marcus Phelps,Consumer,West,Technology,Computers
CA-197429,2024-11-08,2025-04-24,Standard Class,CUST-8799,Michael Mcbride,Corporate,West,Furniture,Chairs
CA-849210,2025-03-27,2025-04-10,First Class,CUST-7420,Matthew Jones,Home Office,South,Technology,Phones
CA-858355,2024-10-06,2025-04-18,Standard Class,CUST-9418,Andrew Estrada,Corporate,West,Technology,Copiers
CA-334063,2024-02-13,2025-04-13,Second Class,CUST-2482,Toni Shaw,Home Office,West,Technology,Machines
CA-204342,2024-08-29,2025-04-18,Same Day,CUST-4809,Martin Ho,Home Office,South,Office Supplies,Labels
CA-228137,2023-04-24,2025-04-23,Same Day,CUST-9522,Juan Robinson,Corporate,South,Furniture,Tables
CA-773696,2024-11-03,2025-05-04,First Class,CUST-3703,Mary Brown,Corporate,West,Office Supplies,Paper
CA-447006,2023-06-09,2025-04-14,Same Day,CUST-1088,Christian Reynolds,Home Office,South,Office Supplies,Storage
CA-274982,2024-12-30,2025-04-22,Second Class,CUST-7312,Kevin Bender,Corporate,West,Furniture,Furnishings
CA-843218,2024-09-15,2025-04-27,First Class,CUST-1333,Kathleen Johnson,Home Office,South,Office Supplies,Art
CA-264693,2023-08-18,2025-05-07,Same Day,CUST-1818,Emily Foster,Home Office,East,Furniture,Bookcases
CA-840832,2023-12-31,2025-05-01,Second Class,CUST-9823,Rhonda Hunter,Corporate,South,Office Supplies,Paper
CA-590320,2024-04-01,2025-04-19,Standard Class,CUST-6157,Teresa Gonzalez,Consumer,West,Office Supplies,Paper
CA-326090,2024-04-12,2025-05-05,Standard Class,CUST-6342,Tammie Rivers,Home Office,South,Office Supplies,Paper
CA-765917,2023-05-13,2025-05-01,First Class,CUST-2148,Jorge Gilbert,Consumer,East,Office Supplies,Art
CA-450321,2023-07-12,2025-04-16,Second Class,CUST-7243,Jared Johnson,Consumer,West,Technology,Accessories
CA-362376,2024-05-02,2025-04-10,Second Class,CUST-5886,Deanna Rodriguez,Consumer,West,Furniture,Furnishings
CA-784284,2024-04-10,2025-04-23,First Class,CUST-2415,Jeffrey Wilkerson,Consumer,West,Technology,Phones
CA-371375,2023-10-23,2025-04-30,Same Day,CUST-3914,Shawn Shelton,Home Office,East,Furniture,Furnishings
CA-276453,2024-11-10,2025-05-06,Same Day,CUST-5931,Zachary Gray,Corporate,East,Office Supplies,Storage
CA-571204,2024-08-15,2025-04-30,First Class,CUST-5443,Katherine Gray,Home Office,South,Technology,Copiers
CA-259904,2024-05-05,2025-04-12,Second Class,CUST-6742,Christian Young,Home Office,Central,Office Supplies,Binders
CA-212626,2023-12-27,2025-04-22,Same Day,CUST-1358,Jennifer Higgins,Consumer,West,Office Supplies,Storage
CA-388073,2023-11-08,2025-04-19,Standard Class,CUST-3355,Brianna Long,Home Office,East,Office Supplies,Storage
CA-224423,2024-04-30,2025-05-05,Second Class,CUST-6122,Michael Fitzpatrick,Home Office,South,Furniture,Furnishings
CA-334802,2023-10-06,2025-04-22,Standard Class,CUST-6279,Anna Fisher,Corporate,West,Technology,Copiers
CA-480766,2025-02-16,2025-04-30,First Class,CUST-5294,Travis Floyd,Consumer,South,Office Supplies,Storage
CA-160776,2023-05-20,2025-04-14,Standard Class,CUST-5592,Sara Stanton,Corporate,South,Furniture,Furnishings
CA-122022,2023-12-04,2025-05-08,Same Day,CUST-3889,Brittany Newton,Corporate,Central,Furniture,Chairs
CA-461855,2023-12-25,2025-04-18,First Class,CUST-5861,Dan Davenport,Consumer,West,Technology,Machines
CA-993450,2025-02-05,2025-04-10,Second Class,CUST-2486,Eric Reyes,Corporate,East,Furniture,Bookcases
CA-815747,2024-01-29,2025-04-12,Second Class,CUST-8409,Daniel David,Corporate,South,Office Supplies,Storage
CA-107298,2024-02-12,2025-04-28,First Class,CUST-8344,Amy Hogan,Home Office,South,Office Supplies,Storage
CA-742829,2024-10-18,2025-04-28,Standard Class,CUST-4599,Sheryl Morgan,Consumer,Central,Furniture,Tables
CA-220672,2024-06-24,2025-04-17,Same Day,CUST-8231,Katrina Avila,Corporate,South,Office Supplies,Labels
CA-305018,2023-11-07,2025-04-23,Standard Class,CUST-8235,Dana Fox,Corporate,South,Technology,Machines
CA-144087,2023-12-08,2025-05-05,Second Class,CUST-1427,Amy Boyd,Consumer,West,Technology,Copiers
CA-986427,2023-11-16,2025-04-09,Same Day,CUST-1607,Michelle Barrett,Consumer,Central,Technology,Computers
CA-698523,2023-06-06,2025-04-28,Same Day,CUST-4543,Randy Carter,Corporate,South,Office Supplies,Paper
CA-720032,2023-09-18,2025-04-22,Same Day,CUST-6878,Maureen Hawkins,Home Office,Central,Office Supplies,Binders
CA-432903,2025-02-21,2025-04-30,Second Class,CUST-3014,Angela Allen,Corporate,South,Technology,Accessories
CA-336016,2024-02-12,2025-04-25,Second Class,CUST-4727,Lisa Fletcher,Corporate,South,Technology,Phones
CA-933559,2024-03-23,2025-04-20,First Class,CUST-3576,Angel Williams,Consumer,Central,Technology,Machines
CA-357472,2025-01-21,2025-04-19,First Class,CUST-3090,James Armstrong,Consumer,Central,Furniture,Furnishings
CA-341975,2023-10-22,2025-05-04,Same Day,CUST-2570,Christina Miranda,Corporate,South,Office Supplies,Storage
CA-111063,2024-07-11,2025-04-17,Same Day,CUST-1646,Dana Villegas,Home Office,South,Technology,Phones
CA-926385,2023-07-14,2025-04-22,Second Class,CUST-6047,Philip Martinez,Corporate,Central,Office Supplies,Art
CA-507779,2024-05-10,2025-04-25,First Class,CUST-2607,Natalie Black,Consumer,South,Technology,Phones
CA-794394,2023-04-24,2025-04-27,First Class,CUST-6263,Sarah Soto,Consumer,West,Office Supplies,Art
CA-668633,2024-08-08,2025-04-19,Second Class,CUST-6324,Daniel Moran,Corporate,West,Technology,Computers
CA-372203,2024-06-09,2025-05-06,Standard Class,CUST-8104,Brian Guerrero,Consumer,West,Furniture,Chairs
CA-592063,2024-05-01,2025-04-17,Same Day,CUST-9229,Aaron Davis,Home Office,South,Furniture,Chairs
CA-599939,2025-04-06,2025-04-24,Standard Class,CUST-4614,Peggy Jones,Consumer,East,Office Supplies,Art
CA-563209,2023-04-17,2025-04-27,First Class,CUST-1440,Rita Decker,Corporate,South,Furniture,Tables
CA-693266,2025-03-03,2025-05-05,Second Class,CUST-2443,Stephen Maxwell,Corporate,South,Furniture,Tables
CA-401466,2023-09-28,2025-04-30,Standard Class,CUST-9176,Dana Ali,Corporate,East,Technology,Computers
CA-313753,2023-11-29,2025-04-18,Same Day,CUST-5340,Heather Sanders,Corporate,West,Technology,Accessories
CA-424579,2023-12-19,2025-05-01,Same Day,CUST-1540,Jennifer Smith,Consumer,South,Furniture,Tables
CA-989317,2023-12-28,2025-05-05,Same Day,CUST-1463,Joshua Jones,Corporate,East,Technology,Accessories
CA-498518,2024-07-15,2025-04-19,Second Class,CUST-3389,Anthony Walters,Consumer,Central,Technology,Copiers
CA-838321,2025-02-14,2025-04-28,Second Class,CUST-7285,Courtney Scott,Corporate,South,Technology,Computers
CA-141431,2024-12-03,2025-05-08,First Class,CUST-1635,Richard Ewing,Home Office,South,Furniture,Furnishings
CA-643347,2024-08-31,2025-05-03,Standard Class,CUST-9803,Jonathan Barajas,Consumer,East,Office Supplies,Labels
CA-619472,2023-07-11,2025-05-05,First Class,CUST-8950,Spencer Aguilar,Home Office,South,Furniture,Tables
CA-142856,2024-07-15,2025-04-16,Second Class,CUST-6563,Adam Johns,Home Office,South,Office Supplies,Paper
CA-730162,2023-09-18,2025-04-13,Second Class,CUST-2916,Sabrina Juarez,Consumer,Central,Technology,Computers
CA-631139,2024-11-08,2025-04-21,Standard Class,CUST-9649,Brooke Lara,Consumer,East,Furniture,Bookcases
CA-916072,2024-10-28,2025-04-11,Standard Class,CUST-9427,Victor Miranda,Consumer,Central,Office Supplies,Binders
CA-706534,2024-01-19,2025-04-12,Same Day,CUST-7940,Gregory Hogan,Consumer,West,Technology,Accessories
CA-883403,2024-08-20,2025-04-10,Second Class,CUST-4945,Laurie Shaffer,Consumer,West,Technology,Accessories
CA-123295,2024-10-06,2025-04-17,First Class,CUST-7590,Mr. Christopher Prince,Home Office,West,Office Supplies,Paper
CA-267510,2024-04-20,2025-04-15,Second Class,CUST-4842,Eric Ortega,Corporate,Central,Furniture,Tables
CA-233093,2025-02-28,2025-04-26,Standard Class,CUST-5650,Katherine Horne,Home Office,East,Furniture,Furnishings
CA-970297,2024-03-16,2025-04-21,Standard Class,CUST-1547,Samuel Frazier,Home Office,West,Technology,Accessories
CA-557221,2023-12-05,2025-05-04,Same Day,CUST-9256,Katrina Perez,Home Office,East,Furniture,Chairs
CA-532900,2024-12-11,2025-05-06,Second Class,CUST-1083,Dustin Moreno,Home Office,South,Technology,Copiers
CA-750010,2025-02-23,2025-04-27,Same Day,CUST-6205,Mario Goodwin,Home Office,East,Furniture,Chairs
CA-897582,2024-07-30,2025-05-01,First Class,CUST-2454,Virginia Martinez,Corporate,Central,Office Supplies,Binders
CA-688541,2024-05-04,2025-04-14,Second Class,CUST-7101,Deborah Ruiz,Corporate,South,Office Supplies,Binders
CA-515502,2024-03-19,2025-04-26,First Class,CUST-2257,Eric Robertson,Home Office,East,Technology,Copiers
CA-649572,2024-03-24,2025-04-27,Second Class,CUST-5191,Nancy Williams,Consumer,West,Furniture,Bookcases
CA-241059,2024-12-13,2025-05-07,Standard Class,CUST-1999,Meghan Young,Consumer,East,Technology,Accessories
CA-104646,2024-07-22,2025-04-12,Second Class,CUST-1583,Leroy Vargas,Home Office,West,Office Supplies,Labels
CA-232723,2024-06-11,2025-04-11,First Class,CUST-7552,Jasmine Rosario,Corporate,South,Furniture,Chairs
CA-754374,2024-02-07,2025-05-07,Same Day,CUST-3208,Cameron Park,Corporate,West,Technology,Computers
CA-838702,2024-05-26,2025-04-17,Same Day,CUST-1050,Debbie Anderson,Home Office,West,Office Supplies,Paper
CA-138218,2023-08-28,2025-04-19,First Class,CUST-5030,Mary Garza,Corporate,Central,Office Supplies,Art
CA-977296,2024-10-16,2025-05-08,Standard Class,CUST-8478,Kristopher Moon,Corporate,Central,Furniture,Furnishings
CA-854354,2024-10-05,2025-05-03,First Class,CUST-5424,Mandy Lindsey,Consumer,South,Office Supplies,Storage
CA-885041,2023-07-17,2025-04-10,Second Class,CUST-4389,Stephen Hardin,Home Office,Central,Technology,Copiers
CA-211316,2024-01-09,2025-04-27,Standard Class,CUST-9662,Misty Gonzalez,Home Office,West,Furniture,Bookcases
CA-730360,2024-08-01,2025-05-07,First Class,CUST-3856,Kevin Reyes,Consumer,South,Office Supplies,Binders
CA-636269,2024-04-25,2025-05-08,Second Class,CUST-8925,Andrew Brown,Consumer,East,Office Supplies,Binders
CA-622179,2023-08-15,2025-05-02,Standard Class,CUST-4462,William Kim,Consumer,South,Office Supplies,Labels
CA-510153,2024-02-01,2025-04-19,Second Class,CUST-7082,Anthony Grant,Consumer,Central,Office Supplies,Art
CA-389933,2024-01-27,2025-04-18,Second Class,CUST-3350,Joshua Scott,Consumer,East,Technology,Accessories
CA-585146,2024-03-30,2025-04-12,Standard Class,CUST-5266,Kristine Graham,Consumer,West,Furniture,Chairs
CA-512336,2024-04-09,2025-04-14,Second Class,CUST-5558,John Reeves,Consumer,Central,Furniture,Bookcases
CA-917172,2023-07-01,2025-04-20,Same Day,CUST-1348,Lauren Cortez,Corporate,West,Office Supplies,Binders
CA-304499,2024-10-20,2025-04-25,First Class,CUST-3067,Yolanda Holmes,Corporate,South,Office Supplies,Labels
CA-757454,2024-08-15,2025-05-05,Second Class,CUST-2260,Kristin Marshall,Consumer,West,Technology,Phones
CA-137563,2024-11-11,2025-04-14,Standard Class,CUST-1466,Tracy Thompson,Corporate,West,Technology,Accessories
CA-221533,2025-01-29,2025-04-17,Standard Class,CUST-9236,Mckenzie Daniel,Consumer,West,Office Supplies,Labels
CA-714259,2023-11-26,2025-04-17,First Class,CUST-6976,Laurie Martinez,Consumer,East,Office Supplies,Art
CA-691990,2025-04-05,2025-04-18,First Class,CUST-9439,Jasmine Jimenez,Home Office,West,Office Supplies,Binders
CA-890377,2024-12-11,2025-05-02,First Class,CUST-1190,Brittany Edwards,Consumer,Central,Office Supplies,Binders
CA-667983,2023-06-30,2025-05-01,First Class,CUST-9847,Ryan Robertson,Consumer,East,Furniture,Tables
CA-732841,2024-12-24,2025-04-16,Second Class,CUST-8603,Kevin Beard,Consumer,South,Furniture,Tables
CA-712108,2023-08-19,2025-04-22,Standard Class,CUST-4438,Samantha Harrell,Corporate,West,Office Supplies,Storage
CA-824977,2024-07-26,2025-04-28,First Class,CUST-5835,Benjamin Holmes,Corporate,East,Technology,Phones
CA-578090,2024-10-09,2025-04-23,Standard Class,CUST-4056,Nicole Jones,Corporate,Central,Office Supplies,Storage
CA-382401,2024-08-27,2025-04-10,First Class,CUST-2431,Christopher Vasquez,Corporate,Central,Technology,Accessories
CA-997562,2023-08-25,2025-04-10,Same Day,CUST-8412,Rachael Lopez,Corporate,West,Technology,Accessories
CA-759434,2023-10-09,2025-04-25,Second Class,CUST-1342,Joseph Sanchez,Home Office,South,Furniture,Tables
CA-121243,2024-06-09,2025-04-16,Standard Class,CUST-3735,Jamie Pham,Home Office,South,Technology,Copiers
CA-977270,2024-11-19,2025-05-01,Same Day,CUST-5520,Maurice Graham,Corporate,West,Office Supplies,Binders
CA-846326,2024-04-16,2025-04-27,Standard Class,CUST-5257,Ashley Cooper,Home Office,East,Technology,Computers
CA-730704,2024-05-12,2025-05-08,Second Class,CUST-4818,Anthony Smith,Home Office,South,Furniture,Chairs
CA-242004,2024-10-03,2025-05-08,Standard Class,CUST-1886,Jennifer Butler PhD,Corporate,West,Technology,Copiers
CA-841868,2024-10-24,2025-04-22,First Class,CUST-3766,Carol Beard,Corporate,West,Office Supplies,Paper
CA-757576,2024-03-22,2025-04-20,First Class,CUST-2154,Lucas Greene,Home Office,South,Furniture,Furnishings
CA-459736,2023-10-13,2025-04-18,Standard Class,CUST-7733,Kimberly Baker,Home Office,South,Office Supplies,Binders
CA-397990,2024-02-25,2025-05-07,Second Class,CUST-4883,Samantha Jones,Corporate,South,Office Supplies,Storage
CA-102403,2024-04-20,2025-04-20,Same Day,CUST-9505,Katelyn Hardy,Consumer,East,Technology,Phones
CA-753742,2024-04-03,2025-04-10,First Class,CUST-1295,Richard Taylor,Consumer,Central,Furniture,Bookcases
CA-872193,2023-10-30,2025-04-30,First Class,CUST-6999,Kevin Campbell,Corporate,South,Technology,Accessories
CA-745019,2023-10-16,2025-04-11,Same Day,CUST-9025,Jeremiah Byrd,Consumer,East,Office Supplies,Binders
CA-431772,2023-12-17,2025-04-30,Second Class,CUST-5453,Mary Mcbride,Consumer,West,Technology,Machines
CA-438391,2024-01-19,2025-04-15,First Class,CUST-7226,Mrs. Patricia Crosby,Home Office,Central,Furniture,Bookcases
CA-299880,2025-03-23,2025-05-04,First Class,CUST-9619,Steve Levine,Home Office,East,Furniture,Furnishings
CA-865022,2024-04-05,2025-05-03,Standard Class,CUST-3957,David Austin,Consumer,Central,Office Supplies,Labels
CA-179682,2023-05-28,2025-04-14,Standard Class,CUST-3109,Anna Mitchell,Corporate,South,Technology,Computers
CA-516937,2023-11-30,2025-04-13,Standard Class,CUST-2555,Troy Thompson,Home Office,East,Technology,Phones
CA-183588,2025-01-19,2025-04-13,Standard Class,CUST-3911,Jamie Powers,Home Office,South,Technology,Copiers
CA-259399,2024-08-04,2025-04-09,Same Day,CUST-2887,John Young,Home Office,Central,Furniture,Tables
CA-972806,2024-02-01,2025-04-11,Second Class,CUST-1524,Alec Nichols,Corporate,East,Technology,Machines
CA-912945,2023-11-18,2025-04-20,Second Class,CUST-1203,Michael Kelly,Corporate,Central,Furniture,Bookcases
CA-609099,2023-04-30,2025-05-07,Standard Class,CUST-7841,Adam Ramos,Corporate,South,Furniture,Furnishings
CA-458626,2023-06-06,2025-04-29,Standard Class,CUST-3476,Ashley Thompson,Corporate,Central,Furniture,Furnishings
CA-908553,2024-05-21,2025-05-07,Second Class,CUST-9694,Robert Sheppard,Home Office,Central,Technology,Phones
CA-695852,2023-07-17,2025-04-16,First Class,CUST-5632,Rodney Cook,Consumer,South,Office Supplies,Binders
CA-153962,2023-10-19,2025-04-15,Second Class,CUST-7412,Mrs. Rachel Johnson,Consumer,South,Office Supplies,Labels
CA-894890,2025-02-12,2025-04-16,Same Day,CUST-3075,Robert Scott,Corporate,West,Furniture,Furnishings
CA-396954,2023-05-04,2025-04-26,First Class,CUST-2972,Kristen Turner,Consumer,South,Office Supplies,Labels
CA-803517,2023-06-03,2025-04-10,Second Class,CUST-6973,Cynthia Rivera,Consumer,West,Technology,Phones
CA-721031,2025-04-01,2025-05-07,First Class,CUST-5804,Karen Johnson,Home Office,South,Furniture,Furnishings
CA-444577,2023-10-28,2025-04-23,Same Day,CUST-3536,Alejandro Becker,Corporate,West,Technology,Copiers
CA-344565,2023-07-15,2025-04-11,Same Day,CUST-8902,Kathleen Austin,Home Office,East,Furniture,Furnishings
CA-305224,2024-11-03,2025-04-30,Second Class,CUST-7836,James Ross,Home Office,West,Office Supplies,Paper
CA-164518,2023-08-04,2025-04-13,Same Day,CUST-5718,Lisa Mccarty,Home Office,South,Technology,Copiers
CA-117389,2025-01-11,2025-04-29,Same Day,CUST-4583,Tammy Hall,Corporate,West,Furniture,Furnishings
CA-139579,2024-06-22,2025-05-01,Second Class,CUST-2170,Brittany Butler,Home Office,West,Office Supplies,Binders
CA-258684,2024-08-11,2025-04-20,First Class,CUST-7210,Brandon Alexander,Consumer,Central,Technology,Accessories
CA-111076,2023-12-07,2025-05-08,Same Day,CUST-3051,Eric Graham,Home Office,Central,Furniture,Bookcases
CA-716157,2024-03-24,2025-04-27,Standard Class,CUST-2525,Jonathan West,Consumer,Central,Office Supplies,Binders
CA-179759,2025-03-12,2025-05-04,Same Day,CUST-6354,Todd Gonzalez,Home Office,East,Office Supplies,Labels
CA-583820,2023-12-28,2025-04-25,Standard Class,CUST-6629,Jesse Strickland,Consumer,East,Office Supplies,Storage
CA-331143,2023-07-17,2025-04-24,Second Class,CUST-6663,Jessica Ferguson,Consumer,South,Technology,Machines
CA-641895,2024-06-10,2025-05-04,Second Class,CUST-9408,Steven Robinson,Home Office,West,Furniture,Bookcases
CA-422559,2023-06-19,2025-04-21,Same Day,CUST-5638,Valerie Copeland,Corporate,Central,Office Supplies,Paper
CA-229570,2024-04-16,2025-04-13,Same Day,CUST-4958,William Walsh,Consumer,West,Furniture,Tables
CA-968240,2025-01-15,2025-05-01,Same Day,CUST-1252,Nicholas James,Home Office,East,Office Supplies,Labels
CA-241796,2023-05-24,2025-05-08,Same Day,CUST-3899,Bruce Jones,Corporate,South,Technology,Phones
CA-706054,2024-06-18,2025-04-10,Same Day,CUST-3625,Sylvia Lewis,Home Office,East,Office Supplies,Storage
CA-494684,2024-04-02,2025-04-09,Standard Class,CUST-1468,Amanda Knight,Home Office,West,Furniture,Bookcases
CA-381267,2024-03-03,2025-04-09,Same Day,CUST-4448,Gary Byrd,Home Office,South,Furniture,Bookcases
CA-509827,2024-08-18,2025-04-19,Second Class,CUST-9142,Sara Gutierrez,Consumer,East,Furniture,Tables
CA-949458,2024-10-22,2025-05-06,First Class,CUST-6334,Monica Ellis,Consumer,East,Technology,Copiers
CA-367487,2024-02-02,2025-04-24,Same Day,CUST-6884,Karina Collier,Home Office,East,Furniture,Furnishings
CA-520596,2023-11-01,2025-04-24,Standard Class,CUST-8278,Jose Maddox,Home Office,East,Office Supplies,Storage
CA-717738,2024-07-06,2025-04-09,First Class,CUST-4425,Isaiah Hickman,Consumer,West,Furniture,Chairs
CA-904215,2023-10-30,2025-04-14,Second Class,CUST-1739,Rebecca Flores,Consumer,Central,Furniture,Tables
CA-793027,2024-07-27,2025-04-14,Second Class,CUST-5702,Daniel Thomas,Corporate,West,Technology,Computers
CA-297745,2023-09-16,2025-04-16,First Class,CUST-9436,Luke Hayes,Corporate,South,Furniture,Chairs
CA-859071,2025-02-11,2025-04-25,Same Day,CUST-4052,Audrey Cook,Consumer,South,Technology,Copiers
CA-317248,2023-09-17,2025-04-15,First Class,CUST-5640,Ashley Scott DVM,Corporate,Central,Furniture,Tables
CA-883610,2023-10-27,2025-04-23,Second Class,CUST-5757,Daniel Garrett,Home Office,South,Technology,Machines
CA-549224,2023-08-20,2025-04-25,Same Day,CUST-4140,Tyler Graham,Home Office,Central,Office Supplies,Binders
CA-377459,2024-07-12,2025-04-16,Standard Class,CUST-5351,Lisa Ray,Corporate,South,Technology,Phones
CA-975321,2023-11-04,2025-04-29,Standard Class,CUST-7344,William Burns,Consumer,East,Office Supplies,Storage
CA-731930,2024-12-20,2025-04-28,Second Class,CUST-2858,Amanda Rivera,Corporate,Central,Furniture,Chairs
CA-443444,2024-04-03,2025-04-19,Standard Class,CUST-9772,Daniel Nicholson,Consumer,East,Technology,Copiers
CA-234046,2024-07-04,2025-04-12,Second Class,CUST-8318,Nicholas Tyler,Corporate,South,Technology,Machines
CA-638347,2024-01-02,2025-05-07,Second Class,CUST-5429,Scott Ward,Home Office,West,Office Supplies,Labels
CA-309937,2024-08-11,2025-04-19,Standard Class,CUST-1108,Sara Horton,Consumer,West,Furniture,Chairs
CA-310346,2024-05-08,2025-04-18,Second Class,CUST-3133,Nancy Mitchell,Consumer,West,Office Supplies,Art
CA-524754,2023-10-24,2025-04-24,Standard Class,CUST-5743,Eugene Mcgee,Consumer,Central,Furniture,Chairs
CA-740217,2023-09-24,2025-05-03,Same Day,CUST-6051,Barry Landry,Consumer,West,Furniture,Furnishings
CA-140622,2024-05-31,2025-05-05,Second Class,CUST-1783,Briana Martinez,Home Office,Central,Office Supplies,Paper
CA-943815,2024-01-11,2025-04-15,Second Class,CUST-8759,Andrew Hill,Home Office,South,Office Supplies,Art
CA-500056,2024-12-31,2025-04-20,Same Day,CUST-7565,Jeffrey Harper,Corporate,South,Furniture,Bookcases
CA-374382,2024-01-11,2025-04-26,Second Class,CUST-5543,Kelly Fitzgerald,Consumer,East,Technology,Phones
CA-743442,2025-01-12,2025-04-27,Second Class,CUST-8040,Yolanda Lewis,Consumer,West,Office Supplies,Paper
CA-936385,2023-06-23,2025-05-08,First Class,CUST-5856,Scott Farrell,Corporate,West,Office Supplies,Labels
CA-771787,2025-01-13,2025-04-30,Second Class,CUST-9330,Brandon Conway,Corporate,Central,Office Supplies,Binders
CA-944698,2023-05-21,2025-04-25,Same Day,CUST-6457,Katrina Robbins,Corporate,Central,Technology,Machines
CA-503069,2024-01-23,2025-04-18,Second Class,CUST-5278,Bianca Lindsey,Consumer,Central,Technology,Computers
CA-680915,2023-11-04,2025-05-02,Second Class,CUST-2528,Jeff Carr,Consumer,South,Furniture,Tables
CA-656561,2025-01-22,2025-05-02,Same Day,CUST-8919,Tonya Perkins,Home Office,South,Technology,Accessories
CA-294947,2024-11-28,2025-04-13,First Class,CUST-5874,Michael Ewing,Home Office,South,Furniture,Tables
CA-448898,2023-09-07,2025-04-22,Second Class,CUST-3912,Rachel Martinez,Home Office,Central,Technology,Computers
CA-495068,2024-07-10,2025-04-20,Second Class,CUST-4667,Anthony James,Corporate,East,Technology,Accessories
CA-149620,2023-05-30,2025-04-28,Standard Class,CUST-4473,Karen Powell,Consumer,East,Furniture,Chairs
CA-479600,2024-04-10,2025-04-15,First Class,CUST-8524,Jasmine Smith,Home Office,South,Furniture,Tables
CA-883638,2024-11-05,2025-05-05,Same Day,CUST-7644,Ryan Wade,Home Office,East,Technology,Accessories
CA-209100,2025-02-23,2025-05-08,First Class,CUST-5837,Laura Mcdonald,Consumer,South,Technology,Copiers
CA-707738,2024-01-08,2025-04-18,Standard Class,CUST-6148,Matthew Sawyer,Corporate,South,Technology,Accessories
CA-192822,2024-02-09,2025-05-08,Standard Class,CUST-5574,Joel Lucas,Corporate,Central,Technology,Accessories
CA-126635,2024-08-15,2025-05-07,Same Day,CUST-3180,Jessica Armstrong,Corporate,Central,Office Supplies,Paper
CA-800051,2025-04-02,2025-04-20,Second Class,CUST-2467,Jeffrey George,Consumer,South,Furniture,Furnishings
CA-883580,2024-07-29,2025-04-11,First Class,CUST-2736,Russell Smith,Corporate,East,Office Supplies,Binders
CA-389093,2024-06-25,2025-05-06,Standard Class,CUST-3214,Ms. Kim Murphy,Home Office,Central,Furniture,Furnishings
CA-311012,2024-05-03,2025-04-21,Same Day,CUST-8183,Edward Perry,Home Office,South,Technology,Copiers
CA-396701,2024-10-24,2025-04-13,First Class,CUST-7820,Shawn Guzman DDS,Consumer,South,Office Supplies,Binders
CA-177142,2025-01-10,2025-04-13,Same Day,CUST-2707,Michael Neal,Consumer,East,Technology,Phones
CA-577666,2024-09-25,2025-05-02,Same Day,CUST-9644,Justin Ferguson,Home Office,South,Office Supplies,Labels
CA-748090,2024-04-06,2025-04-14,Standard Class,CUST-6248,Joseph Lang,Consumer,West,Office Supplies,Storage
CA-671653,2023-11-28,2025-04-16,Standard Class,CUST-9079,Thomas Archer,Consumer,West,Technology,Machines
CA-569726,2024-10-21,2025-04-26,Second Class,CUST-2745,Christina Jacobs,Consumer,West,Office Supplies,Paper
CA-743322,2023-06-30,2025-05-02,First Class,CUST-7830,Anthony Carpenter,Consumer,Central,Office Supplies,Labels
CA-193790,2024-11-07,2025-04-29,Second Class,CUST-9987,Debra Richards,Consumer,South,Furniture,Chairs
CA-256070,2023-07-20,2025-05-07,Second Class,CUST-8986,Michele Green,Corporate,East,Furniture,Bookcases
CA-634594,2024-08-05,2025-04-29,Standard Class,CUST-4088,Stephanie Cummings,Consumer,West,Technology,Machines
CA-462443,2024-02-15,2025-04-22,First Class,CUST-1534,Carol Brown,Home Office,South,Technology,Phones
CA-223633,2024-01-20,2025-05-08,Standard Class,CUST-9059,Thomas Casey,Corporate,South,Office Supplies,Art
CA-350387,2024-11-28,2025-04-28,Same Day,CUST-2735,Amy Cochran,Home Office,South,Office Supplies,Storage
CA-774258,2024-04-23,2025-05-05,Same Day,CUST-2693,Kimberly Williams,Home Office,West,Technology,Computers
CA-859288,2024-05-20,2025-05-08,Second Class,CUST-9857,Kimberly Walsh,Consumer,Central,Office Supplies,Labels
CA-975355,2024-02-18,2025-04-14,First Class,CUST-7021,Danielle Wallace,Home Office,West,Technology,Machines
CA-826520,2024-01-14,2025-04-27,Second Class,CUST-6670,Carl Pruitt,Home Office,West,Technology,Copiers
CA-663551,2023-08-26,2025-04-25,First Class,CUST-7893,Shane Ortiz,Home Office,Central,Office Supplies,Storage
CA-389340,2023-11-29,2025-04-25,Standard Class,CUST-8487,Michelle Byrd,Consumer,West,Technology,Computers
CA-490226,2024-12-14,2025-04-19,Same Day,CUST-3434,Haley Harris,Home Office,West,Office Supplies,Art
CA-662723,2024-02-17,2025-04-14,Same Day,CUST-4654,Eric Ray,Corporate,South,Furniture,Chairs
CA-346725,2023-07-26,2025-04-27,Standard Class,CUST-5750,Sandra Mcbride,Home Office,South,Technology,Computers
CA-892620,2023-04-18,2025-04-16,Standard Class,CUST-3965,Brandy Dorsey,Home Office,East,Office Supplies,Paper
CA-720687,2023-05-27,2025-04-11,Same Day,CUST-6081,Randall Leon,Consumer,Central,Furniture,Bookcases
CA-173163,2024-01-14,2025-04-18,Second Class,CUST-8644,Catherine Jordan,Consumer,South,Technology,Accessories
CA-110628,2025-01-28,2025-04-11,First Class,CUST-4708,Andrew Bryant,Corporate,East,Technology,Machines
CA-381327,2024-11-21,2025-04-21,Standard Class,CUST-5556,Bryan Noble II,Home Office,East,Furniture,Tables
CA-954007,2023-08-20,2025-05-08,First Class,CUST-1191,Matthew Cooper,Consumer,East,Technology,Copiers
CA-395506,2024-12-11,2025-04-13,Same Day,CUST-2829,Aaron Johnson,Consumer,South,Office Supplies,Binders
CA-565383,2023-08-02,2025-04-22,Second Class,CUST-9562,Dylan Rodriguez,Home Office,Central,Technology,Copiers
CA-561234,2024-04-03,2025-05-06,First Class,CUST-8803,Laurie Marshall,Corporate,East,Furniture,Chairs
CA-599562,2024-04-24,2025-04-26,Second Class,CUST-6268,Sonya Hunt,Home Office,South,Furniture,Chairs
CA-703274,2024-02-23,2025-05-08,Second Class,CUST-2257,Mark Cochran,Consumer,West,Office Supplies,Paper
CA-465941,2023-08-01,2025-04-15,Second Class,CUST-6613,Tony Cooper,Home Office,West,Furniture,Bookcases
CA-384706,2023-07-30,2025-04-12,First Class,CUST-9766,James Wright,Corporate,Central,Office Supplies,Paper
CA-132614,2023-09-10,2025-05-06,Same Day,CUST-6367,John Turner,Corporate,Central,Furniture,Furnishings
CA-374718,2023-05-19,2025-04-23,Standard Class,CUST-1171,Dr. Holly Anderson,Consumer,Central,Technology,Machines
CA-580687,2023-05-25,2025-04-27,Standard Class,CUST-4078,Jonathan Pena,Consumer,East,Office Supplies,Binders
CA-724747,2024-08-08,2025-05-02,Second Class,CUST-1664,Sally King,Corporate,East,Office Supplies,Labels
CA-774071,2024-12-17,2025-04-30,Same Day,CUST-3226,Amy Clayton,Corporate,South,Office Supplies,Paper
CA-657027,2023-11-16,2025-05-02,Same Day,CUST-3608,Raymond Saunders,Consumer,South,Office Supplies,Labels
CA-349534,2023-04-11,2025-04-13,Second Class,CUST-9781,Greg Anderson,Corporate,South,Office Supplies,Labels
CA-762466,2023-07-12,2025-04-14,Standard Class,CUST-3187,Ryan Page,Home Office,West,Office Supplies,Art
CA-447336,2023-09-28,2025-05-08,Second Class,CUST-1989,Emily Morris,Home Office,West,Office Supplies,Storage
CA-791107,2024-01-08,2025-04-13,Standard Class,CUST-9373,Thomas Baird,Corporate,West,Furniture,Bookcases
CA-328746,2023-05-01,2025-05-07,Same Day,CUST-1789,Daniel Young,Home Office,South,Technology,Machines
CA-212667,2024-08-31,2025-04-23,Second Class,CUST-7725,Jacqueline Hooper,Home Office,West,Furniture,Tables
CA-764451,2023-09-05,2025-04-09,First Class,CUST-7363,Nichole Hines,Consumer,East,Office Supplies,Storage
CA-562326,2023-07-29,2025-04-20,Standard Class,CUST-1580,Brandi Swanson,Consumer,West,Technology,Machines
CA-197892,2023-08-06,2025-04-23,Same Day,CUST-3080,Bradley Williams,Consumer,East,Office Supplies,Paper
CA-696470,2023-11-15,2025-04-13,Same Day,CUST-3803,Michelle English,Corporate,East,Furniture,Chairs
CA-396254,2024-02-21,2025-04-18,Second Class,CUST-7515,Randy Boyer,Corporate,East,Technology,Machines
CA-986062,2024-05-17,2025-05-06,Standard Class,CUST-5798,Aaron Hudson,Consumer,Central,Office Supplies,Labels
CA-382007,2023-05-14,2025-04-30,Same Day,CUST-9306,Alexander Schultz,Corporate,East,Office Supplies,Paper
CA-232204,2024-06-27,2025-05-05,First Class,CUST-8827,Donald Kelly,Home Office,East,Furniture,Furnishings
CA-776319,2023-12-18,2025-04-16,Same Day,CUST-3855,Jeremy Marsh,Corporate,Central,Furniture,Tables
CA-605800,2024-12-02,2025-04-29,Standard Class,CUST-5539,Rachel Weaver,Consumer,Central,Office Supplies,Labels
CA-871587,2024-07-15,2025-04-12,Same Day,CUST-3493,Sara Schmidt,Corporate,Central,Office Supplies,Storage
CA-212114,2024-08-22,2025-05-05,Standard Class,CUST-3608,Amy Hall,Corporate,South,Technology,Computers
CA-951899,2023-07-26,2025-04-25,Standard Class,CUST-9872,Christine Avery,Corporate,South,Technology,Machines
CA-193636,2024-11-25,2025-04-27,Same Day,CUST-4729,Scott Gilbert,Corporate,West,Technology,Computers
CA-824289,2023-11-01,2025-04-28,Second Class,CUST-7166,Joshua Curtis,Corporate,South,Technology,Accessories
CA-165268,2024-06-23,2025-04-15,Standard Class,CUST-3705,David Melton,Corporate,East,Office Supplies,Labels
CA-461263,2024-10-09,2025-05-05,Second Class,CUST-1054,Angelica Ortiz,Home Office,South,Technology,Computers
CA-788478,2023-06-04,2025-05-05,Standard Class,CUST-8200,Andrew Reyes,Consumer,East,Office Supplies,Art
CA-500324,2023-07-17,2025-04-09,Same Day,CUST-9154,Justin Johnson,Consumer,Central,Furniture,Bookcases
CA-946099,2024-05-01,2025-04-14,Same Day,CUST-7932,Austin Lucas,Home Office,East,Technology,Computers
CA-242208,2023-09-12,2025-04-21,Standard Class,CUST-7751,Amanda Fisher,Corporate,Central,Technology,Accessories
CA-371920,2024-07-19,2025-04-15,Second Class,CUST-7154,Jodi Estrada,Corporate,East,Furniture,Furnishings
CA-695051,2023-07-28,2025-04-27,Standard Class,CUST-5611,Don Meyer,Consumer,East,Furniture,Bookcases
CA-373149,2024-10-21,2025-04-27,Standard Class,CUST-9222,David Flores,Consumer,South,Furniture,Tables
CA-806729,2023-06-18,2025-04-25,Standard Class,CUST-8422,Robert Cross,Home Office,West,Technology,Accessories
CA-547307,2024-10-24,2025-04-26,First Class,CUST-8553,Samantha Aguilar,Corporate,South,Office Supplies,Binders
CA-247212,2024-07-11,2025-04-23,First Class,CUST-4074,Melissa Russo,Home Office,South,Office Supplies,Paper
CA-976171,2024-10-25,2025-04-14,Second Class,CUST-7904,Lori Higgins,Home Office,Central,Technology,Copiers
CA-549459,2024-07-29,2025-04-30,Same Day,CUST-2804,Marie Russo,Consumer,South,Furniture,Tables
CA-460302,2023-05-30,2025-05-08,Second Class,CUST-9571,Jasmine Colon,Home Office,East,Furniture,Furnishings
CA-781913,2025-02-05,2025-04-27,Same Day,CUST-4069,Kelly Ray,Corporate,West,Furniture,Bookcases
CA-353159,2024-10-05,2025-04-23,Second Class,CUST-7537,Jennifer Anderson,Consumer,South,Technology,Machines
CA-322551,2023-10-11,2025-04-28,First Class,CUST-7216,Ryan Carroll,Home Office,East,Furniture,Furnishings
CA-403381,2023-11-30,2025-04-25,First Class,CUST-8302,Joshua Peterson,Consumer,East,Furniture,Tables
CA-799655,2024-01-20,2025-05-04,First Class,CUST-1996,Julia Greer,Corporate,Central,Technology,Machines
CA-399296,2024-11-02,2025-05-08,Same Day,CUST-2595,Jose Smith,Corporate,Central,Office Supplies,Storage
CA-887671,2023-07-06,2025-04-28,First Class,CUST-7168,Scott Howard,Corporate,East,Furniture,Furnishings
CA-862559,2023-10-24,2025-04-27,Same Day,CUST-4918,Darlene Adams,Home Office,Central,Furniture,Furnishings
CA-668637,2025-02-18,2025-04-16,Second Class,CUST-7810,Darryl Bauer,Home Office,East,Furniture,Bookcases
CA-376150,2023-08-06,2025-05-08,Second Class,CUST-7402,Angela Cooley,Consumer,Central,Furniture,Furnishings
CA-161328,2023-12-26,2025-04-22,Same Day,CUST-8667,Crystal Gonzalez,Corporate,West,Furniture,Bookcases
CA-842248,2024-07-09,2025-04-25,Same Day,CUST-1859,Andrew Mccormick,Home Office,East,Technology,Phones
CA-281272,2023-10-15,2025-04-22,First Class,CUST-1025,Tony Blair,Home Office,South,Technology,Computers
CA-793054,2024-10-08,2025-04-29,Same Day,CUST-9269,Kimberly Williams,Corporate,West,Technology,Phones
CA-702987,2025-02-25,2025-04-29,Same Day,CUST-3195,William Mathews,Home Office,East,Furniture,Furnishings
CA-914476,2023-07-29,2025-04-13,Standard Class,CUST-9056,Angela Drake,Corporate,East,Office Supplies,Paper
CA-577963,2024-09-16,2025-04-14,Same Day,CUST-4517,Jose Larson,Consumer,East,Technology,Machines
CA-441696,2024-04-28,2025-04-30,Second Class,CUST-5015,Jessica Lopez,Home Office,West,Office Supplies,Storage
CA-575276,2024-10-12,2025-05-07,Second Class,CUST-4041,Heather Hanson,Home Office,West,Technology,Accessories
CA-911499,2025-03-04,2025-04-25,Same Day,CUST-6271,Mario Morris,Home Office,West,Office Supplies,Labels
CA-426691,2024-05-27,2025-04-15,Second Class,CUST-9531,Xavier Ramsey,Consumer,East,Furniture,Bookcases
CA-347746,2023-06-10,2025-05-03,First Class,CUST-4566,Sarah Palmer,Home Office,West,Furniture,Chairs
CA-347584,2024-11-25,2025-04-17,Standard Class,CUST-7247,Heidi Russell,Consumer,South,Technology,Accessories
CA-113961,2025-01-08,2025-04-26,First Class,CUST-4435,Cathy Gray PhD,Consumer,Central,Furniture,Tables
CA-302547,2025-02-28,2025-04-12,Same Day,CUST-6333,Samantha Davis,Corporate,Central,Office Supplies,Paper
CA-187213,2025-02-24,2025-04-22,Same Day,CUST-8366,Roger Gonzalez,Corporate,Central,Furniture,Chairs
CA-314456,2024-02-17,2025-04-20,First Class,CUST-2774,Jose Daniels,Consumer,East,Furniture,Bookcases
CA-480465,2023-08-15,2025-04-20,Standard Class,CUST-5853,Autumn Wiley,Home Office,West,Furniture,Furnishings
CA-669121,2024-01-09,2025-04-15,Second Class,CUST-3271,John Cook,Corporate,South,Furniture,Bookcases
CA-806433,2024-03-06,2025-04-27,Second Class,CUST-2451,Tamara Smith,Consumer,Central,Office Supplies,Paper
CA-819186,2023-10-15,2025-04-18,First Class,CUST-7163,Molly Davis,Home Office,South,Furniture,Chairs
CA-195936,2024-01-30,2025-04-29,First Class,CUST-9300,Dana Lozano,Corporate,West,Technology,Computers
CA-417992,2023-10-07,2025-05-06,Standard Class,CUST-8265,Kayla Bailey,Consumer,East,Office Supplies,Storage
CA-368666,2023-08-09,2025-04-22,Second Class,CUST-3709,Cassandra Taylor,Home Office,Central,Office Supplies,Storage
CA-714958,2024-07-06,2025-04-23,Same Day,CUST-8687,Michelle Vance,Consumer,East,Furniture,Chairs
CA-196913,2023-07-15,2025-04-23,Standard Class,CUST-2263,Kimberly Ware,Corporate,West,Furniture,Tables
CA-999296,2024-02-03,2025-05-08,Standard Class,CUST-3906,Brittany Jones,Home Office,South,Technology,Phones
CA-351756,2023-06-26,2025-04-09,First Class,CUST-3328,Stephen Robinson,Consumer,Central,Office Supplies,Binders
CA-552990,2023-12-13,2025-04-28,Second Class,CUST-6597,Greg Lane,Corporate,South,Furniture,Tables
CA-116432,2023-04-25,2025-05-03,Same Day,CUST-9587,Tammy Hill,Home Office,East,Technology,Computers
CA-158304,2023-07-23,2025-05-05,First Class,CUST-5155,Jennifer Little,Home Office,East,Furniture,Chairs
CA-611955,2023-05-31,2025-04-10,Same Day,CUST-3172,Craig Hensley,Home Office,Central,Furniture,Tables
CA-983819,2024-06-01,2025-04-17,Second Class,CUST-5614,Douglas Cruz,Corporate,West,Furniture,Bookcases
CA-101246,2023-06-13,2025-04-21,First Class,CUST-4061,Nicole May,Consumer,South,Furniture,Tables
CA-879982,2025-03-31,2025-04-14,First Class,CUST-3123,Jermaine Ford,Corporate,East,Furniture,Bookcases
CA-818542,2024-12-02,2025-04-28,Same Day,CUST-2383,Tammy Lam,Home Office,East,Technology,Copiers
CA-901860,2024-07-27,2025-04-11,Standard Class,CUST-6003,Derek Maldonado,Home Office,South,Technology,Computers
CA-346286,2024-12-16,2025-05-01,Same Day,CUST-1769,Melinda Smith,Corporate,Central,Furniture,Chairs
CA-107959,2023-11-01,2025-04-19,Standard Class,CUST-9080,Anthony Clark,Consumer,West,Office Supplies,Paper
CA-100954,2025-03-31,2025-05-05,First Class,CUST-6966,Alexander Bailey,Corporate,East,Office Supplies,Paper
CA-862353,2024-10-06,2025-05-01,Standard Class,CUST-7639,Joshua Brown,Corporate,East,Office Supplies,Storage
CA-380259,2023-10-14,2025-04-13,First Class,CUST-1702,Chloe Martinez,Home Office,West,Technology,Copiers
CA-630151,2025-03-04,2025-04-10,First Class,CUST-6666,Ana Castillo,Corporate,West,Furniture,Chairs
CA-890902,2024-07-05,2025-05-02,First Class,CUST-6575,Gabrielle Allen,Consumer,East,Office Supplies,Binders
CA-388556,2024-05-19,2025-04-17,Same Day,CUST-2250,Cassandra Brady,Consumer,East,Technology,Phones
CA-495150,2023-10-14,2025-04-13,Second Class,CUST-4834,Dana Perry,Consumer,Central,Furniture,Tables
CA-595511,2024-05-03,2025-04-19,Standard Class,CUST-7596,Tim Phillips,Corporate,Central,Technology,Machines
CA-810915,2023-07-15,2025-04-09,First Class,CUST-9930,Gabrielle Ramirez,Corporate,East,Technology,Machines
CA-385466,2024-06-02,2025-04-13,Standard Class,CUST-3958,Ronald Baker,Corporate,East,Furniture,Bookcases
CA-612341,2024-05-02,2025-04-25,Second Class,CUST-6717,Eric Sullivan,Home Office,Central,Technology,Computers
CA-266327,2023-11-01,2025-04-28,Same Day,CUST-2949,Rebecca Murray,Consumer,East,Furniture,Furnishings
CA-590778,2025-02-13,2025-04-23,Same Day,CUST-5034,Alexis Estrada,Home Office,East,Office Supplies,Paper
CA-273830,2024-06-28,2025-04-13,Standard Class,CUST-8554,Martha Rodriguez,Consumer,East,Office Supplies,Binders
CA-747931,2024-12-24,2025-04-12,Same Day,CUST-3410,Kelsey Jimenez,Home Office,East,Furniture,Bookcases
CA-298935,2024-09-30,2025-05-04,First Class,CUST-9136,Andrew Herrera,Consumer,West,Furniture,Furnishings
CA-566189,2025-03-29,2025-04-26,Second Class,CUST-4220,Matthew Peterson,Corporate,South,Office Supplies,Storage
CA-523638,2025-01-13,2025-04-18,Second Class,CUST-6314,Samuel Lewis,Home Office,South,Technology,Machines
CA-139909,2023-07-11,2025-05-04,Same Day,CUST-2798,Renee Trujillo,Home Office,Central,Technology,Accessories
CA-301963,2023-07-10,2025-05-06,First Class,CUST-7846,Kayla Lee,Corporate,South,Furniture,Chairs
CA-545546,2025-03-31,2025-04-29,Same Day,CUST-5422,Kayla Gardner,Corporate,South,Office Supplies,Storage
CA-912316,2023-12-04,2025-05-01,Second Class,CUST-1868,Robert Malone,Corporate,South,Technology,Machines
CA-813471,2024-09-07,2025-04-17,Standard Class,CUST-1830,Paul Smith,Consumer,East,Office Supplies,Storage
CA-464636,2023-07-06,2025-04-09,Standard Class,CUST-5262,Jodi Walsh,Home Office,South,Technology,Accessories
CA-629570,2023-04-13,2025-05-06,Standard Class,CUST-8591,Wendy Johnson,Home Office,Central,Technology,Copiers
CA-206634,2024-07-19,2025-05-06,Second Class,CUST-9418,Bryan Sullivan,Home Office,West,Office Supplies,Art
CA-180262,2023-05-02,2025-05-05,Same Day,CUST-8825,Aaron Frye,Consumer,Central,Technology,Copiers
CA-809928,2023-10-24,2025-04-13,Second Class,CUST-9383,Bryan Collins,Consumer,Central,Technology,Accessories
CA-272156,2024-05-05,2025-04-14,Same Day,CUST-5592,Bradley Beasley,Corporate,South,Office Supplies,Labels
CA-578776,2023-05-16,2025-05-06,Standard Class,CUST-2286,Kevin Powell,Corporate,West,Office Supplies,Art
CA-214775,2024-11-17,2025-05-05,Second Class,CUST-2720,Felicia Gonzalez,Consumer,East,Technology,Accessories
CA-708806,2023-09-07,2025-04-30,Standard Class,CUST-3852,Brad Stanley,Consumer,South,Office Supplies,Art
CA-386858,2024-12-10,2025-04-30,Second Class,CUST-2777,John Irwin,Home Office,East,Technology,Computers
CA-706627,2024-08-13,2025-05-05,Standard Class,CUST-4642,Amanda Rosario,Consumer,South,Furniture,Tables
CA-540795,2023-07-07,2025-04-11,Second Class,CUST-6129,Allen Davis,Consumer,East,Technology,Accessories
CA-966274,2024-04-14,2025-04-24,Standard Class,CUST-3379,Brandy Watts,Home Office,South,Furniture,Chairs
CA-326300,2025-02-01,2025-04-24,Same Day,CUST-1471,Chelsea Green,Corporate,Central,Technology,Accessories
CA-932049,2024-08-05,2025-05-04,Same Day,CUST-2359,Jessica Horton,Corporate,East,Technology,Accessories
CA-315743,2024-12-18,2025-04-30,First Class,CUST-6402,Mark Webb,Home Office,South,Technology,Phones
CA-841317,2023-07-31,2025-04-30,Second Class,CUST-1618,Joseph Marshall,Consumer,Central,Furniture,Bookcases
CA-442522,2024-04-02,2025-04-13,Same Day,CUST-1580,Victoria Jensen,Consumer,West,Office Supplies,Paper
CA-747861,2025-02-23,2025-04-20,Standard Class,CUST-7720,Kim Orozco DVM,Home Office,West,Office Supplies,Labels
CA-744404,2024-01-07,2025-04-22,Same Day,CUST-8638,Rachel Oconnor,Corporate,East,Technology,Phones
CA-915875,2023-08-21,2025-04-19,First Class,CUST-6176,Jesse Arias II,Consumer,South,Furniture,Bookcases
CA-208216,2023-09-16,2025-04-25,First Class,CUST-3399,Ashley Myers,Consumer,Central,Furniture,Furnishings
CA-305346,2023-07-27,2025-05-07,First Class,CUST-9971,Jill Conrad,Home Office,Central,Furniture,Furnishings
CA-590079,2025-04-02,2025-05-05,Same Day,CUST-8491,Rhonda Porter MD,Consumer,East,Technology,Accessories
CA-448818,2025-01-03,2025-05-01,First Class,CUST-4616,Raymond Calderon,Consumer,Central,Furniture,Tables
CA-769449,2024-12-19,2025-05-08,Same Day,CUST-2719,Julie Lopez,Home Office,East,Office Supplies,Paper
CA-473275,2024-03-28,2025-05-01,First Class,CUST-4577,Charles Hart,Home Office,South,Office Supplies,Labels
CA-668883,2024-09-23,2025-05-03,Same Day,CUST-1714,Kathy Kennedy,Corporate,Central,Office Supplies,Storage
CA-660572,2025-02-04,2025-04-15,First Class,CUST-5043,Richard Bishop,Home Office,West,Furniture,Furnishings
CA-245028,2024-04-23,2025-04-19,Second Class,CUST-1727,Cristian Thomas,Consumer,South,Furniture,Furnishings
CA-984934,2024-08-26,2025-04-15,First Class,CUST-3693,Jack Green,Corporate,East,Office Supplies,Labels
CA-870742,2024-09-25,2025-04-21,First Class,CUST-9951,Richard Richard,Corporate,West,Furniture,Chairs
CA-224721,2024-01-13,2025-04-13,Same Day,CUST-9273,Erika Reeves,Home Office,Central,Furniture,Furnishings
CA-507345,2024-09-15,2025-04-25,Second Class,CUST-8835,Stephanie King,Corporate,Central,Technology,Copiers
CA-807435,2024-03-09,2025-04-22,First Class,CUST-6055,Ryan Morgan,Corporate,West,Technology,Phones
CA-189603,2023-08-01,2025-05-03,First Class,CUST-6690,Jessica Cuevas,Corporate,Central,Office Supplies,Art
CA-504181,2023-12-03,2025-04-15,First Class,CUST-9538,Cathy Taylor,Home Office,East,Furniture,Bookcases
CA-310143,2024-11-18,2025-05-03,Second Class,CUST-1544,Randall Baker,Corporate,West,Furniture,Furnishings
CA-901708,2025-03-28,2025-04-27,Same Day,CUST-3612,Kenneth Hernandez,Consumer,East,Technology,Accessories
CA-247887,2024-03-28,2025-04-22,Second Class,CUST-2889,John Alvarez,Home Office,South,Office Supplies,Storage
CA-444277,2024-10-04,2025-04-24,Standard Class,CUST-4208,Karen Bishop,Home Office,South,Technology,Phones
CA-290390,2024-09-26,2025-05-05,First Class,CUST-3659,Laura Wright,Corporate,Central,Furniture,Chairs
CA-186528,2023-10-31,2025-04-15,First Class,CUST-8460,Raymond Walker,Corporate,Central,Technology,Copiers
CA-499477,2025-01-18,2025-04-16,First Class,CUST-8080,Jessica Whitaker,Home Office,South,Technology,Machines
CA-292843,2024-04-26,2025-04-28,Standard Class,CUST-5118,Tammy Valencia,Corporate,South,Furniture,Bookcases
CA-147492,2024-03-29,2025-05-06,Standard Class,CUST-3041,Erin Owens,Consumer,East,Furniture,Chairs
CA-676963,2024-11-23,2025-04-25,First Class,CUST-3299,Mrs. Rhonda Smith MD,Corporate,West,Furniture,Chairs
CA-357115,2024-07-20,2025-04-16,Second Class,CUST-6070,Gregory Frazier,Home Office,Central,Technology,Phones
CA-380726,2023-08-26,2025-04-28,Second Class,CUST-1634,Debbie Frost,Consumer,Central,Furniture,Tables
CA-215704,2023-05-11,2025-04-14,First Class,CUST-9880,Stacey Powell,Home Office,South,Office Supplies,Art
CA-912190,2023-06-17,2025-04-28,First Class,CUST-3335,Mary Carter,Home Office,South,Technology,Machines
CA-445632,2024-03-16,2025-04-20,Standard Class,CUST-9503,Ebony Bass,Consumer,Central,Furniture,Furnishings
CA-117832,2023-08-17,2025-04-28,Second Class,CUST-3642,Brian Thomas,Home Office,East,Technology,Copiers
CA-226162,2024-08-07,2025-05-06,Same Day,CUST-9356,Amanda Carrillo,Consumer,Central,Office Supplies,Binders
CA-589764,2024-04-06,2025-04-10,Second Class,CUST-5342,Crystal Russell,Consumer,Central,Technology,Copiers
CA-414502,2023-10-16,2025-04-18,First Class,CUST-9698,Tyler Mann,Corporate,South,Technology,Copiers
CA-238441,2023-04-12,2025-05-07,Standard Class,CUST-6713,Laurie Thomas,Corporate,South,Technology,Phones
CA-870858,2025-02-17,2025-04-26,First Class,CUST-5190,Jennifer Fleming,Corporate,East,Furniture,Bookcases
CA-750709,2023-11-25,2025-04-23,First Class,CUST-7456,Claudia Johnson,Corporate,East,Technology,Accessories
CA-268685,2024-08-22,2025-04-24,First Class,CUST-4323,Nathaniel King,Consumer,South,Technology,Computers
CA-266025,2025-03-24,2025-04-14,First Class,CUST-4947,Alexander Hood,Consumer,West,Office Supplies,Art
CA-975340,2023-08-03,2025-05-04,First Class,CUST-9822,James Ross,Consumer,South,Office Supplies,Labels
CA-423042,2023-05-27,2025-04-15,First Class,CUST-1192,Kimberly Douglas,Corporate,South,Technology,Computers
CA-644024,2025-01-06,2025-05-04,First Class,CUST-1429,Tyler Perry,Consumer,Central,Furniture,Chairs
CA-345222,2023-09-06,2025-05-06,Second Class,CUST-1506,Samantha Edwards,Home Office,West,Office Supplies,Storage
CA-392672,2025-02-23,2025-04-21,First Class,CUST-5893,Tommy Cortez,Consumer,Central,Furniture,Bookcases
CA-511173,2024-04-28,2025-04-29,First Class,CUST-1138,Scott Adams,Consumer,West,Furniture,Tables
CA-320617,2024-04-06,2025-04-15,Standard Class,CUST-3526,Connie Lopez,Home Office,West,Technology,Copiers
CA-111222,2025-03-19,2025-04-09,Second Class,CUST-4156,Amy Michael,Corporate,Central,Office Supplies,Art
CA-316073,2024-12-12,2025-04-13,First Class,CUST-5547,Michelle Mitchell,Consumer,South,Technology,Computers
CA-235457,2025-04-07,2025-04-27,Second Class,CUST-2757,Dwayne Morales,Corporate,Central,Furniture,Tables
CA-149642,2025-01-05,2025-05-08,Standard Class,CUST-6614,Virginia Bowers,Consumer,West,Furniture,Bookcases
CA-761693,2023-05-02,2025-05-02,Same Day,CUST-7998,Bobby Jimenez,Consumer,West,Technology,Machines
CA-911488,2024-05-26,2025-04-12,Second Class,CUST-8018,Amanda Johnson,Home Office,Central,Technology,Computers
CA-111536,2023-06-09,2025-04-25,Second Class,CUST-7952,Andrea Alvarez,Consumer,Central,Technology,Phones
CA-637011,2024-08-10,2025-05-03,Second Class,CUST-7652,Jeffrey Martin,Corporate,South,Office Supplies,Storage
CA-190476,2024-09-27,2025-04-28,Second Class,CUST-6186,Eric Ray,Home Office,South,Technology,Machines
CA-145742,2023-11-02,2025-05-07,Standard Class,CUST-6408,Johnny Wilson,Consumer,South,Furniture,Furnishings
CA-893913,2024-07-03,2025-04-16,Second Class,CUST-6433,Debra Tucker,Corporate,South,Furniture,Chairs
CA-113149,2024-01-10,2025-04-22,Same Day,CUST-2386,Norma Cummings,Consumer,Central,Furniture,Tables
CA-407934,2024-10-06,2025-04-09,Same Day,CUST-9075,Jennifer Cain,Home Office,Central,Office Supplies,Art
CA-519062,2024-02-08,2025-04-21,Second Class,CUST-7942,Sarah Tate,Home Office,Central,Furniture,Tables
CA-953665,2024-09-16,2025-04-28,Second Class,CUST-2169,Vernon Herrera,Consumer,East,Furniture,Furnishings
CA-779106,2023-10-24,2025-04-09,First Class,CUST-6501,Ralph West,Consumer,West,Furniture,Furnishings
CA-963856,2024-05-28,2025-05-08,Second Class,CUST-8166,John Dunlap,Corporate,East,Technology,Copiers
CA-444614,2024-07-16,2025-04-24,Second Class,CUST-5170,Jessica Lozano,Corporate,West,Technology,Machines
CA-569982,2024-03-07,2025-04-25,Standard Class,CUST-5259,Robert Tran,Home Office,South,Technology,Copiers
CA-900797,2024-08-04,2025-05-03,First Class,CUST-3718,Jose Sutton,Corporate,West,Technology,Phones
CA-741985,2023-10-21,2025-04-30,Standard Class,CUST-2665,Brittney Parker,Consumer,West,Furniture,Bookcases
CA-571260,2024-05-13,2025-04-27,First Class,CUST-8742,Jodi Gentry,Home Office,West,Technology,Computers
CA-368155,2024-10-27,2025-04-20,Same Day,CUST-2765,Mr. Daniel Gillespie,Consumer,East,Furniture,Bookcases
CA-989596,2025-03-28,2025-05-06,First Class,CUST-5864,Elizabeth Hays,Consumer,Central,Technology,Machines
CA-930703,2024-09-07,2025-04-09,Same Day,CUST-7496,Phillip Austin,Corporate,East,Office Supplies,Art
CA-112917,2023-12-06,2025-04-26,Second Class,CUST-4148,Michael Holmes,Consumer,West,Office Supplies,Binders
CA-684966,2024-04-22,2025-04-16,Same Day,CUST-4112,Hannah Smith,Home Office,South,Furniture,Tables
CA-419775,2023-09-03,2025-04-14,Standard Class,CUST-4381,Debbie Collins,Home Office,West,Office Supplies,Paper
CA-244012,2024-01-01,2025-04-18,Standard Class,CUST-6674,Marvin Harrison,Consumer,East,Furniture,Furnishings
CA-632085,2023-06-19,2025-04-09,First Class,CUST-5964,Kimberly Davis,Corporate,South,Office Supplies,Paper
CA-656113,2023-09-11,2025-04-29,Second Class,CUST-4678,Stacey Smith,Consumer,South,Office Supplies,Art
CA-122898,2024-08-17,2025-04-12,Standard Class,CUST-5337,Karla Williams,Corporate,Central,Office Supplies,Storage
CA-809025,2023-07-23,2025-04-24,Same Day,CUST-8673,Lauren Nguyen,Home Office,South,Office Supplies,Binders
CA-737332,2024-06-23,2025-04-19,Standard Class,CUST-9746,Juan Morrison,Consumer,South,Technology,Accessories
CA-609420,2023-05-05,2025-04-22,Standard Class,CUST-7146,Sarah Davis DVM,Home Office,Central,Furniture,Furnishings
CA-850138,2025-02-17,2025-04-24,Standard Class,CUST-8307,Vanessa Boone,Consumer,East,Technology,Machines
CA-964732,2023-06-01,2025-04-19,Second Class,CUST-9010,Sarah Brady,Corporate,West,Furniture,Furnishings
CA-575477,2023-08-31,2025-05-04,Standard Class,CUST-9487,Anthony Tyler,Corporate,Central,Technology,Phones
CA-791168,2024-07-09,2025-04-18,Second Class,CUST-9948,Heather Floyd,Corporate,Central,Technology,Machines
CA-211116,2025-02-24,2025-04-10,Standard Class,CUST-3412,Elizabeth Hernandez,Consumer,South,Furniture,Bookcases
CA-136761,2024-12-09,2025-04-21,Same Day,CUST-8731,Tanner Hill,Corporate,Central,Technology,Computers
CA-698542,2024-08-01,2025-04-20,Same Day,CUST-5669,Devin Jones,Home Office,Central,Office Supplies,Labels
CA-287189,2025-01-25,2025-04-14,Same Day,CUST-5471,Anthony Martinez,Corporate,South,Furniture,Bookcases
CA-420317,2023-10-22,2025-04-28,Standard Class,CUST-3448,Ricky Patel,Home Office,West,Technology,Phones
CA-791950,2025-03-18,2025-04-21,Same Day,CUST-1975,Xavier Kelly,Home Office,West,Technology,Accessories
CA-709099,2025-04-04,2025-04-13,Second Class,CUST-7357,Heather Thompson,Consumer,West,Technology,Phones
CA-641981,2024-09-04,2025-05-07,First Class,CUST-6057,Anna Riley,Consumer,West,Furniture,Furnishings
CA-868585,2024-03-24,2025-04-11,First Class,CUST-9876,Holly Clark,Home Office,East,Office Supplies,Storage
CA-523789,2024-12-24,2025-04-29,Second Class,CUST-3966,Greg Vazquez,Consumer,Central,Furniture,Tables
CA-814280,2023-07-27,2025-04-25,Same Day,CUST-9083,Katherine Duffy,Home Office,West,Technology,Accessories
CA-180251,2024-05-03,2025-05-05,First Class,CUST-7398,Mary Spears,Corporate,Central,Furniture,Furnishings
CA-958224,2024-02-24,2025-04-22,Second Class,CUST-7174,Michael Cox,Corporate,South,Furniture,Tables
CA-423699,2024-05-30,2025-04-17,First Class,CUST-2902,Belinda Scott,Corporate,South,Furniture,Tables
CA-916138,2023-06-22,2025-04-20,Standard Class,CUST-8544,Anthony Hill,Consumer,Central,Technology,Machines
CA-118557,2023-08-28,2025-04-18,First Class,CUST-4540,Grace Wood,Home Office,East,Furniture,Tables
CA-169366,2024-01-24,2025-05-08,Second Class,CUST-9630,Trevor Williams,Consumer,Central,Furniture,Tables
CA-416718,2024-10-23,2025-04-14,Second Class,CUST-4144,Julie Brady,Consumer,Central,Furniture,Bookcases
CA-223426,2024-05-23,2025-04-13,Standard Class,CUST-8865,Cassandra Beard,Corporate,West,Office Supplies,Storage
CA-292372,2024-05-31,2025-05-04,Second Class,CUST-8952,Melissa Stevenson,Consumer,West,Technology,Copiers
CA-885042,2024-07-17,2025-04-13,Same Day,CUST-1659,Krista Smith,Corporate,Central,Office Supplies,Labels
CA-264467,2024-01-17,2025-04-20,First Class,CUST-6437,April Snyder,Corporate,East,Technology,Copiers
CA-788877,2024-08-11,2025-05-06,First Class,CUST-8954,Madeline Smith,Home Office,Central,Office Supplies,Art
CA-220980,2025-03-04,2025-05-08,Second Class,CUST-1706,Eric Smith,Home Office,South,Office Supplies,Storage
CA-124201,2023-08-18,2025-05-02,First Class,CUST-3027,Mathew Higgins,Consumer,West,Office Supplies,Binders
CA-808970,2023-04-23,2025-05-03,Same Day,CUST-4374,Eric Aguirre,Corporate,South,Technology,Copiers
CA-177365,2024-06-14,2025-05-03,Standard Class,CUST-9430,Lucas Austin,Home Office,South,Furniture,Tables
CA-238789,2023-05-25,2025-04-21,First Class,CUST-8542,Nathan Ramirez,Home Office,South,Technology,Machines
CA-238428,2024-03-08,2025-04-15,First Class,CUST-6915,Samuel Taylor,Corporate,East,Furniture,Chairs
CA-792031,2023-11-27,2025-04-13,Standard Class,CUST-1960,Kristopher Perez,Home Office,South,Technology,Phones
CA-790166,2024-05-09,2025-04-10,Same Day,CUST-2400,Mary Sullivan DVM,Home Office,East,Office Supplies,Storage
CA-511060,2024-11-09,2025-04-18,First Class,CUST-3643,Michelle Crawford,Corporate,West,Office Supplies,Labels
CA-193512,2024-07-30,2025-04-19,Same Day,CUST-3075,Rhonda Scott,Consumer,West,Office Supplies,Paper
CA-392861,2024-10-05,2025-04-24,Standard Class,CUST-4608,April Turner,Consumer,Central,Furniture,Chairs
CA-459503,2024-10-27,2025-04-20,Same Day,CUST-1888,Katherine Jones,Home Office,South,Office Supplies,Art
CA-700759,2023-06-20,2025-05-03,First Class,CUST-8932,Michelle Smith,Home Office,South,Technology,Accessories
CA-123337,2024-03-08,2025-04-22,Second Class,CUST-6741,Michele Garcia,Home Office,South,Technology,Phones
CA-890078,2024-06-25,2025-05-02,Second Class,CUST-6883,Jared Hill,Consumer,Central,Office Supplies,Binders
CA-243419,2023-07-07,2025-04-11,Standard Class,CUST-5792,Jennifer Morgan,Corporate,West,Furniture,Chairs
CA-406423,2024-07-27,2025-04-28,Same Day,CUST-1965,Christopher Reid,Home Office,West,Furniture,Furnishings
CA-659760,2024-11-23,2025-04-24,First Class,CUST-6392,Dr. Allison Patton,Consumer,Central,Technology,Phones
CA-894826,2023-09-23,2025-05-01,Same Day,CUST-8593,Dawn Ferguson,Corporate,East,Furniture,Furnishings
CA-707698,2025-01-05,2025-04-30,Standard Class,CUST-9483,Pamela Farley,Home Office,South,Furniture,Bookcases
CA-331844,2023-10-24,2025-04-27,Second Class,CUST-3380,Dawn Wolfe,Corporate,Central,Furniture,Tables
CA-220631,2024-03-04,2025-04-25,Second Class,CUST-2475,Austin Johnson,Home Office,South,Technology,Copiers
CA-579101,2024-08-24,2025-04-17,Second Class,CUST-8790,Katherine Archer,Consumer,West,Furniture,Bookcases
CA-766852,2023-11-29,2025-04-21,First Class,CUST-9102,Anthony Mcclain,Corporate,Central,Office Supplies,Paper
CA-522016,2023-06-27,2025-04-15,First Class,CUST-9580,Richard Morgan,Corporate,Central,Technology,Computers
CA-894931,2023-05-22,2025-04-09,First Class,CUST-5881,Joseph Estrada,Consumer,West,Furniture,Chairs
CA-401866,2024-08-05,2025-05-05,Standard Class,CUST-1941,Isaiah Sellers,Consumer,West,Technology,Copiers
CA-251844,2023-11-26,2025-04-26,Standard Class,CUST-6790,Kathleen Cole,Corporate,East,Furniture,Tables
CA-968691,2024-03-31,2025-05-01,Same Day,CUST-2701,Jared Scott,Corporate,West,Technology,Phones
CA-848814,2023-10-28,2025-04-20,First Class,CUST-4372,Eric Wilson,Consumer,East,Office Supplies,Binders
CA-243264,2024-08-19,2025-05-08,Same Day,CUST-4972,Derrick Wallace,Home Office,East,Office Supplies,Binders
CA-642016,2024-12-18,2025-05-08,Second Class,CUST-4544,Victoria Young,Consumer,West,Furniture,Bookcases
CA-194672,2023-11-09,2025-04-21,Standard Class,CUST-3417,Nicole Lee,Consumer,East,Technology,Computers
CA-315218,2023-10-31,2025-05-08,Second Class,CUST-5357,Michael Rice,Home Office,Central,Office Supplies,Art
CA-499804,2023-10-21,2025-04-24,Second Class,CUST-1736,Kathleen Williams,Corporate,South,Furniture,Furnishings
CA-150171,2025-03-12,2025-04-26,Standard Class,CUST-6411,Jacob Baker,Consumer,West,Technology,Copiers
CA-635203,2023-09-26,2025-04-30,Second Class,CUST-5262,Jason White,Corporate,West,Furniture,Tables
CA-982369,2024-03-17,2025-04-25,Second Class,CUST-2465,Drew Ferrell,Corporate,West,Technology,Computers
CA-562873,2024-11-09,2025-04-18,Second Class,CUST-2744,Kaitlin Montgomery,Home Office,South,Furniture,Tables
CA-805113,2024-10-15,2025-04-19,Same Day,CUST-4093,Madison Pratt,Home Office,West,Office Supplies,Binders
CA-437775,2023-07-06,2025-04-18,Same Day,CUST-8597,Richard Davis,Corporate,East,Technology,Phones
CA-678562,2024-06-21,2025-04-29,Second Class,CUST-7588,Cameron Johnson,Corporate,South,Technology,Machines
CA-133474,2024-03-20,2025-05-05,Standard Class,CUST-3079,Angela Johnson,Corporate,West,Technology,Copiers
CA-449332,2023-12-30,2025-05-04,Second Class,CUST-4961,Andrew Brown,Consumer,Central,Office Supplies,Binders
CA-630881,2024-12-06,2025-04-30,Second Class,CUST-9848,James Whitehead,Consumer,Central,Furniture,Bookcases
CA-555825,2024-01-09,2025-04-28,Same Day,CUST-5285,Justin Young,Home Office,East,Furniture,Furnishings
CA-978415,2024-06-08,2025-04-24,First Class,CUST-6993,Mr. Gerald Hale,Corporate,Central,Office Supplies,Binders
CA-779407,2024-02-16,2025-04-14,Standard Class,CUST-1605,Jenna Melendez,Consumer,South,Furniture,Tables
CA-947602,2025-02-08,2025-04-18,First Class,CUST-3741,Robert Mcclain,Home Office,East,Furniture,Bookcases
CA-987457,2024-10-19,2025-05-08,First Class,CUST-8753,Donna Young,Corporate,Central,Technology,Copiers
CA-203034,2023-04-28,2025-04-28,Same Day,CUST-4886,Kimberly Cooper,Corporate,West,Technology,Copiers
CA-921527,2023-12-05,2025-04-10,Standard Class,CUST-2572,Charles Jones,Consumer,West,Technology,Accessories
CA-833567,2023-06-23,2025-04-29,Standard Class,CUST-4762,Victoria Sanchez,Home Office,West,Technology,Phones
CA-928365,2023-10-03,2025-04-30,Second Class,CUST-9297,Thomas Grimes,Consumer,West,Technology,Accessories
CA-253138,2023-08-02,2025-05-08,First Class,CUST-3597,Ernest Jones,Home Office,East,Furniture,Tables
CA-638752,2023-05-24,2025-04-11,Same Day,CUST-5815,Kevin Carrillo,Corporate,East,Office Supplies,Storage
CA-881360,2024-06-10,2025-04-19,Same Day,CUST-4947,Daniel Cox,Consumer,South,Furniture,Tables
CA-775307,2023-04-12,2025-04-22,Same Day,CUST-5382,Richard Snyder,Corporate,South,Furniture,Chairs
CA-854904,2023-10-21,2025-04-28,First Class,CUST-1384,Robert Shaw,Consumer,East,Technology,Computers
CA-409355,2023-08-29,2025-04-10,First Class,CUST-6641,Jennifer Jones,Consumer,South,Furniture,Furnishings
CA-100145,2025-01-08,2025-04-20,First Class,CUST-4824,Joseph Davis,Home Office,South,Office Supplies,Labels
CA-349318,2024-12-25,2025-04-18,First Class,CUST-1712,Mark Lynch,Consumer,Central,Technology,Copiers
CA-376738,2023-07-23,2025-05-01,Same Day,CUST-3861,Jessica Brown,Home Office,South,Office Supplies,Paper
CA-669218,2024-06-29,2025-04-26,Second Class,CUST-9621,Veronica Schwartz,Home Office,West,Office Supplies,Paper
CA-322788,2024-12-05,2025-04-21,Standard Class,CUST-2272,Alicia Rojas,Home Office,Central,Technology,Copiers
CA-900960,2025-02-04,2025-05-05,Second Class,CUST-6952,Trevor Mills,Home Office,West,Technology,Accessories
CA-544225,2023-06-20,2025-05-03,First Class,CUST-1952,April Wright,Consumer,Central,Technology,Machines
CA-816921,2024-02-13,2025-04-26,First Class,CUST-7802,John Avila,Home Office,South,Furniture,Chairs
CA-743555,2023-11-11,2025-04-26,Second Class,CUST-3878,Mary Ramirez,Consumer,West,Technology,Copiers
CA-450931,2024-12-23,2025-04-25,Second Class,CUST-5025,Lisa Moore,Corporate,South,Technology,Accessories
CA-780853,2025-03-04,2025-04-13,Second Class,CUST-8307,Adam Scott,Home Office,West,Office Supplies,Art
CA-489090,2023-06-20,2025-04-28,Same Day,CUST-1311,Kathryn Miller,Home Office,South,Furniture,Chairs
CA-203624,2024-03-11,2025-04-23,Standard Class,CUST-6014,Tiffany Moreno,Corporate,East,Technology,Accessories
CA-562734,2024-11-04,2025-04-20,Same Day,CUST-1274,Yolanda Conner,Corporate,West,Furniture,Chairs
CA-852804,2024-03-22,2025-04-24,First Class,CUST-6238,Michael Giles,Home Office,East,Furniture,Chairs
